ISO-10303-21;
HEADER;
/* Generated by software containing ST-Developer
 * from STEP Tools, Inc. (www.steptools.com) 
 */
/* OPTION: using custom renumber hook */

FILE_DESCRIPTION(
/* description */ ('STEP AP242 Edition 2',
'CAx-IF Rec.Pracs.---Representation and Presentation of Product Manufa
cturing Information (PMI)---4.0---2014-10-13',
'CAx-IF Rec.Pracs.---3D Tessellated Geometry---0.4---2014-09-14','2;1',
'CAx-IF Rec.Pracs.---User Defined Attributes---1.5---2016-08-15'),
/* implementation_level */ '2;1');

FILE_NAME(
/* name */ 'Back Wall - Part 2',
/* time_stamp */ '2026-08-29T04:28:25Z',
/* author */ (''),
/* organization */ (''),
/* preprocessor_version */ 'ST-DEVELOPER v20',
/* originating_system */ 'ONSHAPE BY PTC INC, 1.220',
/* authorisation */ '  ');

FILE_SCHEMA (('AP242_MANAGED_MODEL_BASED_3D_ENGINEERING_MIM_LF { 1 0 10303 442 3 1 4 }'));
ENDSEC;

DATA;
#10=SHAPE_REPRESENTATION_RELATIONSHIP('','',#1685,#11);
#11=ADVANCED_BREP_SHAPE_REPRESENTATION('',(#1683),#2687);
#12=CYLINDRICAL_SURFACE('',#1699,0.0321379609585067);
#13=CYLINDRICAL_SURFACE('',#1747,0.00724270124919713);
#14=CYLINDRICAL_SURFACE('',#1753,0.0862612822276955);
#15=CYLINDRICAL_SURFACE('',#1759,0.0784815207591392);
#16=CYLINDRICAL_SURFACE('',#1766,0.0160538676003072);
#17=CYLINDRICAL_SURFACE('',#1770,0.058860429651641);
#18=CYLINDRICAL_SURFACE('',#1777,0.0301838105654135);
#19=CYLINDRICAL_SURFACE('',#1783,0.0137861319771651);
#20=CYLINDRICAL_SURFACE('',#1789,0.0155010584677193);
#21=CIRCLE('',#1688,0.0155010584677193);
#22=CIRCLE('',#1689,0.0784815207591392);
#23=CIRCLE('',#1690,0.0321379609585067);
#24=CIRCLE('',#1691,0.0862612822276955);
#25=CIRCLE('',#1692,0.0160538676003072);
#26=CIRCLE('',#1693,0.058860429651641);
#27=CIRCLE('',#1694,0.0301838105654135);
#28=CIRCLE('',#1695,0.0137861319771651);
#29=CIRCLE('',#1697,0.00724270124919713);
#30=CIRCLE('',#1700,0.0321379609585067);
#31=CIRCLE('',#1748,0.00724270124919713);
#32=CIRCLE('',#1754,0.0862612822276955);
#33=CIRCLE('',#1760,0.0784815207591392);
#34=CIRCLE('',#1767,0.0160538676003072);
#35=CIRCLE('',#1771,0.058860429651641);
#36=CIRCLE('',#1778,0.0301838105654135);
#37=CIRCLE('',#1784,0.0137861319771651);
#38=CIRCLE('',#1790,0.0155010584677193);
#39=ORIENTED_EDGE('',*,*,#499,.F.);
#40=ORIENTED_EDGE('',*,*,#500,.T.);
#41=ORIENTED_EDGE('',*,*,#501,.F.);
#42=ORIENTED_EDGE('',*,*,#502,.F.);
#43=ORIENTED_EDGE('',*,*,#503,.F.);
#44=ORIENTED_EDGE('',*,*,#504,.T.);
#45=ORIENTED_EDGE('',*,*,#505,.T.);
#46=ORIENTED_EDGE('',*,*,#506,.F.);
#47=ORIENTED_EDGE('',*,*,#507,.F.);
#48=ORIENTED_EDGE('',*,*,#508,.F.);
#49=ORIENTED_EDGE('',*,*,#509,.T.);
#50=ORIENTED_EDGE('',*,*,#510,.F.);
#51=ORIENTED_EDGE('',*,*,#511,.F.);
#52=ORIENTED_EDGE('',*,*,#512,.F.);
#53=ORIENTED_EDGE('',*,*,#513,.T.);
#54=ORIENTED_EDGE('',*,*,#514,.T.);
#55=ORIENTED_EDGE('',*,*,#515,.T.);
#56=ORIENTED_EDGE('',*,*,#516,.F.);
#57=ORIENTED_EDGE('',*,*,#517,.F.);
#58=ORIENTED_EDGE('',*,*,#518,.T.);
#59=ORIENTED_EDGE('',*,*,#519,.T.);
#60=ORIENTED_EDGE('',*,*,#520,.T.);
#61=ORIENTED_EDGE('',*,*,#521,.T.);
#62=ORIENTED_EDGE('',*,*,#522,.T.);
#63=ORIENTED_EDGE('',*,*,#523,.T.);
#64=ORIENTED_EDGE('',*,*,#524,.F.);
#65=ORIENTED_EDGE('',*,*,#525,.T.);
#66=ORIENTED_EDGE('',*,*,#526,.T.);
#67=ORIENTED_EDGE('',*,*,#527,.T.);
#68=ORIENTED_EDGE('',*,*,#528,.F.);
#69=ORIENTED_EDGE('',*,*,#529,.T.);
#70=ORIENTED_EDGE('',*,*,#530,.T.);
#71=ORIENTED_EDGE('',*,*,#531,.F.);
#72=ORIENTED_EDGE('',*,*,#532,.F.);
#73=ORIENTED_EDGE('',*,*,#533,.F.);
#74=ORIENTED_EDGE('',*,*,#534,.F.);
#75=ORIENTED_EDGE('',*,*,#535,.F.);
#76=ORIENTED_EDGE('',*,*,#536,.T.);
#77=ORIENTED_EDGE('',*,*,#537,.F.);
#78=ORIENTED_EDGE('',*,*,#538,.F.);
#79=ORIENTED_EDGE('',*,*,#539,.T.);
#80=ORIENTED_EDGE('',*,*,#540,.T.);
#81=ORIENTED_EDGE('',*,*,#541,.T.);
#82=ORIENTED_EDGE('',*,*,#542,.T.);
#83=ORIENTED_EDGE('',*,*,#543,.T.);
#84=ORIENTED_EDGE('',*,*,#544,.T.);
#85=ORIENTED_EDGE('',*,*,#545,.T.);
#86=ORIENTED_EDGE('',*,*,#546,.T.);
#87=ORIENTED_EDGE('',*,*,#547,.T.);
#88=ORIENTED_EDGE('',*,*,#548,.T.);
#89=ORIENTED_EDGE('',*,*,#549,.T.);
#90=ORIENTED_EDGE('',*,*,#550,.T.);
#91=ORIENTED_EDGE('',*,*,#551,.T.);
#92=ORIENTED_EDGE('',*,*,#552,.T.);
#93=ORIENTED_EDGE('',*,*,#553,.F.);
#94=ORIENTED_EDGE('',*,*,#554,.T.);
#95=ORIENTED_EDGE('',*,*,#555,.F.);
#96=ORIENTED_EDGE('',*,*,#556,.F.);
#97=ORIENTED_EDGE('',*,*,#557,.T.);
#98=ORIENTED_EDGE('',*,*,#558,.T.);
#99=ORIENTED_EDGE('',*,*,#559,.T.);
#100=ORIENTED_EDGE('',*,*,#560,.F.);
#101=ORIENTED_EDGE('',*,*,#561,.F.);
#102=ORIENTED_EDGE('',*,*,#562,.F.);
#103=ORIENTED_EDGE('',*,*,#563,.T.);
#104=ORIENTED_EDGE('',*,*,#564,.F.);
#105=ORIENTED_EDGE('',*,*,#565,.F.);
#106=ORIENTED_EDGE('',*,*,#566,.T.);
#107=ORIENTED_EDGE('',*,*,#567,.T.);
#108=ORIENTED_EDGE('',*,*,#568,.T.);
#109=ORIENTED_EDGE('',*,*,#569,.F.);
#110=ORIENTED_EDGE('',*,*,#570,.T.);
#111=ORIENTED_EDGE('',*,*,#571,.F.);
#112=ORIENTED_EDGE('',*,*,#572,.F.);
#113=ORIENTED_EDGE('',*,*,#573,.F.);
#114=ORIENTED_EDGE('',*,*,#574,.T.);
#115=ORIENTED_EDGE('',*,*,#575,.T.);
#116=ORIENTED_EDGE('',*,*,#508,.T.);
#117=ORIENTED_EDGE('',*,*,#576,.F.);
#118=ORIENTED_EDGE('',*,*,#577,.T.);
#119=ORIENTED_EDGE('',*,*,#578,.T.);
#120=ORIENTED_EDGE('',*,*,#579,.F.);
#121=ORIENTED_EDGE('',*,*,#580,.F.);
#122=ORIENTED_EDGE('',*,*,#510,.T.);
#123=ORIENTED_EDGE('',*,*,#581,.T.);
#124=ORIENTED_EDGE('',*,*,#579,.T.);
#125=ORIENTED_EDGE('',*,*,#582,.T.);
#126=ORIENTED_EDGE('',*,*,#572,.T.);
#127=ORIENTED_EDGE('',*,*,#583,.T.);
#128=ORIENTED_EDGE('',*,*,#584,.F.);
#129=ORIENTED_EDGE('',*,*,#585,.F.);
#130=ORIENTED_EDGE('',*,*,#586,.T.);
#131=ORIENTED_EDGE('',*,*,#587,.T.);
#132=ORIENTED_EDGE('',*,*,#588,.F.);
#133=ORIENTED_EDGE('',*,*,#589,.F.);
#134=ORIENTED_EDGE('',*,*,#590,.T.);
#135=ORIENTED_EDGE('',*,*,#591,.T.);
#136=ORIENTED_EDGE('',*,*,#592,.F.);
#137=ORIENTED_EDGE('',*,*,#593,.F.);
#138=ORIENTED_EDGE('',*,*,#594,.T.);
#139=ORIENTED_EDGE('',*,*,#595,.F.);
#140=ORIENTED_EDGE('',*,*,#596,.F.);
#141=ORIENTED_EDGE('',*,*,#597,.T.);
#142=ORIENTED_EDGE('',*,*,#509,.F.);
#143=ORIENTED_EDGE('',*,*,#575,.F.);
#144=ORIENTED_EDGE('',*,*,#598,.T.);
#145=ORIENTED_EDGE('',*,*,#599,.T.);
#146=ORIENTED_EDGE('',*,*,#600,.F.);
#147=ORIENTED_EDGE('',*,*,#601,.T.);
#148=ORIENTED_EDGE('',*,*,#570,.F.);
#149=ORIENTED_EDGE('',*,*,#602,.T.);
#150=ORIENTED_EDGE('',*,*,#586,.F.);
#151=ORIENTED_EDGE('',*,*,#603,.F.);
#152=ORIENTED_EDGE('',*,*,#566,.F.);
#153=ORIENTED_EDGE('',*,*,#576,.T.);
#154=ORIENTED_EDGE('',*,*,#511,.T.);
#155=ORIENTED_EDGE('',*,*,#564,.T.);
#156=ORIENTED_EDGE('',*,*,#604,.T.);
#157=ORIENTED_EDGE('',*,*,#595,.T.);
#158=ORIENTED_EDGE('',*,*,#605,.F.);
#159=ORIENTED_EDGE('',*,*,#560,.T.);
#160=ORIENTED_EDGE('',*,*,#606,.F.);
#161=ORIENTED_EDGE('',*,*,#607,.F.);
#162=ORIENTED_EDGE('',*,*,#537,.T.);
#163=ORIENTED_EDGE('',*,*,#608,.T.);
#164=ORIENTED_EDGE('',*,*,#591,.F.);
#165=ORIENTED_EDGE('',*,*,#609,.F.);
#166=ORIENTED_EDGE('',*,*,#569,.T.);
#167=ORIENTED_EDGE('',*,*,#610,.T.);
#168=ORIENTED_EDGE('',*,*,#587,.F.);
#169=ORIENTED_EDGE('',*,*,#602,.F.);
#170=ORIENTED_EDGE('',*,*,#611,.F.);
#171=ORIENTED_EDGE('',*,*,#561,.T.);
#172=ORIENTED_EDGE('',*,*,#605,.T.);
#173=ORIENTED_EDGE('',*,*,#594,.F.);
#174=ORIENTED_EDGE('',*,*,#612,.F.);
#175=ORIENTED_EDGE('',*,*,#599,.F.);
#176=ORIENTED_EDGE('',*,*,#613,.F.);
#177=ORIENTED_EDGE('',*,*,#614,.T.);
#178=ORIENTED_EDGE('',*,*,#584,.T.);
#179=ORIENTED_EDGE('',*,*,#615,.F.);
#180=ORIENTED_EDGE('',*,*,#616,.F.);
#181=ORIENTED_EDGE('',*,*,#606,.T.);
#182=ORIENTED_EDGE('',*,*,#559,.F.);
#183=ORIENTED_EDGE('',*,*,#617,.F.);
#184=ORIENTED_EDGE('',*,*,#618,.F.);
#185=ORIENTED_EDGE('',*,*,#619,.T.);
#186=ORIENTED_EDGE('',*,*,#554,.F.);
#187=ORIENTED_EDGE('',*,*,#620,.F.);
#188=ORIENTED_EDGE('',*,*,#621,.F.);
#189=ORIENTED_EDGE('',*,*,#622,.T.);
#190=ORIENTED_EDGE('',*,*,#552,.F.);
#191=ORIENTED_EDGE('',*,*,#623,.F.);
#192=ORIENTED_EDGE('',*,*,#590,.F.);
#193=ORIENTED_EDGE('',*,*,#624,.F.);
#194=ORIENTED_EDGE('',*,*,#538,.T.);
#195=ORIENTED_EDGE('',*,*,#609,.T.);
#196=ORIENTED_EDGE('',*,*,#593,.T.);
#197=ORIENTED_EDGE('',*,*,#625,.F.);
#198=ORIENTED_EDGE('',*,*,#539,.F.);
#199=ORIENTED_EDGE('',*,*,#624,.T.);
#200=ORIENTED_EDGE('',*,*,#592,.T.);
#201=ORIENTED_EDGE('',*,*,#608,.F.);
#202=ORIENTED_EDGE('',*,*,#536,.F.);
#203=ORIENTED_EDGE('',*,*,#625,.T.);
#204=ORIENTED_EDGE('',*,*,#597,.F.);
#205=ORIENTED_EDGE('',*,*,#626,.F.);
#206=ORIENTED_EDGE('',*,*,#562,.T.);
#207=ORIENTED_EDGE('',*,*,#611,.T.);
#208=ORIENTED_EDGE('',*,*,#596,.T.);
#209=ORIENTED_EDGE('',*,*,#604,.F.);
#210=ORIENTED_EDGE('',*,*,#563,.F.);
#211=ORIENTED_EDGE('',*,*,#626,.T.);
#212=ORIENTED_EDGE('',*,*,#582,.F.);
#213=ORIENTED_EDGE('',*,*,#581,.F.);
#214=ORIENTED_EDGE('',*,*,#565,.T.);
#215=ORIENTED_EDGE('',*,*,#580,.T.);
#216=ORIENTED_EDGE('',*,*,#589,.T.);
#217=ORIENTED_EDGE('',*,*,#627,.F.);
#218=ORIENTED_EDGE('',*,*,#567,.F.);
#219=ORIENTED_EDGE('',*,*,#603,.T.);
#220=ORIENTED_EDGE('',*,*,#588,.T.);
#221=ORIENTED_EDGE('',*,*,#610,.F.);
#222=ORIENTED_EDGE('',*,*,#568,.F.);
#223=ORIENTED_EDGE('',*,*,#627,.T.);
#224=ORIENTED_EDGE('',*,*,#583,.F.);
#225=ORIENTED_EDGE('',*,*,#578,.F.);
#226=ORIENTED_EDGE('',*,*,#628,.T.);
#227=ORIENTED_EDGE('',*,*,#615,.T.);
#228=ORIENTED_EDGE('',*,*,#577,.F.);
#229=ORIENTED_EDGE('',*,*,#607,.T.);
#230=ORIENTED_EDGE('',*,*,#616,.T.);
#231=ORIENTED_EDGE('',*,*,#628,.F.);
#232=ORIENTED_EDGE('',*,*,#585,.T.);
#233=ORIENTED_EDGE('',*,*,#614,.F.);
#234=ORIENTED_EDGE('',*,*,#629,.F.);
#235=ORIENTED_EDGE('',*,*,#573,.T.);
#236=ORIENTED_EDGE('',*,*,#574,.F.);
#237=ORIENTED_EDGE('',*,*,#629,.T.);
#238=ORIENTED_EDGE('',*,*,#613,.T.);
#239=ORIENTED_EDGE('',*,*,#598,.F.);
#240=ORIENTED_EDGE('',*,*,#556,.T.);
#241=ORIENTED_EDGE('',*,*,#630,.F.);
#242=ORIENTED_EDGE('',*,*,#631,.F.);
#243=ORIENTED_EDGE('',*,*,#632,.T.);
#244=ORIENTED_EDGE('',*,*,#555,.T.);
#245=ORIENTED_EDGE('',*,*,#619,.F.);
#246=ORIENTED_EDGE('',*,*,#633,.F.);
#247=ORIENTED_EDGE('',*,*,#630,.T.);
#248=ORIENTED_EDGE('',*,*,#558,.F.);
#249=ORIENTED_EDGE('',*,*,#634,.F.);
#250=ORIENTED_EDGE('',*,*,#635,.T.);
#251=ORIENTED_EDGE('',*,*,#617,.T.);
#252=ORIENTED_EDGE('',*,*,#557,.F.);
#253=ORIENTED_EDGE('',*,*,#632,.F.);
#254=ORIENTED_EDGE('',*,*,#636,.T.);
#255=ORIENTED_EDGE('',*,*,#634,.T.);
#256=ORIENTED_EDGE('',*,*,#631,.T.);
#257=ORIENTED_EDGE('',*,*,#633,.T.);
#258=ORIENTED_EDGE('',*,*,#618,.T.);
#259=ORIENTED_EDGE('',*,*,#635,.F.);
#260=ORIENTED_EDGE('',*,*,#636,.F.);
#261=ORIENTED_EDGE('',*,*,#531,.T.);
#262=ORIENTED_EDGE('',*,*,#637,.F.);
#263=ORIENTED_EDGE('',*,*,#638,.F.);
#264=ORIENTED_EDGE('',*,*,#639,.T.);
#265=ORIENTED_EDGE('',*,*,#535,.T.);
#266=ORIENTED_EDGE('',*,*,#640,.F.);
#267=ORIENTED_EDGE('',*,*,#641,.F.);
#268=ORIENTED_EDGE('',*,*,#637,.T.);
#269=ORIENTED_EDGE('',*,*,#534,.T.);
#270=ORIENTED_EDGE('',*,*,#642,.F.);
#271=ORIENTED_EDGE('',*,*,#643,.F.);
#272=ORIENTED_EDGE('',*,*,#640,.T.);
#273=ORIENTED_EDGE('',*,*,#533,.T.);
#274=ORIENTED_EDGE('',*,*,#644,.F.);
#275=ORIENTED_EDGE('',*,*,#645,.F.);
#276=ORIENTED_EDGE('',*,*,#642,.T.);
#277=ORIENTED_EDGE('',*,*,#532,.T.);
#278=ORIENTED_EDGE('',*,*,#639,.F.);
#279=ORIENTED_EDGE('',*,*,#646,.F.);
#280=ORIENTED_EDGE('',*,*,#644,.T.);
#281=ORIENTED_EDGE('',*,*,#638,.T.);
#282=ORIENTED_EDGE('',*,*,#641,.T.);
#283=ORIENTED_EDGE('',*,*,#643,.T.);
#284=ORIENTED_EDGE('',*,*,#645,.T.);
#285=ORIENTED_EDGE('',*,*,#646,.T.);
#286=ORIENTED_EDGE('',*,*,#541,.F.);
#287=ORIENTED_EDGE('',*,*,#647,.F.);
#288=ORIENTED_EDGE('',*,*,#648,.T.);
#289=ORIENTED_EDGE('',*,*,#649,.T.);
#290=ORIENTED_EDGE('',*,*,#540,.F.);
#291=ORIENTED_EDGE('',*,*,#650,.F.);
#292=ORIENTED_EDGE('',*,*,#651,.T.);
#293=ORIENTED_EDGE('',*,*,#647,.T.);
#294=ORIENTED_EDGE('',*,*,#544,.F.);
#295=ORIENTED_EDGE('',*,*,#652,.F.);
#296=ORIENTED_EDGE('',*,*,#653,.T.);
#297=ORIENTED_EDGE('',*,*,#650,.T.);
#298=ORIENTED_EDGE('',*,*,#543,.F.);
#299=ORIENTED_EDGE('',*,*,#654,.F.);
#300=ORIENTED_EDGE('',*,*,#655,.T.);
#301=ORIENTED_EDGE('',*,*,#652,.T.);
#302=ORIENTED_EDGE('',*,*,#542,.F.);
#303=ORIENTED_EDGE('',*,*,#649,.F.);
#304=ORIENTED_EDGE('',*,*,#656,.T.);
#305=ORIENTED_EDGE('',*,*,#654,.T.);
#306=ORIENTED_EDGE('',*,*,#648,.F.);
#307=ORIENTED_EDGE('',*,*,#651,.F.);
#308=ORIENTED_EDGE('',*,*,#653,.F.);
#309=ORIENTED_EDGE('',*,*,#655,.F.);
#310=ORIENTED_EDGE('',*,*,#656,.F.);
#311=ORIENTED_EDGE('',*,*,#551,.F.);
#312=ORIENTED_EDGE('',*,*,#657,.F.);
#313=ORIENTED_EDGE('',*,*,#658,.T.);
#314=ORIENTED_EDGE('',*,*,#623,.T.);
#315=ORIENTED_EDGE('',*,*,#550,.F.);
#316=ORIENTED_EDGE('',*,*,#659,.F.);
#317=ORIENTED_EDGE('',*,*,#660,.T.);
#318=ORIENTED_EDGE('',*,*,#657,.T.);
#319=ORIENTED_EDGE('',*,*,#571,.T.);
#320=ORIENTED_EDGE('',*,*,#601,.F.);
#321=ORIENTED_EDGE('',*,*,#661,.F.);
#322=ORIENTED_EDGE('',*,*,#659,.T.);
#323=ORIENTED_EDGE('',*,*,#658,.F.);
#324=ORIENTED_EDGE('',*,*,#660,.F.);
#325=ORIENTED_EDGE('',*,*,#661,.T.);
#326=ORIENTED_EDGE('',*,*,#600,.T.);
#327=ORIENTED_EDGE('',*,*,#612,.T.);
#328=ORIENTED_EDGE('',*,*,#546,.F.);
#329=ORIENTED_EDGE('',*,*,#662,.F.);
#330=ORIENTED_EDGE('',*,*,#663,.T.);
#331=ORIENTED_EDGE('',*,*,#664,.T.);
#332=ORIENTED_EDGE('',*,*,#545,.F.);
#333=ORIENTED_EDGE('',*,*,#665,.F.);
#334=ORIENTED_EDGE('',*,*,#666,.T.);
#335=ORIENTED_EDGE('',*,*,#662,.T.);
#336=ORIENTED_EDGE('',*,*,#549,.F.);
#337=ORIENTED_EDGE('',*,*,#667,.F.);
#338=ORIENTED_EDGE('',*,*,#668,.T.);
#339=ORIENTED_EDGE('',*,*,#665,.T.);
#340=ORIENTED_EDGE('',*,*,#548,.F.);
#341=ORIENTED_EDGE('',*,*,#669,.F.);
#342=ORIENTED_EDGE('',*,*,#670,.T.);
#343=ORIENTED_EDGE('',*,*,#667,.T.);
#344=ORIENTED_EDGE('',*,*,#547,.F.);
#345=ORIENTED_EDGE('',*,*,#664,.F.);
#346=ORIENTED_EDGE('',*,*,#671,.T.);
#347=ORIENTED_EDGE('',*,*,#669,.T.);
#348=ORIENTED_EDGE('',*,*,#663,.F.);
#349=ORIENTED_EDGE('',*,*,#666,.F.);
#350=ORIENTED_EDGE('',*,*,#668,.F.);
#351=ORIENTED_EDGE('',*,*,#670,.F.);
#352=ORIENTED_EDGE('',*,*,#671,.F.);
#353=ORIENTED_EDGE('',*,*,#553,.T.);
#354=ORIENTED_EDGE('',*,*,#622,.F.);
#355=ORIENTED_EDGE('',*,*,#672,.F.);
#356=ORIENTED_EDGE('',*,*,#620,.T.);
#357=ORIENTED_EDGE('',*,*,#621,.T.);
#358=ORIENTED_EDGE('',*,*,#672,.T.);
#359=ORIENTED_EDGE('',*,*,#513,.F.);
#360=ORIENTED_EDGE('',*,*,#673,.F.);
#361=ORIENTED_EDGE('',*,*,#674,.T.);
#362=ORIENTED_EDGE('',*,*,#675,.T.);
#363=ORIENTED_EDGE('',*,*,#512,.T.);
#364=ORIENTED_EDGE('',*,*,#676,.F.);
#365=ORIENTED_EDGE('',*,*,#677,.F.);
#366=ORIENTED_EDGE('',*,*,#673,.T.);
#367=ORIENTED_EDGE('',*,*,#516,.T.);
#368=ORIENTED_EDGE('',*,*,#678,.F.);
#369=ORIENTED_EDGE('',*,*,#679,.F.);
#370=ORIENTED_EDGE('',*,*,#676,.T.);
#371=ORIENTED_EDGE('',*,*,#515,.F.);
#372=ORIENTED_EDGE('',*,*,#680,.F.);
#373=ORIENTED_EDGE('',*,*,#681,.T.);
#374=ORIENTED_EDGE('',*,*,#678,.T.);
#375=ORIENTED_EDGE('',*,*,#514,.F.);
#376=ORIENTED_EDGE('',*,*,#675,.F.);
#377=ORIENTED_EDGE('',*,*,#682,.T.);
#378=ORIENTED_EDGE('',*,*,#680,.T.);
#379=ORIENTED_EDGE('',*,*,#674,.F.);
#380=ORIENTED_EDGE('',*,*,#677,.T.);
#381=ORIENTED_EDGE('',*,*,#679,.T.);
#382=ORIENTED_EDGE('',*,*,#681,.F.);
#383=ORIENTED_EDGE('',*,*,#682,.F.);
#384=ORIENTED_EDGE('',*,*,#503,.T.);
#385=ORIENTED_EDGE('',*,*,#683,.F.);
#386=ORIENTED_EDGE('',*,*,#684,.F.);
#387=ORIENTED_EDGE('',*,*,#685,.T.);
#388=ORIENTED_EDGE('',*,*,#507,.T.);
#389=ORIENTED_EDGE('',*,*,#686,.F.);
#390=ORIENTED_EDGE('',*,*,#687,.F.);
#391=ORIENTED_EDGE('',*,*,#683,.T.);
#392=ORIENTED_EDGE('',*,*,#506,.T.);
#393=ORIENTED_EDGE('',*,*,#688,.F.);
#394=ORIENTED_EDGE('',*,*,#689,.F.);
#395=ORIENTED_EDGE('',*,*,#686,.T.);
#396=ORIENTED_EDGE('',*,*,#505,.F.);
#397=ORIENTED_EDGE('',*,*,#690,.F.);
#398=ORIENTED_EDGE('',*,*,#691,.T.);
#399=ORIENTED_EDGE('',*,*,#688,.T.);
#400=ORIENTED_EDGE('',*,*,#504,.F.);
#401=ORIENTED_EDGE('',*,*,#685,.F.);
#402=ORIENTED_EDGE('',*,*,#692,.T.);
#403=ORIENTED_EDGE('',*,*,#690,.T.);
#404=ORIENTED_EDGE('',*,*,#684,.T.);
#405=ORIENTED_EDGE('',*,*,#687,.T.);
#406=ORIENTED_EDGE('',*,*,#689,.T.);
#407=ORIENTED_EDGE('',*,*,#691,.F.);
#408=ORIENTED_EDGE('',*,*,#692,.F.);
#409=ORIENTED_EDGE('',*,*,#518,.F.);
#410=ORIENTED_EDGE('',*,*,#693,.F.);
#411=ORIENTED_EDGE('',*,*,#694,.T.);
#412=ORIENTED_EDGE('',*,*,#695,.T.);
#413=ORIENTED_EDGE('',*,*,#517,.T.);
#414=ORIENTED_EDGE('',*,*,#696,.F.);
#415=ORIENTED_EDGE('',*,*,#697,.F.);
#416=ORIENTED_EDGE('',*,*,#693,.T.);
#417=ORIENTED_EDGE('',*,*,#519,.F.);
#418=ORIENTED_EDGE('',*,*,#695,.F.);
#419=ORIENTED_EDGE('',*,*,#698,.T.);
#420=ORIENTED_EDGE('',*,*,#696,.T.);
#421=ORIENTED_EDGE('',*,*,#694,.F.);
#422=ORIENTED_EDGE('',*,*,#697,.T.);
#423=ORIENTED_EDGE('',*,*,#698,.F.);
#424=ORIENTED_EDGE('',*,*,#521,.F.);
#425=ORIENTED_EDGE('',*,*,#699,.F.);
#426=ORIENTED_EDGE('',*,*,#700,.T.);
#427=ORIENTED_EDGE('',*,*,#701,.T.);
#428=ORIENTED_EDGE('',*,*,#520,.F.);
#429=ORIENTED_EDGE('',*,*,#702,.F.);
#430=ORIENTED_EDGE('',*,*,#703,.T.);
#431=ORIENTED_EDGE('',*,*,#699,.T.);
#432=ORIENTED_EDGE('',*,*,#523,.F.);
#433=ORIENTED_EDGE('',*,*,#704,.F.);
#434=ORIENTED_EDGE('',*,*,#705,.T.);
#435=ORIENTED_EDGE('',*,*,#702,.T.);
#436=ORIENTED_EDGE('',*,*,#522,.F.);
#437=ORIENTED_EDGE('',*,*,#701,.F.);
#438=ORIENTED_EDGE('',*,*,#706,.T.);
#439=ORIENTED_EDGE('',*,*,#704,.T.);
#440=ORIENTED_EDGE('',*,*,#700,.F.);
#441=ORIENTED_EDGE('',*,*,#703,.F.);
#442=ORIENTED_EDGE('',*,*,#705,.F.);
#443=ORIENTED_EDGE('',*,*,#706,.F.);
#444=ORIENTED_EDGE('',*,*,#525,.F.);
#445=ORIENTED_EDGE('',*,*,#707,.F.);
#446=ORIENTED_EDGE('',*,*,#708,.T.);
#447=ORIENTED_EDGE('',*,*,#709,.T.);
#448=ORIENTED_EDGE('',*,*,#524,.T.);
#449=ORIENTED_EDGE('',*,*,#710,.F.);
#450=ORIENTED_EDGE('',*,*,#711,.F.);
#451=ORIENTED_EDGE('',*,*,#707,.T.);
#452=ORIENTED_EDGE('',*,*,#527,.F.);
#453=ORIENTED_EDGE('',*,*,#712,.F.);
#454=ORIENTED_EDGE('',*,*,#713,.T.);
#455=ORIENTED_EDGE('',*,*,#710,.T.);
#456=ORIENTED_EDGE('',*,*,#526,.F.);
#457=ORIENTED_EDGE('',*,*,#709,.F.);
#458=ORIENTED_EDGE('',*,*,#714,.T.);
#459=ORIENTED_EDGE('',*,*,#712,.T.);
#460=ORIENTED_EDGE('',*,*,#708,.F.);
#461=ORIENTED_EDGE('',*,*,#711,.T.);
#462=ORIENTED_EDGE('',*,*,#713,.F.);
#463=ORIENTED_EDGE('',*,*,#714,.F.);
#464=ORIENTED_EDGE('',*,*,#529,.F.);
#465=ORIENTED_EDGE('',*,*,#715,.F.);
#466=ORIENTED_EDGE('',*,*,#716,.T.);
#467=ORIENTED_EDGE('',*,*,#717,.T.);
#468=ORIENTED_EDGE('',*,*,#528,.T.);
#469=ORIENTED_EDGE('',*,*,#718,.F.);
#470=ORIENTED_EDGE('',*,*,#719,.F.);
#471=ORIENTED_EDGE('',*,*,#715,.T.);
#472=ORIENTED_EDGE('',*,*,#530,.F.);
#473=ORIENTED_EDGE('',*,*,#717,.F.);
#474=ORIENTED_EDGE('',*,*,#720,.T.);
#475=ORIENTED_EDGE('',*,*,#718,.T.);
#476=ORIENTED_EDGE('',*,*,#716,.F.);
#477=ORIENTED_EDGE('',*,*,#719,.T.);
#478=ORIENTED_EDGE('',*,*,#720,.F.);
#479=ORIENTED_EDGE('',*,*,#499,.T.);
#480=ORIENTED_EDGE('',*,*,#721,.F.);
#481=ORIENTED_EDGE('',*,*,#722,.F.);
#482=ORIENTED_EDGE('',*,*,#723,.T.);
#483=ORIENTED_EDGE('',*,*,#502,.T.);
#484=ORIENTED_EDGE('',*,*,#724,.F.);
#485=ORIENTED_EDGE('',*,*,#725,.F.);
#486=ORIENTED_EDGE('',*,*,#721,.T.);
#487=ORIENTED_EDGE('',*,*,#501,.T.);
#488=ORIENTED_EDGE('',*,*,#726,.F.);
#489=ORIENTED_EDGE('',*,*,#727,.F.);
#490=ORIENTED_EDGE('',*,*,#724,.T.);
#491=ORIENTED_EDGE('',*,*,#500,.F.);
#492=ORIENTED_EDGE('',*,*,#723,.F.);
#493=ORIENTED_EDGE('',*,*,#728,.T.);
#494=ORIENTED_EDGE('',*,*,#726,.T.);
#495=ORIENTED_EDGE('',*,*,#722,.T.);
#496=ORIENTED_EDGE('',*,*,#725,.T.);
#497=ORIENTED_EDGE('',*,*,#727,.T.);
#498=ORIENTED_EDGE('',*,*,#728,.F.);
#499=EDGE_CURVE('',#729,#730,#881,.T.);
#500=EDGE_CURVE('',#729,#731,#21,.T.);
#501=EDGE_CURVE('',#732,#731,#882,.T.);
#502=EDGE_CURVE('',#730,#732,#883,.T.);
#503=EDGE_CURVE('',#733,#734,#884,.T.);
#504=EDGE_CURVE('',#733,#735,#885,.T.);
#505=EDGE_CURVE('',#735,#736,#886,.T.);
#506=EDGE_CURVE('',#737,#736,#22,.T.);
#507=EDGE_CURVE('',#734,#737,#887,.T.);
#508=EDGE_CURVE('',#738,#739,#888,.T.);
#509=EDGE_CURVE('',#738,#740,#889,.T.);
#510=EDGE_CURVE('',#741,#740,#23,.T.);
#511=EDGE_CURVE('',#739,#741,#890,.T.);
#512=EDGE_CURVE('',#742,#743,#891,.T.);
#513=EDGE_CURVE('',#742,#744,#892,.T.);
#514=EDGE_CURVE('',#744,#745,#893,.T.);
#515=EDGE_CURVE('',#745,#746,#24,.T.);
#516=EDGE_CURVE('',#743,#746,#894,.T.);
#517=EDGE_CURVE('',#747,#748,#895,.T.);
#518=EDGE_CURVE('',#747,#749,#896,.T.);
#519=EDGE_CURVE('',#749,#748,#25,.T.);
#520=EDGE_CURVE('',#750,#751,#26,.T.);
#521=EDGE_CURVE('',#751,#752,#897,.T.);
#522=EDGE_CURVE('',#752,#753,#898,.T.);
#523=EDGE_CURVE('',#753,#750,#899,.T.);
#524=EDGE_CURVE('',#754,#755,#900,.T.);
#525=EDGE_CURVE('',#754,#756,#901,.T.);
#526=EDGE_CURVE('',#756,#757,#902,.T.);
#527=EDGE_CURVE('',#757,#755,#27,.T.);
#528=EDGE_CURVE('',#758,#759,#903,.T.);
#529=EDGE_CURVE('',#758,#760,#904,.T.);
#530=EDGE_CURVE('',#760,#759,#28,.T.);
#531=EDGE_CURVE('',#761,#762,#905,.T.);
#532=EDGE_CURVE('',#763,#761,#906,.T.);
#533=EDGE_CURVE('',#764,#763,#907,.T.);
#534=EDGE_CURVE('',#765,#764,#908,.T.);
#535=EDGE_CURVE('',#762,#765,#909,.T.);
#536=EDGE_CURVE('',#766,#767,#910,.T.);
#537=EDGE_CURVE('',#768,#767,#911,.T.);
#538=EDGE_CURVE('',#769,#768,#912,.T.);
#539=EDGE_CURVE('',#769,#766,#913,.T.);
#540=EDGE_CURVE('',#770,#771,#914,.T.);
#541=EDGE_CURVE('',#771,#772,#915,.T.);
#542=EDGE_CURVE('',#772,#773,#916,.T.);
#543=EDGE_CURVE('',#773,#774,#917,.T.);
#544=EDGE_CURVE('',#774,#770,#918,.T.);
#545=EDGE_CURVE('',#775,#776,#919,.T.);
#546=EDGE_CURVE('',#776,#777,#920,.T.);
#547=EDGE_CURVE('',#777,#778,#921,.T.);
#548=EDGE_CURVE('',#778,#779,#922,.T.);
#549=EDGE_CURVE('',#779,#775,#923,.T.);
#550=EDGE_CURVE('',#780,#781,#924,.T.);
#551=EDGE_CURVE('',#781,#782,#925,.T.);
#552=EDGE_CURVE('',#782,#783,#926,.T.);
#553=EDGE_CURVE('',#784,#783,#29,.T.);
#554=EDGE_CURVE('',#784,#785,#927,.T.);
#555=EDGE_CURVE('',#786,#785,#928,.T.);
#556=EDGE_CURVE('',#787,#786,#929,.T.);
#557=EDGE_CURVE('',#787,#788,#930,.T.);
#558=EDGE_CURVE('',#788,#789,#931,.T.);
#559=EDGE_CURVE('',#789,#790,#932,.T.);
#560=EDGE_CURVE('',#791,#790,#933,.T.);
#561=EDGE_CURVE('',#792,#791,#934,.T.);
#562=EDGE_CURVE('',#793,#792,#935,.T.);
#563=EDGE_CURVE('',#793,#794,#936,.T.);
#564=EDGE_CURVE('',#741,#794,#937,.T.);
#565=EDGE_CURVE('',#740,#741,#938,.T.);
#566=EDGE_CURVE('',#740,#795,#939,.T.);
#567=EDGE_CURVE('',#795,#796,#940,.T.);
#568=EDGE_CURVE('',#796,#797,#941,.T.);
#569=EDGE_CURVE('',#798,#797,#942,.T.);
#570=EDGE_CURVE('',#798,#799,#943,.T.);
#571=EDGE_CURVE('',#780,#799,#944,.T.);
#572=EDGE_CURVE('',#800,#801,#945,.T.);
#573=EDGE_CURVE('',#802,#800,#946,.T.);
#574=EDGE_CURVE('',#802,#803,#947,.T.);
#575=EDGE_CURVE('',#803,#738,#948,.T.);
#576=EDGE_CURVE('',#804,#739,#949,.T.);
#577=EDGE_CURVE('',#804,#805,#950,.T.);
#578=EDGE_CURVE('',#805,#801,#951,.T.);
#579=EDGE_CURVE('',#806,#807,#30,.T.);
#580=EDGE_CURVE('',#741,#806,#952,.T.);
#581=EDGE_CURVE('',#740,#807,#953,.T.);
#582=EDGE_CURVE('',#807,#806,#954,.T.);
#583=EDGE_CURVE('',#801,#808,#955,.T.);
#584=EDGE_CURVE('',#809,#808,#956,.T.);
#585=EDGE_CURVE('',#800,#809,#957,.T.);
#586=EDGE_CURVE('',#810,#811,#958,.T.);
#587=EDGE_CURVE('',#811,#812,#959,.T.);
#588=EDGE_CURVE('',#813,#812,#960,.T.);
#589=EDGE_CURVE('',#810,#813,#961,.T.);
#590=EDGE_CURVE('',#814,#815,#962,.T.);
#591=EDGE_CURVE('',#815,#816,#963,.T.);
#592=EDGE_CURVE('',#817,#816,#964,.T.);
#593=EDGE_CURVE('',#814,#817,#965,.T.);
#594=EDGE_CURVE('',#818,#819,#966,.T.);
#595=EDGE_CURVE('',#820,#819,#967,.T.);
#596=EDGE_CURVE('',#821,#820,#968,.T.);
#597=EDGE_CURVE('',#821,#818,#969,.T.);
#598=EDGE_CURVE('',#803,#822,#970,.T.);
#599=EDGE_CURVE('',#822,#823,#971,.T.);
#600=EDGE_CURVE('',#824,#823,#972,.T.);
#601=EDGE_CURVE('',#824,#799,#973,.T.);
#602=EDGE_CURVE('',#798,#811,#974,.T.);
#603=EDGE_CURVE('',#795,#810,#975,.T.);
#604=EDGE_CURVE('',#794,#820,#976,.T.);
#605=EDGE_CURVE('',#791,#819,#977,.T.);
#606=EDGE_CURVE('',#825,#790,#978,.T.);
#607=EDGE_CURVE('',#804,#825,#979,.T.);
#608=EDGE_CURVE('',#767,#816,#980,.T.);
#609=EDGE_CURVE('',#768,#815,#981,.T.);
#610=EDGE_CURVE('',#797,#812,#982,.T.);
#611=EDGE_CURVE('',#792,#818,#983,.T.);
#612=EDGE_CURVE('',#823,#826,#984,.T.);
#613=EDGE_CURVE('',#827,#822,#985,.T.);
#614=EDGE_CURVE('',#827,#809,#986,.T.);
#615=EDGE_CURVE('',#828,#808,#987,.T.);
#616=EDGE_CURVE('',#825,#828,#988,.T.);
#617=EDGE_CURVE('',#829,#789,#989,.T.);
#618=EDGE_CURVE('',#830,#829,#990,.T.);
#619=EDGE_CURVE('',#830,#785,#991,.T.);
#620=EDGE_CURVE('',#831,#784,#992,.T.);
#621=EDGE_CURVE('',#832,#831,#993,.T.);
#622=EDGE_CURVE('',#832,#783,#994,.T.);
#623=EDGE_CURVE('',#826,#782,#995,.T.);
#624=EDGE_CURVE('',#769,#814,#996,.T.);
#625=EDGE_CURVE('',#766,#817,#997,.T.);
#626=EDGE_CURVE('',#793,#821,#998,.T.);
#627=EDGE_CURVE('',#796,#813,#999,.T.);
#628=EDGE_CURVE('',#805,#828,#1000,.T.);
#629=EDGE_CURVE('',#802,#827,#1001,.T.);
#630=EDGE_CURVE('',#833,#786,#1002,.T.);
#631=EDGE_CURVE('',#834,#833,#1003,.T.);
#632=EDGE_CURVE('',#834,#787,#1004,.T.);
#633=EDGE_CURVE('',#833,#830,#1005,.T.);
#634=EDGE_CURVE('',#835,#788,#1006,.T.);
#635=EDGE_CURVE('',#835,#829,#1007,.T.);
#636=EDGE_CURVE('',#834,#835,#1008,.T.);
#637=EDGE_CURVE('',#836,#762,#1009,.T.);
#638=EDGE_CURVE('',#837,#836,#1010,.T.);
#639=EDGE_CURVE('',#837,#761,#1011,.T.);
#640=EDGE_CURVE('',#838,#765,#1012,.T.);
#641=EDGE_CURVE('',#836,#838,#1013,.T.);
#642=EDGE_CURVE('',#839,#764,#1014,.T.);
#643=EDGE_CURVE('',#838,#839,#1015,.T.);
#644=EDGE_CURVE('',#840,#763,#1016,.T.);
#645=EDGE_CURVE('',#839,#840,#1017,.T.);
#646=EDGE_CURVE('',#840,#837,#1018,.T.);
#647=EDGE_CURVE('',#841,#771,#1019,.T.);
#648=EDGE_CURVE('',#841,#842,#1020,.T.);
#649=EDGE_CURVE('',#842,#772,#1021,.T.);
#650=EDGE_CURVE('',#843,#770,#1022,.T.);
#651=EDGE_CURVE('',#843,#841,#1023,.T.);
#652=EDGE_CURVE('',#844,#774,#1024,.T.);
#653=EDGE_CURVE('',#844,#843,#1025,.T.);
#654=EDGE_CURVE('',#845,#773,#1026,.T.);
#655=EDGE_CURVE('',#845,#844,#1027,.T.);
#656=EDGE_CURVE('',#842,#845,#1028,.T.);
#657=EDGE_CURVE('',#846,#781,#1029,.T.);
#658=EDGE_CURVE('',#846,#826,#1030,.T.);
#659=EDGE_CURVE('',#847,#780,#1031,.T.);
#660=EDGE_CURVE('',#847,#846,#1032,.T.);
#661=EDGE_CURVE('',#847,#824,#1033,.T.);
#662=EDGE_CURVE('',#848,#776,#1034,.T.);
#663=EDGE_CURVE('',#848,#849,#1035,.T.);
#664=EDGE_CURVE('',#849,#777,#1036,.T.);
#665=EDGE_CURVE('',#850,#775,#1037,.T.);
#666=EDGE_CURVE('',#850,#848,#1038,.T.);
#667=EDGE_CURVE('',#851,#779,#1039,.T.);
#668=EDGE_CURVE('',#851,#850,#1040,.T.);
#669=EDGE_CURVE('',#852,#778,#1041,.T.);
#670=EDGE_CURVE('',#852,#851,#1042,.T.);
#671=EDGE_CURVE('',#849,#852,#1043,.T.);
#672=EDGE_CURVE('',#831,#832,#31,.T.);
#673=EDGE_CURVE('',#853,#742,#1044,.T.);
#674=EDGE_CURVE('',#853,#854,#1045,.T.);
#675=EDGE_CURVE('',#854,#744,#1046,.T.);
#676=EDGE_CURVE('',#855,#743,#1047,.T.);
#677=EDGE_CURVE('',#853,#855,#1048,.T.);
#678=EDGE_CURVE('',#856,#746,#1049,.T.);
#679=EDGE_CURVE('',#855,#856,#1050,.T.);
#680=EDGE_CURVE('',#857,#745,#1051,.T.);
#681=EDGE_CURVE('',#857,#856,#32,.T.);
#682=EDGE_CURVE('',#854,#857,#1052,.T.);
#683=EDGE_CURVE('',#858,#734,#1053,.T.);
#684=EDGE_CURVE('',#859,#858,#1054,.T.);
#685=EDGE_CURVE('',#859,#733,#1055,.T.);
#686=EDGE_CURVE('',#860,#737,#1056,.T.);
#687=EDGE_CURVE('',#858,#860,#1057,.T.);
#688=EDGE_CURVE('',#861,#736,#1058,.T.);
#689=EDGE_CURVE('',#860,#861,#33,.T.);
#690=EDGE_CURVE('',#862,#735,#1059,.T.);
#691=EDGE_CURVE('',#862,#861,#1060,.T.);
#692=EDGE_CURVE('',#859,#862,#1061,.T.);
#693=EDGE_CURVE('',#863,#747,#1062,.T.);
#694=EDGE_CURVE('',#863,#864,#1063,.T.);
#695=EDGE_CURVE('',#864,#749,#1064,.T.);
#696=EDGE_CURVE('',#865,#748,#1065,.T.);
#697=EDGE_CURVE('',#863,#865,#1066,.T.);
#698=EDGE_CURVE('',#864,#865,#34,.T.);
#699=EDGE_CURVE('',#866,#751,#1067,.T.);
#700=EDGE_CURVE('',#866,#867,#1068,.T.);
#701=EDGE_CURVE('',#867,#752,#1069,.T.);
#702=EDGE_CURVE('',#868,#750,#1070,.T.);
#703=EDGE_CURVE('',#868,#866,#35,.T.);
#704=EDGE_CURVE('',#869,#753,#1071,.T.);
#705=EDGE_CURVE('',#869,#868,#1072,.T.);
#706=EDGE_CURVE('',#867,#869,#1073,.T.);
#707=EDGE_CURVE('',#870,#754,#1074,.T.);
#708=EDGE_CURVE('',#870,#871,#1075,.T.);
#709=EDGE_CURVE('',#871,#756,#1076,.T.);
#710=EDGE_CURVE('',#872,#755,#1077,.T.);
#711=EDGE_CURVE('',#870,#872,#1078,.T.);
#712=EDGE_CURVE('',#873,#757,#1079,.T.);
#713=EDGE_CURVE('',#873,#872,#36,.T.);
#714=EDGE_CURVE('',#871,#873,#1080,.T.);
#715=EDGE_CURVE('',#874,#758,#1081,.T.);
#716=EDGE_CURVE('',#874,#875,#1082,.T.);
#717=EDGE_CURVE('',#875,#760,#1083,.T.);
#718=EDGE_CURVE('',#876,#759,#1084,.T.);
#719=EDGE_CURVE('',#874,#876,#1085,.T.);
#720=EDGE_CURVE('',#875,#876,#37,.T.);
#721=EDGE_CURVE('',#877,#730,#1086,.T.);
#722=EDGE_CURVE('',#878,#877,#1087,.T.);
#723=EDGE_CURVE('',#878,#729,#1088,.T.);
#724=EDGE_CURVE('',#879,#732,#1089,.T.);
#725=EDGE_CURVE('',#877,#879,#1090,.T.);
#726=EDGE_CURVE('',#880,#731,#1091,.T.);
#727=EDGE_CURVE('',#879,#880,#1092,.T.);
#728=EDGE_CURVE('',#878,#880,#38,.T.);
#729=VERTEX_POINT('',#2219);
#730=VERTEX_POINT('',#2220);
#731=VERTEX_POINT('',#2222);
#732=VERTEX_POINT('',#2224);
#733=VERTEX_POINT('',#2227);
#734=VERTEX_POINT('',#2228);
#735=VERTEX_POINT('',#2230);
#736=VERTEX_POINT('',#2232);
#737=VERTEX_POINT('',#2234);
#738=VERTEX_POINT('',#2237);
#739=VERTEX_POINT('',#2238);
#740=VERTEX_POINT('',#2240);
#741=VERTEX_POINT('',#2242);
#742=VERTEX_POINT('',#2245);
#743=VERTEX_POINT('',#2246);
#744=VERTEX_POINT('',#2248);
#745=VERTEX_POINT('',#2250);
#746=VERTEX_POINT('',#2252);
#747=VERTEX_POINT('',#2255);
#748=VERTEX_POINT('',#2256);
#749=VERTEX_POINT('',#2258);
#750=VERTEX_POINT('',#2261);
#751=VERTEX_POINT('',#2262);
#752=VERTEX_POINT('',#2264);
#753=VERTEX_POINT('',#2266);
#754=VERTEX_POINT('',#2269);
#755=VERTEX_POINT('',#2270);
#756=VERTEX_POINT('',#2272);
#757=VERTEX_POINT('',#2274);
#758=VERTEX_POINT('',#2277);
#759=VERTEX_POINT('',#2278);
#760=VERTEX_POINT('',#2280);
#761=VERTEX_POINT('',#2284);
#762=VERTEX_POINT('',#2285);
#763=VERTEX_POINT('',#2287);
#764=VERTEX_POINT('',#2289);
#765=VERTEX_POINT('',#2291);
#766=VERTEX_POINT('',#2294);
#767=VERTEX_POINT('',#2295);
#768=VERTEX_POINT('',#2297);
#769=VERTEX_POINT('',#2299);
#770=VERTEX_POINT('',#2302);
#771=VERTEX_POINT('',#2303);
#772=VERTEX_POINT('',#2305);
#773=VERTEX_POINT('',#2307);
#774=VERTEX_POINT('',#2309);
#775=VERTEX_POINT('',#2312);
#776=VERTEX_POINT('',#2313);
#777=VERTEX_POINT('',#2315);
#778=VERTEX_POINT('',#2317);
#779=VERTEX_POINT('',#2319);
#780=VERTEX_POINT('',#2322);
#781=VERTEX_POINT('',#2323);
#782=VERTEX_POINT('',#2325);
#783=VERTEX_POINT('',#2327);
#784=VERTEX_POINT('',#2329);
#785=VERTEX_POINT('',#2331);
#786=VERTEX_POINT('',#2333);
#787=VERTEX_POINT('',#2335);
#788=VERTEX_POINT('',#2337);
#789=VERTEX_POINT('',#2339);
#790=VERTEX_POINT('',#2341);
#791=VERTEX_POINT('',#2343);
#792=VERTEX_POINT('',#2345);
#793=VERTEX_POINT('',#2347);
#794=VERTEX_POINT('',#2349);
#795=VERTEX_POINT('',#2353);
#796=VERTEX_POINT('',#2355);
#797=VERTEX_POINT('',#2357);
#798=VERTEX_POINT('',#2359);
#799=VERTEX_POINT('',#2361);
#800=VERTEX_POINT('',#2365);
#801=VERTEX_POINT('',#2366);
#802=VERTEX_POINT('',#2368);
#803=VERTEX_POINT('',#2370);
#804=VERTEX_POINT('',#2373);
#805=VERTEX_POINT('',#2375);
#806=VERTEX_POINT('',#2379);
#807=VERTEX_POINT('',#2380);
#808=VERTEX_POINT('',#2386);
#809=VERTEX_POINT('',#2388);
#810=VERTEX_POINT('',#2391);
#811=VERTEX_POINT('',#2392);
#812=VERTEX_POINT('',#2394);
#813=VERTEX_POINT('',#2396);
#814=VERTEX_POINT('',#2399);
#815=VERTEX_POINT('',#2400);
#816=VERTEX_POINT('',#2402);
#817=VERTEX_POINT('',#2404);
#818=VERTEX_POINT('',#2407);
#819=VERTEX_POINT('',#2408);
#820=VERTEX_POINT('',#2410);
#821=VERTEX_POINT('',#2412);
#822=VERTEX_POINT('',#2416);
#823=VERTEX_POINT('',#2418);
#824=VERTEX_POINT('',#2420);
#825=VERTEX_POINT('',#2428);
#826=VERTEX_POINT('',#2439);
#827=VERTEX_POINT('',#2441);
#828=VERTEX_POINT('',#2444);
#829=VERTEX_POINT('',#2447);
#830=VERTEX_POINT('',#2449);
#831=VERTEX_POINT('',#2452);
#832=VERTEX_POINT('',#2454);
#833=VERTEX_POINT('',#2477);
#834=VERTEX_POINT('',#2479);
#835=VERTEX_POINT('',#2485);
#836=VERTEX_POINT('',#2492);
#837=VERTEX_POINT('',#2494);
#838=VERTEX_POINT('',#2498);
#839=VERTEX_POINT('',#2502);
#840=VERTEX_POINT('',#2506);
#841=VERTEX_POINT('',#2513);
#842=VERTEX_POINT('',#2515);
#843=VERTEX_POINT('',#2519);
#844=VERTEX_POINT('',#2523);
#845=VERTEX_POINT('',#2527);
#846=VERTEX_POINT('',#2534);
#847=VERTEX_POINT('',#2538);
#848=VERTEX_POINT('',#2545);
#849=VERTEX_POINT('',#2547);
#850=VERTEX_POINT('',#2551);
#851=VERTEX_POINT('',#2555);
#852=VERTEX_POINT('',#2559);
#853=VERTEX_POINT('',#2569);
#854=VERTEX_POINT('',#2571);
#855=VERTEX_POINT('',#2575);
#856=VERTEX_POINT('',#2579);
#857=VERTEX_POINT('',#2583);
#858=VERTEX_POINT('',#2590);
#859=VERTEX_POINT('',#2592);
#860=VERTEX_POINT('',#2596);
#861=VERTEX_POINT('',#2600);
#862=VERTEX_POINT('',#2604);
#863=VERTEX_POINT('',#2611);
#864=VERTEX_POINT('',#2613);
#865=VERTEX_POINT('',#2617);
#866=VERTEX_POINT('',#2624);
#867=VERTEX_POINT('',#2626);
#868=VERTEX_POINT('',#2630);
#869=VERTEX_POINT('',#2634);
#870=VERTEX_POINT('',#2641);
#871=VERTEX_POINT('',#2643);
#872=VERTEX_POINT('',#2647);
#873=VERTEX_POINT('',#2651);
#874=VERTEX_POINT('',#2658);
#875=VERTEX_POINT('',#2660);
#876=VERTEX_POINT('',#2664);
#877=VERTEX_POINT('',#2671);
#878=VERTEX_POINT('',#2673);
#879=VERTEX_POINT('',#2677);
#880=VERTEX_POINT('',#2681);
#881=LINE('',#2218,#1093);
#882=LINE('',#2223,#1094);
#883=LINE('',#2225,#1095);
#884=LINE('',#2226,#1096);
#885=LINE('',#2229,#1097);
#886=LINE('',#2231,#1098);
#887=LINE('',#2235,#1099);
#888=LINE('',#2236,#1100);
#889=LINE('',#2239,#1101);
#890=LINE('',#2243,#1102);
#891=LINE('',#2244,#1103);
#892=LINE('',#2247,#1104);
#893=LINE('',#2249,#1105);
#894=LINE('',#2253,#1106);
#895=LINE('',#2254,#1107);
#896=LINE('',#2257,#1108);
#897=LINE('',#2263,#1109);
#898=LINE('',#2265,#1110);
#899=LINE('',#2267,#1111);
#900=LINE('',#2268,#1112);
#901=LINE('',#2271,#1113);
#902=LINE('',#2273,#1114);
#903=LINE('',#2276,#1115);
#904=LINE('',#2279,#1116);
#905=LINE('',#2283,#1117);
#906=LINE('',#2286,#1118);
#907=LINE('',#2288,#1119);
#908=LINE('',#2290,#1120);
#909=LINE('',#2292,#1121);
#910=LINE('',#2293,#1122);
#911=LINE('',#2296,#1123);
#912=LINE('',#2298,#1124);
#913=LINE('',#2300,#1125);
#914=LINE('',#2301,#1126);
#915=LINE('',#2304,#1127);
#916=LINE('',#2306,#1128);
#917=LINE('',#2308,#1129);
#918=LINE('',#2310,#1130);
#919=LINE('',#2311,#1131);
#920=LINE('',#2314,#1132);
#921=LINE('',#2316,#1133);
#922=LINE('',#2318,#1134);
#923=LINE('',#2320,#1135);
#924=LINE('',#2321,#1136);
#925=LINE('',#2324,#1137);
#926=LINE('',#2326,#1138);
#927=LINE('',#2330,#1139);
#928=LINE('',#2332,#1140);
#929=LINE('',#2334,#1141);
#930=LINE('',#2336,#1142);
#931=LINE('',#2338,#1143);
#932=LINE('',#2340,#1144);
#933=LINE('',#2342,#1145);
#934=LINE('',#2344,#1146);
#935=LINE('',#2346,#1147);
#936=LINE('',#2348,#1148);
#937=LINE('',#2350,#1149);
#938=LINE('',#2351,#1150);
#939=LINE('',#2352,#1151);
#940=LINE('',#2354,#1152);
#941=LINE('',#2356,#1153);
#942=LINE('',#2358,#1154);
#943=LINE('',#2360,#1155);
#944=LINE('',#2362,#1156);
#945=LINE('',#2364,#1157);
#946=LINE('',#2367,#1158);
#947=LINE('',#2369,#1159);
#948=LINE('',#2371,#1160);
#949=LINE('',#2372,#1161);
#950=LINE('',#2374,#1162);
#951=LINE('',#2376,#1163);
#952=LINE('',#2381,#1164);
#953=LINE('',#2382,#1165);
#954=LINE('',#2384,#1166);
#955=LINE('',#2385,#1167);
#956=LINE('',#2387,#1168);
#957=LINE('',#2389,#1169);
#958=LINE('',#2390,#1170);
#959=LINE('',#2393,#1171);
#960=LINE('',#2395,#1172);
#961=LINE('',#2397,#1173);
#962=LINE('',#2398,#1174);
#963=LINE('',#2401,#1175);
#964=LINE('',#2403,#1176);
#965=LINE('',#2405,#1177);
#966=LINE('',#2406,#1178);
#967=LINE('',#2409,#1179);
#968=LINE('',#2411,#1180);
#969=LINE('',#2413,#1181);
#970=LINE('',#2415,#1182);
#971=LINE('',#2417,#1183);
#972=LINE('',#2419,#1184);
#973=LINE('',#2421,#1185);
#974=LINE('',#2422,#1186);
#975=LINE('',#2423,#1187);
#976=LINE('',#2425,#1188);
#977=LINE('',#2426,#1189);
#978=LINE('',#2427,#1190);
#979=LINE('',#2429,#1191);
#980=LINE('',#2431,#1192);
#981=LINE('',#2432,#1193);
#982=LINE('',#2434,#1194);
#983=LINE('',#2436,#1195);
#984=LINE('',#2438,#1196);
#985=LINE('',#2440,#1197);
#986=LINE('',#2442,#1198);
#987=LINE('',#2443,#1199);
#988=LINE('',#2445,#1200);
#989=LINE('',#2446,#1201);
#990=LINE('',#2448,#1202);
#991=LINE('',#2450,#1203);
#992=LINE('',#2451,#1204);
#993=LINE('',#2453,#1205);
#994=LINE('',#2455,#1206);
#995=LINE('',#2456,#1207);
#996=LINE('',#2458,#1208);
#997=LINE('',#2460,#1209);
#998=LINE('',#2463,#1210);
#999=LINE('',#2467,#1211);
#1000=LINE('',#2470,#1212);
#1001=LINE('',#2473,#1213);
#1002=LINE('',#2476,#1214);
#1003=LINE('',#2478,#1215);
#1004=LINE('',#2480,#1216);
#1005=LINE('',#2482,#1217);
#1006=LINE('',#2484,#1218);
#1007=LINE('',#2486,#1219);
#1008=LINE('',#2488,#1220);
#1009=LINE('',#2491,#1221);
#1010=LINE('',#2493,#1222);
#1011=LINE('',#2495,#1223);
#1012=LINE('',#2497,#1224);
#1013=LINE('',#2499,#1225);
#1014=LINE('',#2501,#1226);
#1015=LINE('',#2503,#1227);
#1016=LINE('',#2505,#1228);
#1017=LINE('',#2507,#1229);
#1018=LINE('',#2509,#1230);
#1019=LINE('',#2512,#1231);
#1020=LINE('',#2514,#1232);
#1021=LINE('',#2516,#1233);
#1022=LINE('',#2518,#1234);
#1023=LINE('',#2520,#1235);
#1024=LINE('',#2522,#1236);
#1025=LINE('',#2524,#1237);
#1026=LINE('',#2526,#1238);
#1027=LINE('',#2528,#1239);
#1028=LINE('',#2530,#1240);
#1029=LINE('',#2533,#1241);
#1030=LINE('',#2535,#1242);
#1031=LINE('',#2537,#1243);
#1032=LINE('',#2539,#1244);
#1033=LINE('',#2541,#1245);
#1034=LINE('',#2544,#1246);
#1035=LINE('',#2546,#1247);
#1036=LINE('',#2548,#1248);
#1037=LINE('',#2550,#1249);
#1038=LINE('',#2552,#1250);
#1039=LINE('',#2554,#1251);
#1040=LINE('',#2556,#1252);
#1041=LINE('',#2558,#1253);
#1042=LINE('',#2560,#1254);
#1043=LINE('',#2562,#1255);
#1044=LINE('',#2568,#1256);
#1045=LINE('',#2570,#1257);
#1046=LINE('',#2572,#1258);
#1047=LINE('',#2574,#1259);
#1048=LINE('',#2576,#1260);
#1049=LINE('',#2578,#1261);
#1050=LINE('',#2580,#1262);
#1051=LINE('',#2582,#1263);
#1052=LINE('',#2586,#1264);
#1053=LINE('',#2589,#1265);
#1054=LINE('',#2591,#1266);
#1055=LINE('',#2593,#1267);
#1056=LINE('',#2595,#1268);
#1057=LINE('',#2597,#1269);
#1058=LINE('',#2599,#1270);
#1059=LINE('',#2603,#1271);
#1060=LINE('',#2605,#1272);
#1061=LINE('',#2607,#1273);
#1062=LINE('',#2610,#1274);
#1063=LINE('',#2612,#1275);
#1064=LINE('',#2614,#1276);
#1065=LINE('',#2616,#1277);
#1066=LINE('',#2618,#1278);
#1067=LINE('',#2623,#1279);
#1068=LINE('',#2625,#1280);
#1069=LINE('',#2627,#1281);
#1070=LINE('',#2629,#1282);
#1071=LINE('',#2633,#1283);
#1072=LINE('',#2635,#1284);
#1073=LINE('',#2637,#1285);
#1074=LINE('',#2640,#1286);
#1075=LINE('',#2642,#1287);
#1076=LINE('',#2644,#1288);
#1077=LINE('',#2646,#1289);
#1078=LINE('',#2648,#1290);
#1079=LINE('',#2650,#1291);
#1080=LINE('',#2654,#1292);
#1081=LINE('',#2657,#1293);
#1082=LINE('',#2659,#1294);
#1083=LINE('',#2661,#1295);
#1084=LINE('',#2663,#1296);
#1085=LINE('',#2665,#1297);
#1086=LINE('',#2670,#1298);
#1087=LINE('',#2672,#1299);
#1088=LINE('',#2674,#1300);
#1089=LINE('',#2676,#1301);
#1090=LINE('',#2678,#1302);
#1091=LINE('',#2680,#1303);
#1092=LINE('',#2682,#1304);
#1093=VECTOR('',#1796,1.);
#1094=VECTOR('',#1799,1.);
#1095=VECTOR('',#1800,1.);
#1096=VECTOR('',#1801,1.);
#1097=VECTOR('',#1802,1.);
#1098=VECTOR('',#1803,1.);
#1099=VECTOR('',#1806,1.);
#1100=VECTOR('',#1807,1.);
#1101=VECTOR('',#1808,1.);
#1102=VECTOR('',#1811,1.);
#1103=VECTOR('',#1812,1.);
#1104=VECTOR('',#1813,1.);
#1105=VECTOR('',#1814,1.);
#1106=VECTOR('',#1817,1.);
#1107=VECTOR('',#1818,1.);
#1108=VECTOR('',#1819,1.);
#1109=VECTOR('',#1824,1.);
#1110=VECTOR('',#1825,1.);
#1111=VECTOR('',#1826,1.);
#1112=VECTOR('',#1827,1.);
#1113=VECTOR('',#1828,1.);
#1114=VECTOR('',#1829,1.);
#1115=VECTOR('',#1832,1.);
#1116=VECTOR('',#1833,1.);
#1117=VECTOR('',#1838,1.);
#1118=VECTOR('',#1839,1.);
#1119=VECTOR('',#1840,1.);
#1120=VECTOR('',#1841,1.);
#1121=VECTOR('',#1842,1.);
#1122=VECTOR('',#1843,1.);
#1123=VECTOR('',#1844,1.);
#1124=VECTOR('',#1845,1.);
#1125=VECTOR('',#1846,1.);
#1126=VECTOR('',#1847,1.);
#1127=VECTOR('',#1848,1.);
#1128=VECTOR('',#1849,1.);
#1129=VECTOR('',#1850,1.);
#1130=VECTOR('',#1851,1.);
#1131=VECTOR('',#1852,1.);
#1132=VECTOR('',#1853,1.);
#1133=VECTOR('',#1854,1.);
#1134=VECTOR('',#1855,1.);
#1135=VECTOR('',#1856,1.);
#1136=VECTOR('',#1857,1.);
#1137=VECTOR('',#1858,1.);
#1138=VECTOR('',#1859,1.);
#1139=VECTOR('',#1862,1.);
#1140=VECTOR('',#1863,1.);
#1141=VECTOR('',#1864,1.);
#1142=VECTOR('',#1865,1.);
#1143=VECTOR('',#1866,1.);
#1144=VECTOR('',#1867,1.);
#1145=VECTOR('',#1868,1.);
#1146=VECTOR('',#1869,1.);
#1147=VECTOR('',#1870,1.);
#1148=VECTOR('',#1871,1.);
#1149=VECTOR('',#1872,1.);
#1150=VECTOR('',#1873,1.);
#1151=VECTOR('',#1874,1.);
#1152=VECTOR('',#1875,1.);
#1153=VECTOR('',#1876,1.);
#1154=VECTOR('',#1877,1.);
#1155=VECTOR('',#1878,1.);
#1156=VECTOR('',#1879,1.);
#1157=VECTOR('',#1882,1.);
#1158=VECTOR('',#1883,1.);
#1159=VECTOR('',#1884,1.);
#1160=VECTOR('',#1885,1.);
#1161=VECTOR('',#1886,1.);
#1162=VECTOR('',#1887,1.);
#1163=VECTOR('',#1888,1.);
#1164=VECTOR('',#1893,1.);
#1165=VECTOR('',#1894,1.);
#1166=VECTOR('',#1897,1.);
#1167=VECTOR('',#1898,1.);
#1168=VECTOR('',#1899,1.);
#1169=VECTOR('',#1900,1.);
#1170=VECTOR('',#1901,1.);
#1171=VECTOR('',#1902,1.);
#1172=VECTOR('',#1903,1.);
#1173=VECTOR('',#1904,1.);
#1174=VECTOR('',#1905,1.);
#1175=VECTOR('',#1906,1.);
#1176=VECTOR('',#1907,1.);
#1177=VECTOR('',#1908,1.);
#1178=VECTOR('',#1909,1.);
#1179=VECTOR('',#1910,1.);
#1180=VECTOR('',#1911,1.);
#1181=VECTOR('',#1912,1.);
#1182=VECTOR('',#1915,1.);
#1183=VECTOR('',#1916,1.);
#1184=VECTOR('',#1917,1.);
#1185=VECTOR('',#1918,1.);
#1186=VECTOR('',#1919,1.);
#1187=VECTOR('',#1920,1.);
#1188=VECTOR('',#1923,1.);
#1189=VECTOR('',#1924,1.);
#1190=VECTOR('',#1925,1.);
#1191=VECTOR('',#1926,1.);
#1192=VECTOR('',#1929,1.);
#1193=VECTOR('',#1930,1.);
#1194=VECTOR('',#1933,1.);
#1195=VECTOR('',#1936,1.);
#1196=VECTOR('',#1939,1.);
#1197=VECTOR('',#1940,1.);
#1198=VECTOR('',#1941,1.);
#1199=VECTOR('',#1942,1.);
#1200=VECTOR('',#1943,1.);
#1201=VECTOR('',#1944,1.);
#1202=VECTOR('',#1945,1.);
#1203=VECTOR('',#1946,1.);
#1204=VECTOR('',#1947,1.);
#1205=VECTOR('',#1948,1.);
#1206=VECTOR('',#1949,1.);
#1207=VECTOR('',#1950,1.);
#1208=VECTOR('',#1953,1.);
#1209=VECTOR('',#1956,1.);
#1210=VECTOR('',#1961,1.);
#1211=VECTOR('',#1968,1.);
#1212=VECTOR('',#1973,1.);
#1213=VECTOR('',#1978,1.);
#1214=VECTOR('',#1983,1.);
#1215=VECTOR('',#1984,1.);
#1216=VECTOR('',#1985,1.);
#1217=VECTOR('',#1988,1.);
#1218=VECTOR('',#1991,1.);
#1219=VECTOR('',#1992,1.);
#1220=VECTOR('',#1995,1.);
#1221=VECTOR('',#2000,1.);
#1222=VECTOR('',#2001,1.);
#1223=VECTOR('',#2002,1.);
#1224=VECTOR('',#2005,1.);
#1225=VECTOR('',#2006,1.);
#1226=VECTOR('',#2009,1.);
#1227=VECTOR('',#2010,1.);
#1228=VECTOR('',#2013,1.);
#1229=VECTOR('',#2014,1.);
#1230=VECTOR('',#2017,1.);
#1231=VECTOR('',#2022,1.);
#1232=VECTOR('',#2023,1.);
#1233=VECTOR('',#2024,1.);
#1234=VECTOR('',#2027,1.);
#1235=VECTOR('',#2028,1.);
#1236=VECTOR('',#2031,1.);
#1237=VECTOR('',#2032,1.);
#1238=VECTOR('',#2035,1.);
#1239=VECTOR('',#2036,1.);
#1240=VECTOR('',#2039,1.);
#1241=VECTOR('',#2044,1.);
#1242=VECTOR('',#2045,1.);
#1243=VECTOR('',#2048,1.);
#1244=VECTOR('',#2049,1.);
#1245=VECTOR('',#2052,1.);
#1246=VECTOR('',#2057,1.);
#1247=VECTOR('',#2058,1.);
#1248=VECTOR('',#2059,1.);
#1249=VECTOR('',#2062,1.);
#1250=VECTOR('',#2063,1.);
#1251=VECTOR('',#2066,1.);
#1252=VECTOR('',#2067,1.);
#1253=VECTOR('',#2070,1.);
#1254=VECTOR('',#2071,1.);
#1255=VECTOR('',#2074,1.);
#1256=VECTOR('',#2085,1.);
#1257=VECTOR('',#2086,1.);
#1258=VECTOR('',#2087,1.);
#1259=VECTOR('',#2090,1.);
#1260=VECTOR('',#2091,1.);
#1261=VECTOR('',#2094,1.);
#1262=VECTOR('',#2095,1.);
#1263=VECTOR('',#2098,1.);
#1264=VECTOR('',#2103,1.);
#1265=VECTOR('',#2108,1.);
#1266=VECTOR('',#2109,1.);
#1267=VECTOR('',#2110,1.);
#1268=VECTOR('',#2113,1.);
#1269=VECTOR('',#2114,1.);
#1270=VECTOR('',#2117,1.);
#1271=VECTOR('',#2122,1.);
#1272=VECTOR('',#2123,1.);
#1273=VECTOR('',#2126,1.);
#1274=VECTOR('',#2131,1.);
#1275=VECTOR('',#2132,1.);
#1276=VECTOR('',#2133,1.);
#1277=VECTOR('',#2136,1.);
#1278=VECTOR('',#2137,1.);
#1279=VECTOR('',#2146,1.);
#1280=VECTOR('',#2147,1.);
#1281=VECTOR('',#2148,1.);
#1282=VECTOR('',#2151,1.);
#1283=VECTOR('',#2156,1.);
#1284=VECTOR('',#2157,1.);
#1285=VECTOR('',#2160,1.);
#1286=VECTOR('',#2165,1.);
#1287=VECTOR('',#2166,1.);
#1288=VECTOR('',#2167,1.);
#1289=VECTOR('',#2170,1.);
#1290=VECTOR('',#2171,1.);
#1291=VECTOR('',#2174,1.);
#1292=VECTOR('',#2179,1.);
#1293=VECTOR('',#2184,1.);
#1294=VECTOR('',#2185,1.);
#1295=VECTOR('',#2186,1.);
#1296=VECTOR('',#2189,1.);
#1297=VECTOR('',#2190,1.);
#1298=VECTOR('',#2199,1.);
#1299=VECTOR('',#2200,1.);
#1300=VECTOR('',#2201,1.);
#1301=VECTOR('',#2204,1.);
#1302=VECTOR('',#2205,1.);
#1303=VECTOR('',#2208,1.);
#1304=VECTOR('',#2209,1.);
#1305=EDGE_LOOP('',(#39,#40,#41,#42));
#1306=EDGE_LOOP('',(#43,#44,#45,#46,#47));
#1307=EDGE_LOOP('',(#48,#49,#50,#51));
#1308=EDGE_LOOP('',(#52,#53,#54,#55,#56));
#1309=EDGE_LOOP('',(#57,#58,#59));
#1310=EDGE_LOOP('',(#60,#61,#62,#63));
#1311=EDGE_LOOP('',(#64,#65,#66,#67));
#1312=EDGE_LOOP('',(#68,#69,#70));
#1313=EDGE_LOOP('',(#71,#72,#73,#74,#75));
#1314=EDGE_LOOP('',(#76,#77,#78,#79));
#1315=EDGE_LOOP('',(#80,#81,#82,#83,#84));
#1316=EDGE_LOOP('',(#85,#86,#87,#88,#89));
#1317=EDGE_LOOP('',(#90,#91,#92,#93,#94,#95,#96,#97,#98,#99,#100,#101,#102,
#103,#104,#105,#106,#107,#108,#109,#110,#111));
#1318=EDGE_LOOP('',(#112,#113,#114,#115,#116,#117,#118,#119));
#1319=EDGE_LOOP('',(#120,#121,#122,#123));
#1320=EDGE_LOOP('',(#124,#125));
#1321=EDGE_LOOP('',(#126,#127,#128,#129));
#1322=EDGE_LOOP('',(#130,#131,#132,#133));
#1323=EDGE_LOOP('',(#134,#135,#136,#137));
#1324=EDGE_LOOP('',(#138,#139,#140,#141));
#1325=EDGE_LOOP('',(#142,#143,#144,#145,#146,#147,#148,#149,#150,#151,#152));
#1326=EDGE_LOOP('',(#153,#154,#155,#156,#157,#158,#159,#160,#161));
#1327=EDGE_LOOP('',(#162,#163,#164,#165));
#1328=EDGE_LOOP('',(#166,#167,#168,#169));
#1329=EDGE_LOOP('',(#170,#171,#172,#173));
#1330=EDGE_LOOP('',(#174,#175,#176,#177,#178,#179,#180,#181,#182,#183,#184,
#185,#186,#187,#188,#189,#190,#191));
#1331=EDGE_LOOP('',(#192,#193,#194,#195));
#1332=EDGE_LOOP('',(#196,#197,#198,#199));
#1333=EDGE_LOOP('',(#200,#201,#202,#203));
#1334=EDGE_LOOP('',(#204,#205,#206,#207));
#1335=EDGE_LOOP('',(#208,#209,#210,#211));
#1336=EDGE_LOOP('',(#212,#213,#214,#215));
#1337=EDGE_LOOP('',(#216,#217,#218,#219));
#1338=EDGE_LOOP('',(#220,#221,#222,#223));
#1339=EDGE_LOOP('',(#224,#225,#226,#227));
#1340=EDGE_LOOP('',(#228,#229,#230,#231));
#1341=EDGE_LOOP('',(#232,#233,#234,#235));
#1342=EDGE_LOOP('',(#236,#237,#238,#239));
#1343=EDGE_LOOP('',(#240,#241,#242,#243));
#1344=EDGE_LOOP('',(#244,#245,#246,#247));
#1345=EDGE_LOOP('',(#248,#249,#250,#251));
#1346=EDGE_LOOP('',(#252,#253,#254,#255));
#1347=EDGE_LOOP('',(#256,#257,#258,#259,#260));
#1348=EDGE_LOOP('',(#261,#262,#263,#264));
#1349=EDGE_LOOP('',(#265,#266,#267,#268));
#1350=EDGE_LOOP('',(#269,#270,#271,#272));
#1351=EDGE_LOOP('',(#273,#274,#275,#276));
#1352=EDGE_LOOP('',(#277,#278,#279,#280));
#1353=EDGE_LOOP('',(#281,#282,#283,#284,#285));
#1354=EDGE_LOOP('',(#286,#287,#288,#289));
#1355=EDGE_LOOP('',(#290,#291,#292,#293));
#1356=EDGE_LOOP('',(#294,#295,#296,#297));
#1357=EDGE_LOOP('',(#298,#299,#300,#301));
#1358=EDGE_LOOP('',(#302,#303,#304,#305));
#1359=EDGE_LOOP('',(#306,#307,#308,#309,#310));
#1360=EDGE_LOOP('',(#311,#312,#313,#314));
#1361=EDGE_LOOP('',(#315,#316,#317,#318));
#1362=EDGE_LOOP('',(#319,#320,#321,#322));
#1363=EDGE_LOOP('',(#323,#324,#325,#326,#327));
#1364=EDGE_LOOP('',(#328,#329,#330,#331));
#1365=EDGE_LOOP('',(#332,#333,#334,#335));
#1366=EDGE_LOOP('',(#336,#337,#338,#339));
#1367=EDGE_LOOP('',(#340,#341,#342,#343));
#1368=EDGE_LOOP('',(#344,#345,#346,#347));
#1369=EDGE_LOOP('',(#348,#349,#350,#351,#352));
#1370=EDGE_LOOP('',(#353,#354,#355,#356));
#1371=EDGE_LOOP('',(#357,#358));
#1372=EDGE_LOOP('',(#359,#360,#361,#362));
#1373=EDGE_LOOP('',(#363,#364,#365,#366));
#1374=EDGE_LOOP('',(#367,#368,#369,#370));
#1375=EDGE_LOOP('',(#371,#372,#373,#374));
#1376=EDGE_LOOP('',(#375,#376,#377,#378));
#1377=EDGE_LOOP('',(#379,#380,#381,#382,#383));
#1378=EDGE_LOOP('',(#384,#385,#386,#387));
#1379=EDGE_LOOP('',(#388,#389,#390,#391));
#1380=EDGE_LOOP('',(#392,#393,#394,#395));
#1381=EDGE_LOOP('',(#396,#397,#398,#399));
#1382=EDGE_LOOP('',(#400,#401,#402,#403));
#1383=EDGE_LOOP('',(#404,#405,#406,#407,#408));
#1384=EDGE_LOOP('',(#409,#410,#411,#412));
#1385=EDGE_LOOP('',(#413,#414,#415,#416));
#1386=EDGE_LOOP('',(#417,#418,#419,#420));
#1387=EDGE_LOOP('',(#421,#422,#423));
#1388=EDGE_LOOP('',(#424,#425,#426,#427));
#1389=EDGE_LOOP('',(#428,#429,#430,#431));
#1390=EDGE_LOOP('',(#432,#433,#434,#435));
#1391=EDGE_LOOP('',(#436,#437,#438,#439));
#1392=EDGE_LOOP('',(#440,#441,#442,#443));
#1393=EDGE_LOOP('',(#444,#445,#446,#447));
#1394=EDGE_LOOP('',(#448,#449,#450,#451));
#1395=EDGE_LOOP('',(#452,#453,#454,#455));
#1396=EDGE_LOOP('',(#456,#457,#458,#459));
#1397=EDGE_LOOP('',(#460,#461,#462,#463));
#1398=EDGE_LOOP('',(#464,#465,#466,#467));
#1399=EDGE_LOOP('',(#468,#469,#470,#471));
#1400=EDGE_LOOP('',(#472,#473,#474,#475));
#1401=EDGE_LOOP('',(#476,#477,#478));
#1402=EDGE_LOOP('',(#479,#480,#481,#482));
#1403=EDGE_LOOP('',(#483,#484,#485,#486));
#1404=EDGE_LOOP('',(#487,#488,#489,#490));
#1405=EDGE_LOOP('',(#491,#492,#493,#494));
#1406=EDGE_LOOP('',(#495,#496,#497,#498));
#1407=FACE_BOUND('',#1305,.T.);
#1408=FACE_BOUND('',#1306,.T.);
#1409=FACE_BOUND('',#1307,.T.);
#1410=FACE_BOUND('',#1308,.T.);
#1411=FACE_BOUND('',#1309,.T.);
#1412=FACE_BOUND('',#1310,.T.);
#1413=FACE_BOUND('',#1311,.T.);
#1414=FACE_BOUND('',#1312,.T.);
#1415=FACE_BOUND('',#1313,.T.);
#1416=FACE_BOUND('',#1314,.T.);
#1417=FACE_BOUND('',#1315,.T.);
#1418=FACE_BOUND('',#1316,.T.);
#1419=FACE_BOUND('',#1317,.T.);
#1420=FACE_BOUND('',#1318,.T.);
#1421=FACE_BOUND('',#1319,.T.);
#1422=FACE_BOUND('',#1320,.T.);
#1423=FACE_BOUND('',#1321,.T.);
#1424=FACE_BOUND('',#1322,.T.);
#1425=FACE_BOUND('',#1323,.T.);
#1426=FACE_BOUND('',#1324,.T.);
#1427=FACE_BOUND('',#1325,.T.);
#1428=FACE_BOUND('',#1326,.T.);
#1429=FACE_BOUND('',#1327,.T.);
#1430=FACE_BOUND('',#1328,.T.);
#1431=FACE_BOUND('',#1329,.T.);
#1432=FACE_BOUND('',#1330,.T.);
#1433=FACE_BOUND('',#1331,.T.);
#1434=FACE_BOUND('',#1332,.T.);
#1435=FACE_BOUND('',#1333,.T.);
#1436=FACE_BOUND('',#1334,.T.);
#1437=FACE_BOUND('',#1335,.T.);
#1438=FACE_BOUND('',#1336,.T.);
#1439=FACE_BOUND('',#1337,.T.);
#1440=FACE_BOUND('',#1338,.T.);
#1441=FACE_BOUND('',#1339,.T.);
#1442=FACE_BOUND('',#1340,.T.);
#1443=FACE_BOUND('',#1341,.T.);
#1444=FACE_BOUND('',#1342,.T.);
#1445=FACE_BOUND('',#1343,.T.);
#1446=FACE_BOUND('',#1344,.T.);
#1447=FACE_BOUND('',#1345,.T.);
#1448=FACE_BOUND('',#1346,.T.);
#1449=FACE_BOUND('',#1347,.T.);
#1450=FACE_BOUND('',#1348,.T.);
#1451=FACE_BOUND('',#1349,.T.);
#1452=FACE_BOUND('',#1350,.T.);
#1453=FACE_BOUND('',#1351,.T.);
#1454=FACE_BOUND('',#1352,.T.);
#1455=FACE_BOUND('',#1353,.T.);
#1456=FACE_BOUND('',#1354,.T.);
#1457=FACE_BOUND('',#1355,.T.);
#1458=FACE_BOUND('',#1356,.T.);
#1459=FACE_BOUND('',#1357,.T.);
#1460=FACE_BOUND('',#1358,.T.);
#1461=FACE_BOUND('',#1359,.T.);
#1462=FACE_BOUND('',#1360,.T.);
#1463=FACE_BOUND('',#1361,.T.);
#1464=FACE_BOUND('',#1362,.T.);
#1465=FACE_BOUND('',#1363,.T.);
#1466=FACE_BOUND('',#1364,.T.);
#1467=FACE_BOUND('',#1365,.T.);
#1468=FACE_BOUND('',#1366,.T.);
#1469=FACE_BOUND('',#1367,.T.);
#1470=FACE_BOUND('',#1368,.T.);
#1471=FACE_BOUND('',#1369,.T.);
#1472=FACE_BOUND('',#1370,.T.);
#1473=FACE_BOUND('',#1371,.T.);
#1474=FACE_BOUND('',#1372,.T.);
#1475=FACE_BOUND('',#1373,.T.);
#1476=FACE_BOUND('',#1374,.T.);
#1477=FACE_BOUND('',#1375,.T.);
#1478=FACE_BOUND('',#1376,.T.);
#1479=FACE_BOUND('',#1377,.T.);
#1480=FACE_BOUND('',#1378,.T.);
#1481=FACE_BOUND('',#1379,.T.);
#1482=FACE_BOUND('',#1380,.T.);
#1483=FACE_BOUND('',#1381,.T.);
#1484=FACE_BOUND('',#1382,.T.);
#1485=FACE_BOUND('',#1383,.T.);
#1486=FACE_BOUND('',#1384,.T.);
#1487=FACE_BOUND('',#1385,.T.);
#1488=FACE_BOUND('',#1386,.T.);
#1489=FACE_BOUND('',#1387,.T.);
#1490=FACE_BOUND('',#1388,.T.);
#1491=FACE_BOUND('',#1389,.T.);
#1492=FACE_BOUND('',#1390,.T.);
#1493=FACE_BOUND('',#1391,.T.);
#1494=FACE_BOUND('',#1392,.T.);
#1495=FACE_BOUND('',#1393,.T.);
#1496=FACE_BOUND('',#1394,.T.);
#1497=FACE_BOUND('',#1395,.T.);
#1498=FACE_BOUND('',#1396,.T.);
#1499=FACE_BOUND('',#1397,.T.);
#1500=FACE_BOUND('',#1398,.T.);
#1501=FACE_BOUND('',#1399,.T.);
#1502=FACE_BOUND('',#1400,.T.);
#1503=FACE_BOUND('',#1401,.T.);
#1504=FACE_BOUND('',#1402,.T.);
#1505=FACE_BOUND('',#1403,.T.);
#1506=FACE_BOUND('',#1404,.T.);
#1507=FACE_BOUND('',#1405,.T.);
#1508=FACE_BOUND('',#1406,.T.);
#1509=PLANE('',#1687);
#1510=PLANE('',#1696);
#1511=PLANE('',#1698);
#1512=PLANE('',#1701);
#1513=PLANE('',#1702);
#1514=PLANE('',#1703);
#1515=PLANE('',#1704);
#1516=PLANE('',#1705);
#1517=PLANE('',#1706);
#1518=PLANE('',#1707);
#1519=PLANE('',#1708);
#1520=PLANE('',#1709);
#1521=PLANE('',#1710);
#1522=PLANE('',#1711);
#1523=PLANE('',#1712);
#1524=PLANE('',#1713);
#1525=PLANE('',#1714);
#1526=PLANE('',#1715);
#1527=PLANE('',#1716);
#1528=PLANE('',#1717);
#1529=PLANE('',#1718);
#1530=PLANE('',#1719);
#1531=PLANE('',#1720);
#1532=PLANE('',#1721);
#1533=PLANE('',#1722);
#1534=PLANE('',#1723);
#1535=PLANE('',#1724);
#1536=PLANE('',#1725);
#1537=PLANE('',#1726);
#1538=PLANE('',#1727);
#1539=PLANE('',#1728);
#1540=PLANE('',#1729);
#1541=PLANE('',#1730);
#1542=PLANE('',#1731);
#1543=PLANE('',#1732);
#1544=PLANE('',#1733);
#1545=PLANE('',#1734);
#1546=PLANE('',#1735);
#1547=PLANE('',#1736);
#1548=PLANE('',#1737);
#1549=PLANE('',#1738);
#1550=PLANE('',#1739);
#1551=PLANE('',#1740);
#1552=PLANE('',#1741);
#1553=PLANE('',#1742);
#1554=PLANE('',#1743);
#1555=PLANE('',#1744);
#1556=PLANE('',#1745);
#1557=PLANE('',#1746);
#1558=PLANE('',#1749);
#1559=PLANE('',#1750);
#1560=PLANE('',#1751);
#1561=PLANE('',#1752);
#1562=PLANE('',#1755);
#1563=PLANE('',#1756);
#1564=PLANE('',#1757);
#1565=PLANE('',#1758);
#1566=PLANE('',#1761);
#1567=PLANE('',#1762);
#1568=PLANE('',#1763);
#1569=PLANE('',#1764);
#1570=PLANE('',#1765);
#1571=PLANE('',#1768);
#1572=PLANE('',#1769);
#1573=PLANE('',#1772);
#1574=PLANE('',#1773);
#1575=PLANE('',#1774);
#1576=PLANE('',#1775);
#1577=PLANE('',#1776);
#1578=PLANE('',#1779);
#1579=PLANE('',#1780);
#1580=PLANE('',#1781);
#1581=PLANE('',#1782);
#1582=PLANE('',#1785);
#1583=PLANE('',#1786);
#1584=PLANE('',#1787);
#1585=PLANE('',#1788);
#1586=PLANE('',#1791);
#1587=ADVANCED_FACE('',(#1407,#1408,#1409,#1410,#1411,#1412,#1413,#1414),
#1509,.T.);
#1588=ADVANCED_FACE('',(#1415,#1416,#1417,#1418,#1419),#1510,.T.);
#1589=ADVANCED_FACE('',(#1420),#1511,.T.);
#1590=ADVANCED_FACE('',(#1421),#12,.F.);
#1591=ADVANCED_FACE('',(#1422,#1423,#1424,#1425,#1426),#1512,.F.);
#1592=ADVANCED_FACE('',(#1427),#1513,.T.);
#1593=ADVANCED_FACE('',(#1428),#1514,.F.);
#1594=ADVANCED_FACE('',(#1429),#1515,.T.);
#1595=ADVANCED_FACE('',(#1430),#1516,.T.);
#1596=ADVANCED_FACE('',(#1431),#1517,.T.);
#1597=ADVANCED_FACE('',(#1432),#1518,.F.);
#1598=ADVANCED_FACE('',(#1433),#1519,.T.);
#1599=ADVANCED_FACE('',(#1434),#1520,.F.);
#1600=ADVANCED_FACE('',(#1435),#1521,.F.);
#1601=ADVANCED_FACE('',(#1436),#1522,.T.);
#1602=ADVANCED_FACE('',(#1437),#1523,.F.);
#1603=ADVANCED_FACE('',(#1438),#1524,.T.);
#1604=ADVANCED_FACE('',(#1439),#1525,.F.);
#1605=ADVANCED_FACE('',(#1440),#1526,.F.);
#1606=ADVANCED_FACE('',(#1441),#1527,.T.);
#1607=ADVANCED_FACE('',(#1442),#1528,.T.);
#1608=ADVANCED_FACE('',(#1443),#1529,.F.);
#1609=ADVANCED_FACE('',(#1444),#1530,.T.);
#1610=ADVANCED_FACE('',(#1445),#1531,.F.);
#1611=ADVANCED_FACE('',(#1446),#1532,.F.);
#1612=ADVANCED_FACE('',(#1447),#1533,.T.);
#1613=ADVANCED_FACE('',(#1448),#1534,.T.);
#1614=ADVANCED_FACE('',(#1449),#1535,.T.);
#1615=ADVANCED_FACE('',(#1450),#1536,.F.);
#1616=ADVANCED_FACE('',(#1451),#1537,.F.);
#1617=ADVANCED_FACE('',(#1452),#1538,.F.);
#1618=ADVANCED_FACE('',(#1453),#1539,.F.);
#1619=ADVANCED_FACE('',(#1454),#1540,.F.);
#1620=ADVANCED_FACE('',(#1455),#1541,.T.);
#1621=ADVANCED_FACE('',(#1456),#1542,.T.);
#1622=ADVANCED_FACE('',(#1457),#1543,.T.);
#1623=ADVANCED_FACE('',(#1458),#1544,.T.);
#1624=ADVANCED_FACE('',(#1459),#1545,.T.);
#1625=ADVANCED_FACE('',(#1460),#1546,.T.);
#1626=ADVANCED_FACE('',(#1461),#1547,.T.);
#1627=ADVANCED_FACE('',(#1462),#1548,.T.);
#1628=ADVANCED_FACE('',(#1463),#1549,.T.);
#1629=ADVANCED_FACE('',(#1464),#1550,.F.);
#1630=ADVANCED_FACE('',(#1465),#1551,.T.);
#1631=ADVANCED_FACE('',(#1466),#1552,.T.);
#1632=ADVANCED_FACE('',(#1467),#1553,.T.);
#1633=ADVANCED_FACE('',(#1468),#1554,.T.);
#1634=ADVANCED_FACE('',(#1469),#1555,.T.);
#1635=ADVANCED_FACE('',(#1470),#1556,.T.);
#1636=ADVANCED_FACE('',(#1471),#1557,.T.);
#1637=ADVANCED_FACE('',(#1472),#13,.F.);
#1638=ADVANCED_FACE('',(#1473),#1558,.T.);
#1639=ADVANCED_FACE('',(#1474),#1559,.T.);
#1640=ADVANCED_FACE('',(#1475),#1560,.F.);
#1641=ADVANCED_FACE('',(#1476),#1561,.F.);
#1642=ADVANCED_FACE('',(#1477),#14,.T.);
#1643=ADVANCED_FACE('',(#1478),#1562,.T.);
#1644=ADVANCED_FACE('',(#1479),#1563,.T.);
#1645=ADVANCED_FACE('',(#1480),#1564,.F.);
#1646=ADVANCED_FACE('',(#1481),#1565,.F.);
#1647=ADVANCED_FACE('',(#1482),#15,.F.);
#1648=ADVANCED_FACE('',(#1483),#1566,.T.);
#1649=ADVANCED_FACE('',(#1484),#1567,.T.);
#1650=ADVANCED_FACE('',(#1485),#1568,.T.);
#1651=ADVANCED_FACE('',(#1486),#1569,.T.);
#1652=ADVANCED_FACE('',(#1487),#1570,.F.);
#1653=ADVANCED_FACE('',(#1488),#16,.T.);
#1654=ADVANCED_FACE('',(#1489),#1571,.T.);
#1655=ADVANCED_FACE('',(#1490),#1572,.T.);
#1656=ADVANCED_FACE('',(#1491),#17,.T.);
#1657=ADVANCED_FACE('',(#1492),#1573,.T.);
#1658=ADVANCED_FACE('',(#1493),#1574,.T.);
#1659=ADVANCED_FACE('',(#1494),#1575,.T.);
#1660=ADVANCED_FACE('',(#1495),#1576,.T.);
#1661=ADVANCED_FACE('',(#1496),#1577,.F.);
#1662=ADVANCED_FACE('',(#1497),#18,.T.);
#1663=ADVANCED_FACE('',(#1498),#1578,.T.);
#1664=ADVANCED_FACE('',(#1499),#1579,.T.);
#1665=ADVANCED_FACE('',(#1500),#1580,.T.);
#1666=ADVANCED_FACE('',(#1501),#1581,.F.);
#1667=ADVANCED_FACE('',(#1502),#19,.T.);
#1668=ADVANCED_FACE('',(#1503),#1582,.T.);
#1669=ADVANCED_FACE('',(#1504),#1583,.F.);
#1670=ADVANCED_FACE('',(#1505),#1584,.F.);
#1671=ADVANCED_FACE('',(#1506),#1585,.F.);
#1672=ADVANCED_FACE('',(#1507),#20,.T.);
#1673=ADVANCED_FACE('',(#1508),#1586,.T.);
#1674=CLOSED_SHELL('',(#1587,#1588,#1589,#1590,#1591,#1592,#1593,#1594,
#1595,#1596,#1597,#1598,#1599,#1600,#1601,#1602,#1603,#1604,#1605,#1606,
#1607,#1608,#1609,#1610,#1611,#1612,#1613,#1614,#1615,#1616,#1617,#1618,
#1619,#1620,#1621,#1622,#1623,#1624,#1625,#1626,#1627,#1628,#1629,#1630,
#1631,#1632,#1633,#1634,#1635,#1636,#1637,#1638,#1639,#1640,#1641,#1642,
#1643,#1644,#1645,#1646,#1647,#1648,#1649,#1650,#1651,#1652,#1653,#1654,
#1655,#1656,#1657,#1658,#1659,#1660,#1661,#1662,#1663,#1664,#1665,#1666,
#1667,#1668,#1669,#1670,#1671,#1672,#1673));
#1675=STYLED_ITEM('',(#1676),#1683);
#1676=PRESENTATION_STYLE_ASSIGNMENT((#1677));
#1677=SURFACE_STYLE_USAGE(.BOTH.,#1678);
#1678=SURFACE_SIDE_STYLE('',(#1679));
#1679=SURFACE_STYLE_FILL_AREA(#1680);
#1680=FILL_AREA_STYLE('',(#1681));
#1681=FILL_AREA_STYLE_COLOUR('',#1682);
#1682=COLOUR_RGB('',0.917647058823529,0.643137254901961,0.568627450980392);
#1683=MANIFOLD_SOLID_BREP('Part 2',#1674);
#1684=SHAPE_DEFINITION_REPRESENTATION(#2692,#1685);
#1685=SHAPE_REPRESENTATION('Part 2',(#1686),#2687);
#1686=AXIS2_PLACEMENT_3D('',#2216,#1792,#1793);
#1687=AXIS2_PLACEMENT_3D('',#2217,#1794,#1795);
#1688=AXIS2_PLACEMENT_3D('',#2221,#1797,#1798);
#1689=AXIS2_PLACEMENT_3D('',#2233,#1804,#1805);
#1690=AXIS2_PLACEMENT_3D('',#2241,#1809,#1810);
#1691=AXIS2_PLACEMENT_3D('',#2251,#1815,#1816);
#1692=AXIS2_PLACEMENT_3D('',#2259,#1820,#1821);
#1693=AXIS2_PLACEMENT_3D('',#2260,#1822,#1823);
#1694=AXIS2_PLACEMENT_3D('',#2275,#1830,#1831);
#1695=AXIS2_PLACEMENT_3D('',#2281,#1834,#1835);
#1696=AXIS2_PLACEMENT_3D('',#2282,#1836,#1837);
#1697=AXIS2_PLACEMENT_3D('',#2328,#1860,#1861);
#1698=AXIS2_PLACEMENT_3D('',#2363,#1880,#1881);
#1699=AXIS2_PLACEMENT_3D('',#2377,#1889,#1890);
#1700=AXIS2_PLACEMENT_3D('',#2378,#1891,#1892);
#1701=AXIS2_PLACEMENT_3D('',#2383,#1895,#1896);
#1702=AXIS2_PLACEMENT_3D('',#2414,#1913,#1914);
#1703=AXIS2_PLACEMENT_3D('',#2424,#1921,#1922);
#1704=AXIS2_PLACEMENT_3D('',#2430,#1927,#1928);
#1705=AXIS2_PLACEMENT_3D('',#2433,#1931,#1932);
#1706=AXIS2_PLACEMENT_3D('',#2435,#1934,#1935);
#1707=AXIS2_PLACEMENT_3D('',#2437,#1937,#1938);
#1708=AXIS2_PLACEMENT_3D('',#2457,#1951,#1952);
#1709=AXIS2_PLACEMENT_3D('',#2459,#1954,#1955);
#1710=AXIS2_PLACEMENT_3D('',#2461,#1957,#1958);
#1711=AXIS2_PLACEMENT_3D('',#2462,#1959,#1960);
#1712=AXIS2_PLACEMENT_3D('',#2464,#1962,#1963);
#1713=AXIS2_PLACEMENT_3D('',#2465,#1964,#1965);
#1714=AXIS2_PLACEMENT_3D('',#2466,#1966,#1967);
#1715=AXIS2_PLACEMENT_3D('',#2468,#1969,#1970);
#1716=AXIS2_PLACEMENT_3D('',#2469,#1971,#1972);
#1717=AXIS2_PLACEMENT_3D('',#2471,#1974,#1975);
#1718=AXIS2_PLACEMENT_3D('',#2472,#1976,#1977);
#1719=AXIS2_PLACEMENT_3D('',#2474,#1979,#1980);
#1720=AXIS2_PLACEMENT_3D('',#2475,#1981,#1982);
#1721=AXIS2_PLACEMENT_3D('',#2481,#1986,#1987);
#1722=AXIS2_PLACEMENT_3D('',#2483,#1989,#1990);
#1723=AXIS2_PLACEMENT_3D('',#2487,#1993,#1994);
#1724=AXIS2_PLACEMENT_3D('',#2489,#1996,#1997);
#1725=AXIS2_PLACEMENT_3D('',#2490,#1998,#1999);
#1726=AXIS2_PLACEMENT_3D('',#2496,#2003,#2004);
#1727=AXIS2_PLACEMENT_3D('',#2500,#2007,#2008);
#1728=AXIS2_PLACEMENT_3D('',#2504,#2011,#2012);
#1729=AXIS2_PLACEMENT_3D('',#2508,#2015,#2016);
#1730=AXIS2_PLACEMENT_3D('',#2510,#2018,#2019);
#1731=AXIS2_PLACEMENT_3D('',#2511,#2020,#2021);
#1732=AXIS2_PLACEMENT_3D('',#2517,#2025,#2026);
#1733=AXIS2_PLACEMENT_3D('',#2521,#2029,#2030);
#1734=AXIS2_PLACEMENT_3D('',#2525,#2033,#2034);
#1735=AXIS2_PLACEMENT_3D('',#2529,#2037,#2038);
#1736=AXIS2_PLACEMENT_3D('',#2531,#2040,#2041);
#1737=AXIS2_PLACEMENT_3D('',#2532,#2042,#2043);
#1738=AXIS2_PLACEMENT_3D('',#2536,#2046,#2047);
#1739=AXIS2_PLACEMENT_3D('',#2540,#2050,#2051);
#1740=AXIS2_PLACEMENT_3D('',#2542,#2053,#2054);
#1741=AXIS2_PLACEMENT_3D('',#2543,#2055,#2056);
#1742=AXIS2_PLACEMENT_3D('',#2549,#2060,#2061);
#1743=AXIS2_PLACEMENT_3D('',#2553,#2064,#2065);
#1744=AXIS2_PLACEMENT_3D('',#2557,#2068,#2069);
#1745=AXIS2_PLACEMENT_3D('',#2561,#2072,#2073);
#1746=AXIS2_PLACEMENT_3D('',#2563,#2075,#2076);
#1747=AXIS2_PLACEMENT_3D('',#2564,#2077,#2078);
#1748=AXIS2_PLACEMENT_3D('',#2565,#2079,#2080);
#1749=AXIS2_PLACEMENT_3D('',#2566,#2081,#2082);
#1750=AXIS2_PLACEMENT_3D('',#2567,#2083,#2084);
#1751=AXIS2_PLACEMENT_3D('',#2573,#2088,#2089);
#1752=AXIS2_PLACEMENT_3D('',#2577,#2092,#2093);
#1753=AXIS2_PLACEMENT_3D('',#2581,#2096,#2097);
#1754=AXIS2_PLACEMENT_3D('',#2584,#2099,#2100);
#1755=AXIS2_PLACEMENT_3D('',#2585,#2101,#2102);
#1756=AXIS2_PLACEMENT_3D('',#2587,#2104,#2105);
#1757=AXIS2_PLACEMENT_3D('',#2588,#2106,#2107);
#1758=AXIS2_PLACEMENT_3D('',#2594,#2111,#2112);
#1759=AXIS2_PLACEMENT_3D('',#2598,#2115,#2116);
#1760=AXIS2_PLACEMENT_3D('',#2601,#2118,#2119);
#1761=AXIS2_PLACEMENT_3D('',#2602,#2120,#2121);
#1762=AXIS2_PLACEMENT_3D('',#2606,#2124,#2125);
#1763=AXIS2_PLACEMENT_3D('',#2608,#2127,#2128);
#1764=AXIS2_PLACEMENT_3D('',#2609,#2129,#2130);
#1765=AXIS2_PLACEMENT_3D('',#2615,#2134,#2135);
#1766=AXIS2_PLACEMENT_3D('',#2619,#2138,#2139);
#1767=AXIS2_PLACEMENT_3D('',#2620,#2140,#2141);
#1768=AXIS2_PLACEMENT_3D('',#2621,#2142,#2143);
#1769=AXIS2_PLACEMENT_3D('',#2622,#2144,#2145);
#1770=AXIS2_PLACEMENT_3D('',#2628,#2149,#2150);
#1771=AXIS2_PLACEMENT_3D('',#2631,#2152,#2153);
#1772=AXIS2_PLACEMENT_3D('',#2632,#2154,#2155);
#1773=AXIS2_PLACEMENT_3D('',#2636,#2158,#2159);
#1774=AXIS2_PLACEMENT_3D('',#2638,#2161,#2162);
#1775=AXIS2_PLACEMENT_3D('',#2639,#2163,#2164);
#1776=AXIS2_PLACEMENT_3D('',#2645,#2168,#2169);
#1777=AXIS2_PLACEMENT_3D('',#2649,#2172,#2173);
#1778=AXIS2_PLACEMENT_3D('',#2652,#2175,#2176);
#1779=AXIS2_PLACEMENT_3D('',#2653,#2177,#2178);
#1780=AXIS2_PLACEMENT_3D('',#2655,#2180,#2181);
#1781=AXIS2_PLACEMENT_3D('',#2656,#2182,#2183);
#1782=AXIS2_PLACEMENT_3D('',#2662,#2187,#2188);
#1783=AXIS2_PLACEMENT_3D('',#2666,#2191,#2192);
#1784=AXIS2_PLACEMENT_3D('',#2667,#2193,#2194);
#1785=AXIS2_PLACEMENT_3D('',#2668,#2195,#2196);
#1786=AXIS2_PLACEMENT_3D('',#2669,#2197,#2198);
#1787=AXIS2_PLACEMENT_3D('',#2675,#2202,#2203);
#1788=AXIS2_PLACEMENT_3D('',#2679,#2206,#2207);
#1789=AXIS2_PLACEMENT_3D('',#2683,#2210,#2211);
#1790=AXIS2_PLACEMENT_3D('',#2684,#2212,#2213);
#1791=AXIS2_PLACEMENT_3D('',#2685,#2214,#2215);
#1792=DIRECTION('',(0.,0.,1.));
#1793=DIRECTION('',(1.,0.,0.));
#1794=DIRECTION('',(0.,-1.,0.));
#1795=DIRECTION('',(1.,0.,0.));
#1796=DIRECTION('',(0.393919272903243,0.,0.919145041022025));
#1797=DIRECTION('',(0.,-1.,0.));
#1798=DIRECTION('',(0.,0.,-1.));
#1799=DIRECTION('',(0.,0.,-1.));
#1800=DIRECTION('',(-1.,0.,0.));
#1801=DIRECTION('',(-1.,0.,0.));
#1802=DIRECTION('',(0.,0.,-1.));
#1803=DIRECTION('',(-0.853282094702981,0.,-0.521449582279335));
#1804=DIRECTION('',(0.,-1.,0.));
#1805=DIRECTION('',(0.,0.,-1.));
#1806=DIRECTION('',(-0.393919272903243,0.,-0.919145041022025));
#1807=DIRECTION('',(1.,0.,0.));
#1808=DIRECTION('',(0.,0.,-1.));
#1809=DIRECTION('',(0.,-1.,0.));
#1810=DIRECTION('',(0.,0.,-1.));
#1811=DIRECTION('',(0.,0.,-1.));
#1812=DIRECTION('',(0.,0.,-1.));
#1813=DIRECTION('',(1.,0.,0.));
#1814=DIRECTION('',(0.393919272903241,0.,-0.919145041022026));
#1815=DIRECTION('',(0.,-1.,0.));
#1816=DIRECTION('',(0.,0.,-1.));
#1817=DIRECTION('',(0.853282094702981,0.,-0.521449582279335));
#1818=DIRECTION('',(-0.856241476576185,0.,-0.516575777394405));
#1819=DIRECTION('',(0.,0.,-1.));
#1820=DIRECTION('',(0.,-1.,0.));
#1821=DIRECTION('',(0.,0.,-1.));
#1822=DIRECTION('',(0.,-1.,0.));
#1823=DIRECTION('',(0.,0.,-1.));
#1824=DIRECTION('',(-0.393919272903241,0.,0.919145041022026));
#1825=DIRECTION('',(1.,0.,0.));
#1826=DIRECTION('',(0.,0.,-1.));
#1827=DIRECTION('',(0.,0.,-1.));
#1828=DIRECTION('',(1.,0.,0.));
#1829=DIRECTION('',(0.,0.,-1.));
#1830=DIRECTION('',(0.,-1.,0.));
#1831=DIRECTION('',(0.,0.,-1.));
#1832=DIRECTION('',(0.,0.,-1.));
#1833=DIRECTION('',(0.856241476576185,0.,-0.516575777394405));
#1834=DIRECTION('',(0.,-1.,0.));
#1835=DIRECTION('',(0.,0.,-1.));
#1836=DIRECTION('',(0.,-1.,0.));
#1837=DIRECTION('',(1.,0.,0.));
#1838=DIRECTION('',(0.847998159279142,0.,0.529999171564624));
#1839=DIRECTION('',(0.894427202321446,0.,-0.447213572856898));
#1840=DIRECTION('',(0.177465494534788,0.,-0.984127023432201));
#1841=DIRECTION('',(-0.963730090315593,0.,0.266878835841845));
#1842=DIRECTION('',(-0.371390666378487,0.,0.928476694875506));
#1843=DIRECTION('',(0.,0.,-1.));
#1844=DIRECTION('',(1.,0.,0.));
#1845=DIRECTION('',(0.,0.,-1.));
#1846=DIRECTION('',(1.,0.,0.));
#1847=DIRECTION('',(-1.,0.,0.));
#1848=DIRECTION('',(-0.332125182639616,0.,0.943235316904855));
#1849=DIRECTION('',(0.619898571730996,0.,0.784681948795734));
#1850=DIRECTION('',(0.599999917045488,0.,-0.800000062215877));
#1851=DIRECTION('',(-0.343866100440994,0.,-0.939018692554895));
#1852=DIRECTION('',(-0.847998159279142,0.,0.529999171564624));
#1853=DIRECTION('',(0.371390666378487,0.,0.928476694875506));
#1854=DIRECTION('',(0.963730090315593,0.,0.266878835841845));
#1855=DIRECTION('',(-0.177465494534788,0.,-0.984127023432201));
#1856=DIRECTION('',(-0.894427202321446,0.,-0.447213572856898));
#1857=DIRECTION('',(0.924016772674255,0.,-0.382351937116389));
#1858=DIRECTION('',(0.,0.,-1.));
#1859=DIRECTION('',(1.,0.,0.));
#1860=DIRECTION('',(0.,-1.,0.));
#1861=DIRECTION('',(0.,0.,-1.));
#1862=DIRECTION('',(1.,0.,0.));
#1863=DIRECTION('',(0.,0.,-1.));
#1864=DIRECTION('',(-0.924016772674255,0.,-0.382351937116389));
#1865=DIRECTION('',(0.810679084087294,0.,-0.585490753661735));
#1866=DIRECTION('',(0.,0.,-1.));
#1867=DIRECTION('',(1.,0.,0.));
#1868=DIRECTION('',(0.,0.,-1.));
#1869=DIRECTION('',(1.,0.,0.));
#1870=DIRECTION('',(0.,0.,-1.));
#1871=DIRECTION('',(1.,0.,0.));
#1872=DIRECTION('',(0.,0.,-1.));
#1873=DIRECTION('',(1.,0.,0.));
#1874=DIRECTION('',(0.,0.,-1.));
#1875=DIRECTION('',(1.,0.,0.));
#1876=DIRECTION('',(0.,0.,-1.));
#1877=DIRECTION('',(1.,0.,0.));
#1878=DIRECTION('',(0.,0.,-1.));
#1879=DIRECTION('',(-0.810679084087294,0.,-0.585490753661735));
#1880=DIRECTION('',(0.,0.,1.));
#1881=DIRECTION('',(1.,0.,0.));
#1882=DIRECTION('',(1.,0.,0.));
#1883=DIRECTION('',(0.,1.,0.));
#1884=DIRECTION('',(1.,0.,0.));
#1885=DIRECTION('',(0.,1.,0.));
#1886=DIRECTION('',(0.,1.,0.));
#1887=DIRECTION('',(1.,0.,0.));
#1888=DIRECTION('',(0.,1.,0.));
#1889=DIRECTION('',(0.,1.,0.));
#1890=DIRECTION('',(0.,0.,1.));
#1891=DIRECTION('',(0.,-1.,0.));
#1892=DIRECTION('',(0.,0.,-1.));
#1893=DIRECTION('',(0.,1.,0.));
#1894=DIRECTION('',(0.,1.,0.));
#1895=DIRECTION('',(0.,-1.,0.));
#1896=DIRECTION('',(1.,0.,0.));
#1897=DIRECTION('',(1.,0.,0.));
#1898=DIRECTION('',(0.,0.,-1.));
#1899=DIRECTION('',(1.,0.,0.));
#1900=DIRECTION('',(1.14528375222445E-16,0.,-1.));
#1901=DIRECTION('',(0.,0.,-1.));
#1902=DIRECTION('',(1.,0.,0.));
#1903=DIRECTION('',(0.,0.,-1.));
#1904=DIRECTION('',(1.,0.,0.));
#1905=DIRECTION('',(0.,0.,-1.));
#1906=DIRECTION('',(1.,0.,0.));
#1907=DIRECTION('',(0.,0.,-1.));
#1908=DIRECTION('',(1.,0.,0.));
#1909=DIRECTION('',(1.,0.,0.));
#1910=DIRECTION('',(0.,0.,-1.));
#1911=DIRECTION('',(1.,0.,0.));
#1912=DIRECTION('',(0.,0.,-1.));
#1913=DIRECTION('',(1.,0.,0.));
#1914=DIRECTION('',(0.,0.,-1.));
#1915=DIRECTION('',(0.,0.,-1.));
#1916=DIRECTION('',(0.,1.,0.));
#1917=DIRECTION('',(0.,0.,-1.));
#1918=DIRECTION('',(0.,-1.,0.));
#1919=DIRECTION('',(0.,1.,0.));
#1920=DIRECTION('',(0.,1.,0.));
#1921=DIRECTION('',(1.,0.,0.));
#1922=DIRECTION('',(0.,0.,-1.));
#1923=DIRECTION('',(0.,1.,0.));
#1924=DIRECTION('',(0.,1.,0.));
#1925=DIRECTION('',(0.,1.,0.));
#1926=DIRECTION('',(0.,0.,-1.));
#1927=DIRECTION('',(0.,0.,1.));
#1928=DIRECTION('',(1.,0.,0.));
#1929=DIRECTION('',(0.,1.,0.));
#1930=DIRECTION('',(0.,1.,0.));
#1931=DIRECTION('',(0.,0.,1.));
#1932=DIRECTION('',(1.,0.,0.));
#1933=DIRECTION('',(0.,1.,0.));
#1934=DIRECTION('',(0.,0.,1.));
#1935=DIRECTION('',(1.,0.,0.));
#1936=DIRECTION('',(0.,1.,0.));
#1937=DIRECTION('',(0.,0.,1.));
#1938=DIRECTION('',(1.,0.,0.));
#1939=DIRECTION('',(1.,0.,0.));
#1940=DIRECTION('',(1.,0.,0.));
#1941=DIRECTION('',(0.,1.,0.));
#1942=DIRECTION('',(0.,1.,0.));
#1943=DIRECTION('',(1.,0.,0.));
#1944=DIRECTION('',(0.,-1.,0.));
#1945=DIRECTION('',(1.,0.,0.));
#1946=DIRECTION('',(0.,-1.,0.));
#1947=DIRECTION('',(0.,-1.,0.));
#1948=DIRECTION('',(1.,0.,0.));
#1949=DIRECTION('',(0.,-1.,0.));
#1950=DIRECTION('',(0.,-1.,0.));
#1951=DIRECTION('',(1.,0.,0.));
#1952=DIRECTION('',(0.,0.,-1.));
#1953=DIRECTION('',(0.,1.,0.));
#1954=DIRECTION('',(0.,0.,1.));
#1955=DIRECTION('',(1.,0.,0.));
#1956=DIRECTION('',(0.,1.,0.));
#1957=DIRECTION('',(1.,0.,0.));
#1958=DIRECTION('',(0.,0.,-1.));
#1959=DIRECTION('',(1.,0.,0.));
#1960=DIRECTION('',(0.,0.,-1.));
#1961=DIRECTION('',(0.,1.,0.));
#1962=DIRECTION('',(0.,0.,1.));
#1963=DIRECTION('',(1.,0.,0.));
#1964=DIRECTION('',(0.,0.,1.));
#1965=DIRECTION('',(1.,0.,0.));
#1966=DIRECTION('',(0.,0.,1.));
#1967=DIRECTION('',(1.,0.,0.));
#1968=DIRECTION('',(0.,1.,0.));
#1969=DIRECTION('',(1.,0.,0.));
#1970=DIRECTION('',(0.,0.,-1.));
#1971=DIRECTION('',(1.,0.,0.));
#1972=DIRECTION('',(0.,0.,-1.));
#1973=DIRECTION('',(0.,0.,-1.));
#1974=DIRECTION('',(0.,-1.,0.));
#1975=DIRECTION('',(1.,0.,0.));
#1976=DIRECTION('',(1.,0.,1.14528375222445E-16));
#1977=DIRECTION('',(1.14528375222445E-16,0.,-1.));
#1978=DIRECTION('',(1.14528375222445E-16,0.,-1.));
#1979=DIRECTION('',(0.,-1.,0.));
#1980=DIRECTION('',(1.,0.,0.));
#1981=DIRECTION('',(-0.382351937116389,0.,0.924016772674255));
#1982=DIRECTION('',(0.924016772674255,0.,0.382351937116389));
#1983=DIRECTION('',(0.,-1.,0.));
#1984=DIRECTION('',(-0.924016772674255,0.,-0.382351937116389));
#1985=DIRECTION('',(0.,-1.,0.));
#1986=DIRECTION('',(-1.,0.,0.));
#1987=DIRECTION('',(0.,0.,1.));
#1988=DIRECTION('',(0.,0.,-1.));
#1989=DIRECTION('',(-1.,0.,0.));
#1990=DIRECTION('',(0.,0.,1.));
#1991=DIRECTION('',(0.,-1.,0.));
#1992=DIRECTION('',(0.,0.,-1.));
#1993=DIRECTION('',(-0.585490753661735,0.,-0.810679084087294));
#1994=DIRECTION('',(-0.810679084087294,0.,0.585490753661735));
#1995=DIRECTION('',(0.810679084087294,0.,-0.585490753661735));
#1996=DIRECTION('',(0.,-1.,0.));
#1997=DIRECTION('',(1.,0.,0.));
#1998=DIRECTION('',(0.529999171564624,0.,-0.847998159279142));
#1999=DIRECTION('',(-0.847998159279142,0.,-0.529999171564624));
#2000=DIRECTION('',(0.,-1.,0.));
#2001=DIRECTION('',(0.847998159279142,0.,0.529999171564624));
#2002=DIRECTION('',(0.,-1.,0.));
#2003=DIRECTION('',(0.928476694875506,0.,0.371390666378487));
#2004=DIRECTION('',(0.371390666378487,0.,-0.928476694875506));
#2005=DIRECTION('',(0.,-1.,0.));
#2006=DIRECTION('',(-0.371390666378487,0.,0.928476694875506));
#2007=DIRECTION('',(0.266878835841845,0.,0.963730090315593));
#2008=DIRECTION('',(0.963730090315593,0.,-0.266878835841845));
#2009=DIRECTION('',(0.,-1.,0.));
#2010=DIRECTION('',(-0.963730090315593,0.,0.266878835841845));
#2011=DIRECTION('',(-0.9841270234322,0.,-0.177465494534788));
#2012=DIRECTION('',(-0.177465494534788,0.,0.984127023432201));
#2013=DIRECTION('',(0.,-1.,0.));
#2014=DIRECTION('',(0.177465494534788,0.,-0.984127023432201));
#2015=DIRECTION('',(-0.447213572856898,0.,-0.894427202321446));
#2016=DIRECTION('',(-0.894427202321446,0.,0.447213572856898));
#2017=DIRECTION('',(0.894427202321446,0.,-0.447213572856898));
#2018=DIRECTION('',(0.,-1.,0.));
#2019=DIRECTION('',(1.,0.,0.));
#2020=DIRECTION('',(0.943235316904855,0.,0.332125182639616));
#2021=DIRECTION('',(0.332125182639616,0.,-0.943235316904855));
#2022=DIRECTION('',(0.,-1.,0.));
#2023=DIRECTION('',(-0.332125182639616,0.,0.943235316904855));
#2024=DIRECTION('',(0.,-1.,0.));
#2025=DIRECTION('',(0.,0.,1.));
#2026=DIRECTION('',(1.,0.,0.));
#2027=DIRECTION('',(0.,-1.,0.));
#2028=DIRECTION('',(-1.,0.,0.));
#2029=DIRECTION('',(-0.939018692554895,0.,0.343866100440994));
#2030=DIRECTION('',(0.343866100440994,0.,0.939018692554895));
#2031=DIRECTION('',(0.,-1.,0.));
#2032=DIRECTION('',(-0.343866100440994,0.,-0.939018692554895));
#2033=DIRECTION('',(-0.800000062215877,0.,-0.599999917045488));
#2034=DIRECTION('',(-0.599999917045488,0.,0.800000062215877));
#2035=DIRECTION('',(0.,-1.,0.));
#2036=DIRECTION('',(0.599999917045488,0.,-0.800000062215877));
#2037=DIRECTION('',(0.784681948795734,0.,-0.619898571730996));
#2038=DIRECTION('',(-0.619898571730996,0.,-0.784681948795734));
#2039=DIRECTION('',(0.619898571730996,0.,0.784681948795734));
#2040=DIRECTION('',(0.,-1.,0.));
#2041=DIRECTION('',(1.,0.,0.));
#2042=DIRECTION('',(-1.,0.,0.));
#2043=DIRECTION('',(0.,0.,1.));
#2044=DIRECTION('',(0.,-1.,0.));
#2045=DIRECTION('',(0.,0.,-1.));
#2046=DIRECTION('',(-0.382351937116389,0.,-0.924016772674255));
#2047=DIRECTION('',(-0.924016772674255,0.,0.382351937116389));
#2048=DIRECTION('',(0.,-1.,0.));
#2049=DIRECTION('',(0.924016772674255,0.,-0.382351937116389));
#2050=DIRECTION('',(-0.585490753661735,0.,0.810679084087294));
#2051=DIRECTION('',(0.810679084087294,0.,0.585490753661735));
#2052=DIRECTION('',(-0.810679084087294,0.,-0.585490753661735));
#2053=DIRECTION('',(0.,-1.,0.));
#2054=DIRECTION('',(1.,0.,0.));
#2055=DIRECTION('',(0.928476694875506,0.,-0.371390666378487));
#2056=DIRECTION('',(-0.371390666378487,0.,-0.928476694875506));
#2057=DIRECTION('',(0.,-1.,0.));
#2058=DIRECTION('',(0.371390666378487,0.,0.928476694875506));
#2059=DIRECTION('',(0.,-1.,0.));
#2060=DIRECTION('',(0.529999171564624,0.,0.847998159279142));
#2061=DIRECTION('',(0.847998159279142,0.,-0.529999171564624));
#2062=DIRECTION('',(0.,-1.,0.));
#2063=DIRECTION('',(-0.847998159279142,0.,0.529999171564624));
#2064=DIRECTION('',(-0.447213572856898,0.,0.894427202321446));
#2065=DIRECTION('',(0.894427202321446,0.,0.447213572856898));
#2066=DIRECTION('',(0.,-1.,0.));
#2067=DIRECTION('',(-0.894427202321446,0.,-0.447213572856898));
#2068=DIRECTION('',(-0.9841270234322,0.,0.177465494534788));
#2069=DIRECTION('',(0.177465494534788,0.,0.984127023432201));
#2070=DIRECTION('',(0.,-1.,0.));
#2071=DIRECTION('',(-0.177465494534788,0.,-0.984127023432201));
#2072=DIRECTION('',(0.266878835841845,0.,-0.963730090315593));
#2073=DIRECTION('',(-0.963730090315593,0.,-0.266878835841845));
#2074=DIRECTION('',(0.963730090315593,0.,0.266878835841845));
#2075=DIRECTION('',(0.,-1.,0.));
#2076=DIRECTION('',(1.,0.,0.));
#2077=DIRECTION('',(0.,-1.,0.));
#2078=DIRECTION('',(0.,0.,-1.));
#2079=DIRECTION('',(0.,-1.,0.));
#2080=DIRECTION('',(0.,0.,-1.));
#2081=DIRECTION('',(0.,-1.,0.));
#2082=DIRECTION('',(1.,0.,0.));
#2083=DIRECTION('',(0.,0.,-1.));
#2084=DIRECTION('',(-1.,0.,0.));
#2085=DIRECTION('',(0.,-1.,0.));
#2086=DIRECTION('',(1.,0.,0.));
#2087=DIRECTION('',(0.,-1.,0.));
#2088=DIRECTION('',(-1.,0.,0.));
#2089=DIRECTION('',(0.,0.,1.));
#2090=DIRECTION('',(0.,-1.,0.));
#2091=DIRECTION('',(0.,0.,-1.));
#2092=DIRECTION('',(-0.521449582279335,0.,-0.853282094702981));
#2093=DIRECTION('',(-0.853282094702981,0.,0.521449582279335));
#2094=DIRECTION('',(0.,-1.,0.));
#2095=DIRECTION('',(0.853282094702981,0.,-0.521449582279335));
#2096=DIRECTION('',(0.,-1.,0.));
#2097=DIRECTION('',(0.,0.,-1.));
#2098=DIRECTION('',(0.,-1.,0.));
#2099=DIRECTION('',(0.,-1.,0.));
#2100=DIRECTION('',(0.,0.,-1.));
#2101=DIRECTION('',(-0.919145041022026,0.,-0.393919272903241));
#2102=DIRECTION('',(-0.393919272903241,0.,0.919145041022026));
#2103=DIRECTION('',(0.393919272903241,0.,-0.919145041022026));
#2104=DIRECTION('',(0.,-1.,0.));
#2105=DIRECTION('',(1.,0.,0.));
#2106=DIRECTION('',(0.,0.,1.));
#2107=DIRECTION('',(1.,0.,0.));
#2108=DIRECTION('',(0.,-1.,0.));
#2109=DIRECTION('',(-1.,0.,0.));
#2110=DIRECTION('',(0.,-1.,0.));
#2111=DIRECTION('',(-0.919145041022025,0.,0.393919272903243));
#2112=DIRECTION('',(0.393919272903243,0.,0.919145041022025));
#2113=DIRECTION('',(0.,-1.,0.));
#2114=DIRECTION('',(-0.393919272903243,0.,-0.919145041022025));
#2115=DIRECTION('',(0.,-1.,0.));
#2116=DIRECTION('',(0.,0.,-1.));
#2117=DIRECTION('',(0.,-1.,0.));
#2118=DIRECTION('',(0.,-1.,0.));
#2119=DIRECTION('',(0.,0.,-1.));
#2120=DIRECTION('',(-0.521449582279335,0.,0.853282094702981));
#2121=DIRECTION('',(0.853282094702981,0.,0.521449582279335));
#2122=DIRECTION('',(0.,-1.,0.));
#2123=DIRECTION('',(-0.853282094702981,0.,-0.521449582279335));
#2124=DIRECTION('',(-1.,0.,0.));
#2125=DIRECTION('',(0.,0.,1.));
#2126=DIRECTION('',(0.,0.,-1.));
#2127=DIRECTION('',(0.,-1.,0.));
#2128=DIRECTION('',(1.,0.,0.));
#2129=DIRECTION('',(-1.,0.,0.));
#2130=DIRECTION('',(0.,0.,1.));
#2131=DIRECTION('',(0.,-1.,0.));
#2132=DIRECTION('',(0.,0.,-1.));
#2133=DIRECTION('',(0.,-1.,0.));
#2134=DIRECTION('',(-0.516575777394405,0.,0.856241476576185));
#2135=DIRECTION('',(0.856241476576185,0.,0.516575777394405));
#2136=DIRECTION('',(0.,-1.,0.));
#2137=DIRECTION('',(-0.856241476576185,0.,-0.516575777394405));
#2138=DIRECTION('',(0.,-1.,0.));
#2139=DIRECTION('',(0.,0.,-1.));
#2140=DIRECTION('',(0.,-1.,0.));
#2141=DIRECTION('',(0.,0.,-1.));
#2142=DIRECTION('',(0.,-1.,0.));
#2143=DIRECTION('',(1.,0.,0.));
#2144=DIRECTION('',(0.919145041022026,0.,0.393919272903241));
#2145=DIRECTION('',(0.393919272903241,0.,-0.919145041022026));
#2146=DIRECTION('',(0.,-1.,0.));
#2147=DIRECTION('',(-0.393919272903241,0.,0.919145041022026));
#2148=DIRECTION('',(0.,-1.,0.));
#2149=DIRECTION('',(0.,-1.,0.));
#2150=DIRECTION('',(0.,0.,-1.));
#2151=DIRECTION('',(0.,-1.,0.));
#2152=DIRECTION('',(0.,-1.,0.));
#2153=DIRECTION('',(0.,0.,-1.));
#2154=DIRECTION('',(-1.,0.,0.));
#2155=DIRECTION('',(0.,0.,1.));
#2156=DIRECTION('',(0.,-1.,0.));
#2157=DIRECTION('',(0.,0.,-1.));
#2158=DIRECTION('',(0.,0.,-1.));
#2159=DIRECTION('',(-1.,0.,0.));
#2160=DIRECTION('',(1.,0.,0.));
#2161=DIRECTION('',(0.,-1.,0.));
#2162=DIRECTION('',(1.,0.,0.));
#2163=DIRECTION('',(0.,0.,-1.));
#2164=DIRECTION('',(-1.,0.,0.));
#2165=DIRECTION('',(0.,-1.,0.));
#2166=DIRECTION('',(1.,0.,0.));
#2167=DIRECTION('',(0.,-1.,0.));
#2168=DIRECTION('',(-1.,0.,0.));
#2169=DIRECTION('',(0.,0.,1.));
#2170=DIRECTION('',(0.,-1.,0.));
#2171=DIRECTION('',(0.,0.,-1.));
#2172=DIRECTION('',(0.,-1.,0.));
#2173=DIRECTION('',(0.,0.,-1.));
#2174=DIRECTION('',(0.,-1.,0.));
#2175=DIRECTION('',(0.,-1.,0.));
#2176=DIRECTION('',(0.,0.,-1.));
#2177=DIRECTION('',(-1.,0.,0.));
#2178=DIRECTION('',(0.,0.,1.));
#2179=DIRECTION('',(0.,0.,-1.));
#2180=DIRECTION('',(0.,-1.,0.));
#2181=DIRECTION('',(1.,0.,0.));
#2182=DIRECTION('',(-0.516575777394405,0.,-0.856241476576185));
#2183=DIRECTION('',(-0.856241476576185,0.,0.516575777394405));
#2184=DIRECTION('',(0.,-1.,0.));
#2185=DIRECTION('',(0.856241476576185,0.,-0.516575777394405));
#2186=DIRECTION('',(0.,-1.,0.));
#2187=DIRECTION('',(-1.,0.,0.));
#2188=DIRECTION('',(0.,0.,1.));
#2189=DIRECTION('',(0.,-1.,0.));
#2190=DIRECTION('',(0.,0.,-1.));
#2191=DIRECTION('',(0.,-1.,0.));
#2192=DIRECTION('',(0.,0.,-1.));
#2193=DIRECTION('',(0.,-1.,0.));
#2194=DIRECTION('',(0.,0.,-1.));
#2195=DIRECTION('',(0.,-1.,0.));
#2196=DIRECTION('',(1.,0.,0.));
#2197=DIRECTION('',(0.919145041022025,0.,-0.393919272903243));
#2198=DIRECTION('',(-0.393919272903243,0.,-0.919145041022025));
#2199=DIRECTION('',(0.,-1.,0.));
#2200=DIRECTION('',(0.393919272903243,0.,0.919145041022025));
#2201=DIRECTION('',(0.,-1.,0.));
#2202=DIRECTION('',(0.,0.,1.));
#2203=DIRECTION('',(1.,0.,0.));
#2204=DIRECTION('',(0.,-1.,0.));
#2205=DIRECTION('',(-1.,0.,0.));
#2206=DIRECTION('',(-1.,0.,0.));
#2207=DIRECTION('',(0.,0.,1.));
#2208=DIRECTION('',(0.,-1.,0.));
#2209=DIRECTION('',(0.,0.,-1.));
#2210=DIRECTION('',(0.,-1.,0.));
#2211=DIRECTION('',(0.,0.,-1.));
#2212=DIRECTION('',(0.,-1.,0.));
#2213=DIRECTION('',(0.,0.,-1.));
#2214=DIRECTION('',(0.,-1.,0.));
#2215=DIRECTION('',(1.,0.,0.));
#2216=CARTESIAN_POINT('',(0.,0.,0.));
#2217=CARTESIAN_POINT('',(0.000459854491055012,-0.0015,-0.008163321018219));
#2218=CARTESIAN_POINT('',(0.015881387551068,-0.0015,0.0457554738968611));
#2219=CARTESIAN_POINT('',(0.0146003654226661,-0.0015,0.04276642203331));
#2220=CARTESIAN_POINT('',(0.01716240967947,-0.0015,0.0487445257604122));
#2221=CARTESIAN_POINT('',(0.00582396438643808,-0.0015,0.0299891923464432));
#2222=CARTESIAN_POINT('',(0.0094270082190634,-0.0015,0.0450656935572624));
#2223=CARTESIAN_POINT('',(0.0094270082190634,-0.0015,0.0469051096588373));
#2224=CARTESIAN_POINT('',(0.0094270082190634,-0.0015,0.0487445257604122));
#2225=CARTESIAN_POINT('',(0.0132947089492667,-0.0015,0.0487445257604122));
#2226=CARTESIAN_POINT('',(0.0242573004215956,-0.0015,0.0487445257604122));
#2227=CARTESIAN_POINT('',(0.0279361326247454,-0.0015,0.0487445257604122));
#2228=CARTESIAN_POINT('',(0.0205784682184458,-0.0015,0.0487445257604122));
#2229=CARTESIAN_POINT('',(0.0279361326247454,-0.0015,0.0457554738968611));
#2230=CARTESIAN_POINT('',(0.0279361326247454,-0.0015,0.04276642203331));
#2231=CARTESIAN_POINT('',(0.0237974459305405,-0.0015,0.0402372274547815));
#2232=CARTESIAN_POINT('',(0.0196587592363358,-0.0015,0.0377080328762531));
#2233=CARTESIAN_POINT('',(0.0782871999633784,-0.0015,0.08988135018101));
#2234=CARTESIAN_POINT('',(0.0171295627951622,-0.0015,0.0406970791518688));
#2235=CARTESIAN_POINT('',(0.018854015506804,-0.0015,0.0447208024561405));
#2236=CARTESIAN_POINT('',(0.000459854491055012,-0.0015,0.052423357963562));
#2237=CARTESIAN_POINT('',(-0.0300054755061865,-0.0015,0.052423357963562));
#2238=CARTESIAN_POINT('',(0.0309251844882965,-0.0015,0.052423357963562));
#2239=CARTESIAN_POINT('',(-0.0300054755061865,-0.0015,0.0364281553775072));
#2240=CARTESIAN_POINT('',(-0.0300054755061865,-0.0015,0.0204329527914524));
#2241=CARTESIAN_POINT('',(0.00045985449105505,-0.0015,0.0102000547303127));
#2242=CARTESIAN_POINT('',(0.0309251844882965,-0.0015,0.0204329527914524));
#2243=CARTESIAN_POINT('',(0.0309251844882965,-0.0015,0.0364281553775072));
#2244=CARTESIAN_POINT('',(-0.0279361326247454,-0.0015,0.0457554738968611));
#2245=CARTESIAN_POINT('',(-0.0279361326247454,-0.0015,0.0487445257604122));
#2246=CARTESIAN_POINT('',(-0.0279361326247454,-0.0015,0.04276642203331));
#2247=CARTESIAN_POINT('',(-0.0242573004215956,-0.0015,0.0487445257604122));
#2248=CARTESIAN_POINT('',(-0.0205784682184458,-0.0015,0.0487445257604122));
#2249=CARTESIAN_POINT('',(-0.018854015506804,-0.0015,0.0447208024561405));
#2250=CARTESIAN_POINT('',(-0.0171295627951622,-0.0015,0.0406970791518688));
#2251=CARTESIAN_POINT('',(0.047439519667372,-0.0015,-0.0165029418403702));
#2252=CARTESIAN_POINT('',(-0.0196587592363358,-0.0015,0.0377080328762531));
#2253=CARTESIAN_POINT('',(-0.0237974459305405,-0.0015,0.0402372274547815));
#2254=CARTESIAN_POINT('',(0.0246884133666754,-0.0015,0.038771441206336));
#2255=CARTESIAN_POINT('',(0.0281660594046116,-0.0015,0.0408695265650749));
#2256=CARTESIAN_POINT('',(0.0212107673287391,-0.0015,0.0366733558475971));
#2257=CARTESIAN_POINT('',(0.0281660594046116,-0.0015,0.0351788317784667));
#2258=CARTESIAN_POINT('',(0.0281660594046116,-0.0015,0.0294881369918585));
#2259=CARTESIAN_POINT('',(0.0137272977477195,-0.0015,0.0224703861596007));
#2260=CARTESIAN_POINT('',(0.0118641526819044,-0.0015,-0.00980904239895776));
#2261=CARTESIAN_POINT('',(-0.00942700821906341,-0.0015,0.0450656935572624));
#2262=CARTESIAN_POINT('',(-0.0146003654226661,-0.0015,0.04276642203331));
#2263=CARTESIAN_POINT('',(-0.015881387551068,-0.0015,0.0457554738968611));
#2264=CARTESIAN_POINT('',(-0.01716240967947,-0.0015,0.0487445257604122));
#2265=CARTESIAN_POINT('',(-0.0132947089492667,-0.0015,0.0487445257604122));
#2266=CARTESIAN_POINT('',(-0.0094270082190634,-0.0015,0.0487445257604122));
#2267=CARTESIAN_POINT('',(-0.0094270082190634,-0.0015,0.0469051096588373));
#2268=CARTESIAN_POINT('',(-0.00787500012665987,-0.0015,0.04693385027349));
#2269=CARTESIAN_POINT('',(-0.00787500012665987,-0.0015,0.0487445257604122));
#2270=CARTESIAN_POINT('',(-0.00787500012665988,-0.0015,0.0451231747865677));
#2271=CARTESIAN_POINT('',(0.,-0.0015,0.0487445257604122));
#2272=CARTESIAN_POINT('',(0.00787500012665987,-0.0015,0.0487445257604122));
#2273=CARTESIAN_POINT('',(0.00787500012665987,-0.0015,0.04693385027349));
#2274=CARTESIAN_POINT('',(0.00787500012665987,-0.0015,0.0451231747865677));
#2275=CARTESIAN_POINT('',(-2.60208521396521E-18,-0.0015,0.0159847672588068));
#2276=CARTESIAN_POINT('',(-0.0281660594046116,-0.0015,0.0351788317784667));
#2277=CARTESIAN_POINT('',(-0.0281660594046116,-0.0015,0.0408695265650749));
#2278=CARTESIAN_POINT('',(-0.0281660594046116,-0.0015,0.0294881369918585));
#2279=CARTESIAN_POINT('',(-0.0246884133666754,-0.0015,0.038771441206336));
#2280=CARTESIAN_POINT('',(-0.0212107673287391,-0.0015,0.0366733558475971));
#2281=CARTESIAN_POINT('',(-0.015457410179885,-0.0015,0.0241451350477572));
#2282=CARTESIAN_POINT('',(0.000459854491055012,-0.0015,-0.008163321018219));
#2283=CARTESIAN_POINT('',(-0.00885219033807516,-0.0015,-0.0595510974526405));
#2284=CARTESIAN_POINT('',(-0.0106916064396501,-0.0015,-0.0607007332146168));
#2285=CARTESIAN_POINT('',(-0.00701277423650026,-0.0015,-0.0584014616906643));
#2286=CARTESIAN_POINT('',(-0.018049271311611,-0.0015,-0.057021901011467));
#2287=CARTESIAN_POINT('',(-0.0254069361835718,-0.0015,-0.0533430688083172));
#2288=CARTESIAN_POINT('',(-0.0266715344041586,-0.0015,-0.0463302955031395));
#2289=CARTESIAN_POINT('',(-0.0279361326247454,-0.0015,-0.0393175221979618));
#2290=CARTESIAN_POINT('',(-0.0204635048285126,-0.0015,-0.0413868632167578));
#2291=CARTESIAN_POINT('',(-0.01299087703228,-0.0015,-0.0434562042355537));
#2292=CARTESIAN_POINT('',(-0.0100018256343901,-0.0015,-0.050928832963109));
#2293=CARTESIAN_POINT('',(0.0134507305920124,-0.0015,-0.00433881251364946));
#2294=CARTESIAN_POINT('',(0.0134507305920124,-0.0015,0.0177329527914524));
#2295=CARTESIAN_POINT('',(0.0134507305920124,-0.0015,-0.0264105778187514));
#2296=CARTESIAN_POINT('',(0.000459854491055012,-0.0015,-0.0264105778187514));
#2297=CARTESIAN_POINT('',(-0.012594192288816,-0.0015,-0.0264105778187514));
#2298=CARTESIAN_POINT('',(-0.012594192288816,-0.0015,-0.00433881251364946));
#2299=CARTESIAN_POINT('',(-0.012594192288816,-0.0015,0.0177329527914524));
#2300=CARTESIAN_POINT('',(0.000428269151598215,-0.0015,0.0177329527914524));
#2301=CARTESIAN_POINT('',(-0.000344890519045294,-0.0015,-0.0579416081309319));
#2302=CARTESIAN_POINT('',(0.00264416076242924,-0.0015,-0.0579416081309319));
#2303=CARTESIAN_POINT('',(-0.00333394180051982,-0.0015,-0.0579416081309319));
#2304=CARTESIAN_POINT('',(-0.0062080294592306,-0.0015,-0.0497792009264231));
#2305=CARTESIAN_POINT('',(-0.00908211711794138,-0.0015,-0.0416167937219143));
#2306=CARTESIAN_POINT('',(-0.00454105855897069,-0.0015,-0.0358686167746783));
#2307=CARTESIAN_POINT('',(0.,-0.0015,-0.0301204398274421));
#2308=CARTESIAN_POINT('',(0.00431113177910447,-0.0015,-0.0358686167746783));
#2309=CARTESIAN_POINT('',(0.00862226355820894,-0.0015,-0.0416167937219143));
#2310=CARTESIAN_POINT('',(0.00563321216031909,-0.0015,-0.0497792009264231));
#2311=CARTESIAN_POINT('',(0.00885219033807516,-0.0015,-0.0595510974526405));
#2312=CARTESIAN_POINT('',(0.0106916064396501,-0.0015,-0.0607007332146168));
#2313=CARTESIAN_POINT('',(0.00701277423650026,-0.0015,-0.0584014616906643));
#2314=CARTESIAN_POINT('',(0.0100018256343901,-0.0015,-0.050928832963109));
#2315=CARTESIAN_POINT('',(0.01299087703228,-0.0015,-0.0434562042355537));
#2316=CARTESIAN_POINT('',(0.0204635048285126,-0.0015,-0.0413868632167578));
#2317=CARTESIAN_POINT('',(0.0279361326247454,-0.0015,-0.0393175221979618));
#2318=CARTESIAN_POINT('',(0.0266715344041586,-0.0015,-0.0463302955031395));
#2319=CARTESIAN_POINT('',(0.0254069361835718,-0.0015,-0.0533430688083172));
#2320=CARTESIAN_POINT('',(0.018049271311611,-0.0015,-0.057021901011467));
#2321=CARTESIAN_POINT('',(-0.019198905210942,-0.0015,-0.0616204403340817));
#2322=CARTESIAN_POINT('',(-0.0258667878806591,-0.0015,-0.0588613152503967));
#2323=CARTESIAN_POINT('',(-0.012531022541225,-0.0015,-0.0643795654177666));
#2324=CARTESIAN_POINT('',(-0.012531022541225,-0.0015,-0.0665647827088833));
#2325=CARTESIAN_POINT('',(-0.012531022541225,-0.0015,-0.06875));
#2326=CARTESIAN_POINT('',(0.000459854491055012,-0.0015,-0.06875));
#2327=CARTESIAN_POINT('',(-0.00747262826189399,-0.0015,-0.06875));
#2328=CARTESIAN_POINT('',(-0.000229927012696861,-0.0015,-0.06875));
#2329=CARTESIAN_POINT('',(0.00701277423650027,-0.0015,-0.06875));
#2330=CARTESIAN_POINT('',(0.000459854491055012,-0.0015,-0.06875));
#2331=CARTESIAN_POINT('',(0.012531022541225,-0.0015,-0.06875));
#2332=CARTESIAN_POINT('',(0.012531022541225,-0.0015,-0.0665647827088833));
#2333=CARTESIAN_POINT('',(0.012531022541225,-0.0015,-0.0643795654177666));
#2334=CARTESIAN_POINT('',(0.019198905210942,-0.0015,-0.0616204403340817));
#2335=CARTESIAN_POINT('',(0.0258667878806591,-0.0015,-0.0588613152503967));
#2336=CARTESIAN_POINT('',(0.0279361316934228,-0.0015,-0.0603558421134949));
#2337=CARTESIAN_POINT('',(0.0300054755061865,-0.0015,-0.061850368976593));
#2338=CARTESIAN_POINT('',(0.0300054755061865,-0.0015,-0.0653001844882965));
#2339=CARTESIAN_POINT('',(0.0300054755061865,-0.0015,-0.06875));
#2340=CARTESIAN_POINT('',(0.000459854491055012,-0.0015,-0.06875));
#2341=CARTESIAN_POINT('',(0.0309251844882965,-0.0015,-0.06875));
#2342=CARTESIAN_POINT('',(0.0309251844882965,-0.0015,-0.0475802889093757));
#2343=CARTESIAN_POINT('',(0.0309251844882965,-0.0015,-0.0264105778187514));
#2344=CARTESIAN_POINT('',(0.000459854491055012,-0.0015,-0.0264105778187514));
#2345=CARTESIAN_POINT('',(0.0152901466935873,-0.0015,-0.0264105778187514));
#2346=CARTESIAN_POINT('',(0.0152901466935873,-0.0015,-0.00433881251364946));
#2347=CARTESIAN_POINT('',(0.0152901466935873,-0.0015,0.0177329527914524));
#2348=CARTESIAN_POINT('',(0.0231076655909419,-0.0015,0.0177329527914524));
#2349=CARTESIAN_POINT('',(0.0309251844882965,-0.0015,0.0177329527914524));
#2350=CARTESIAN_POINT('',(0.0309251844882965,-0.0015,0.0190829527914524));
#2351=CARTESIAN_POINT('',(0.000459854491055012,-0.0015,0.0204329527914524));
#2352=CARTESIAN_POINT('',(-0.0300054755061865,-0.0015,0.0190829527914524));
#2353=CARTESIAN_POINT('',(-0.0300054755061865,-0.0015,0.0177329527914524));
#2354=CARTESIAN_POINT('',(-0.0223266808316111,-0.0015,0.0177329527914524));
#2355=CARTESIAN_POINT('',(-0.0146478861570358,-0.0015,0.0177329527914524));
#2356=CARTESIAN_POINT('',(-0.0146478861570358,-0.0015,-0.00433881251364946));
#2357=CARTESIAN_POINT('',(-0.0146478861570358,-0.0015,-0.0264105778187514));
#2358=CARTESIAN_POINT('',(0.000459854491055012,-0.0015,-0.0264105778187514));
#2359=CARTESIAN_POINT('',(-0.0300054755061865,-0.0015,-0.0264105778187514));
#2360=CARTESIAN_POINT('',(-0.0300054755061865,-0.0015,-0.0475802889093757));
#2361=CARTESIAN_POINT('',(-0.0300054755061865,-0.0015,-0.061850368976593));
#2362=CARTESIAN_POINT('',(-0.0279361316934228,-0.0015,-0.0603558421134949));
#2363=CARTESIAN_POINT('',(0.000459854491055012,-0.0015,0.052423357963562));
#2364=CARTESIAN_POINT('',(0.000459854491055012,0.,0.052423357963562));
#2365=CARTESIAN_POINT('',(-0.0339154755061865,0.,0.052423357963562));
#2366=CARTESIAN_POINT('',(0.0348339453339577,0.,0.052423357963562));
#2367=CARTESIAN_POINT('',(-0.0339154755061865,-0.025,0.052423357963562));
#2368=CARTESIAN_POINT('',(-0.0339154755061865,-0.008,0.052423357963562));
#2369=CARTESIAN_POINT('',(0.000459854491055012,-0.008,0.052423357963562));
#2370=CARTESIAN_POINT('',(-0.0300054755061865,-0.008,0.052423357963562));
#2371=CARTESIAN_POINT('',(-0.0300054755061865,-0.025,0.052423357963562));
#2372=CARTESIAN_POINT('',(0.0309251844882965,-0.025,0.052423357963562));
#2373=CARTESIAN_POINT('',(0.0309251844882965,-0.008,0.052423357963562));
#2374=CARTESIAN_POINT('',(0.000459854491055012,-0.008,0.052423357963562));
#2375=CARTESIAN_POINT('',(0.0348339453339577,-0.008,0.052423357963562));
#2376=CARTESIAN_POINT('',(0.0348339453339577,-0.025,0.052423357963562));
#2377=CARTESIAN_POINT('',(0.00045985449105505,-0.0015,0.0102000547303127));
#2378=CARTESIAN_POINT('',(0.00045985449105505,0.,0.0102000547303127));
#2379=CARTESIAN_POINT('',(0.0309251844882965,0.,0.0204329527914524));
#2380=CARTESIAN_POINT('',(-0.0300054755061865,0.,0.0204329527914524));
#2381=CARTESIAN_POINT('',(0.0309251844882965,-0.0015,0.0204329527914524));
#2382=CARTESIAN_POINT('',(-0.0300054755061865,-0.0015,0.0204329527914524));
#2383=CARTESIAN_POINT('',(0.000459854491055012,0.,-0.008163321018219));
#2384=CARTESIAN_POINT('',(0.000459854491055012,0.,0.0204329527914524));
#2385=CARTESIAN_POINT('',(0.0348339453339577,0.,-0.008163321018219));
#2386=CARTESIAN_POINT('',(0.0348339453339577,0.,-0.06875));
#2387=CARTESIAN_POINT('',(0.000459854491055012,0.,-0.06875));
#2388=CARTESIAN_POINT('',(-0.0339154755061865,0.,-0.06875));
#2389=CARTESIAN_POINT('',(-0.0339154755061865,0.,-0.008163321018219));
#2390=CARTESIAN_POINT('',(-0.0300054755061865,0.,-0.008163321018219));
#2391=CARTESIAN_POINT('',(-0.0300054755061865,0.,0.0177329527914524));
#2392=CARTESIAN_POINT('',(-0.0300054755061865,0.,-0.0264105778187514));
#2393=CARTESIAN_POINT('',(0.000459854491055012,0.,-0.0264105778187514));
#2394=CARTESIAN_POINT('',(-0.0146478861570358,0.,-0.0264105778187514));
#2395=CARTESIAN_POINT('',(-0.0146478861570358,0.,-0.00433881251364946));
#2396=CARTESIAN_POINT('',(-0.0146478861570358,0.,0.0177329527914524));
#2397=CARTESIAN_POINT('',(-0.0223266808316111,0.,0.0177329527914524));
#2398=CARTESIAN_POINT('',(-0.012594192288816,0.,-0.00433881251364946));
#2399=CARTESIAN_POINT('',(-0.012594192288816,0.,0.0177329527914524));
#2400=CARTESIAN_POINT('',(-0.012594192288816,0.,-0.0264105778187514));
#2401=CARTESIAN_POINT('',(0.000459854491055012,0.,-0.0264105778187514));
#2402=CARTESIAN_POINT('',(0.0134507305920124,0.,-0.0264105778187514));
#2403=CARTESIAN_POINT('',(0.0134507305920124,0.,-0.00433881251364946));
#2404=CARTESIAN_POINT('',(0.0134507305920124,0.,0.0177329527914524));
#2405=CARTESIAN_POINT('',(0.000428269151598215,0.,0.0177329527914524));
#2406=CARTESIAN_POINT('',(0.000459854491055012,0.,-0.0264105778187514));
#2407=CARTESIAN_POINT('',(0.0152901466935873,0.,-0.0264105778187514));
#2408=CARTESIAN_POINT('',(0.0309251844882965,0.,-0.0264105778187514));
#2409=CARTESIAN_POINT('',(0.0309251844882965,0.,-0.008163321018219));
#2410=CARTESIAN_POINT('',(0.0309251844882965,0.,0.0177329527914524));
#2411=CARTESIAN_POINT('',(0.0231076655909419,0.,0.0177329527914524));
#2412=CARTESIAN_POINT('',(0.0152901466935873,0.,0.0177329527914524));
#2413=CARTESIAN_POINT('',(0.0152901466935873,0.,-0.00433881251364946));
#2414=CARTESIAN_POINT('',(-0.0300054755061865,-0.025,-0.008163321018219));
#2415=CARTESIAN_POINT('',(-0.0300054755061865,-0.008,-0.008163321018219));
#2416=CARTESIAN_POINT('',(-0.0300054755061865,-0.008,-0.06875));
#2417=CARTESIAN_POINT('',(-0.0300054755061865,-0.025,-0.06875));
#2418=CARTESIAN_POINT('',(-0.0300054755061865,-0.0002,-0.06875));
#2419=CARTESIAN_POINT('',(-0.0300054755061865,-0.0002,-0.0475802889093757));
#2420=CARTESIAN_POINT('',(-0.0300054755061865,-0.0002,-0.061850368976593));
#2421=CARTESIAN_POINT('',(-0.0300054755061865,-0.0002,-0.061850368976593));
#2422=CARTESIAN_POINT('',(-0.0300054755061865,-0.0015,-0.0264105778187514));
#2423=CARTESIAN_POINT('',(-0.0300054755061865,-0.0015,0.0177329527914524));
#2424=CARTESIAN_POINT('',(0.0309251844882965,-0.025,-0.008163321018219));
#2425=CARTESIAN_POINT('',(0.0309251844882965,-0.0015,0.0177329527914524));
#2426=CARTESIAN_POINT('',(0.0309251844882965,-0.0015,-0.0264105778187514));
#2427=CARTESIAN_POINT('',(0.0309251844882965,-0.025,-0.06875));
#2428=CARTESIAN_POINT('',(0.0309251844882965,-0.008,-0.06875));
#2429=CARTESIAN_POINT('',(0.0309251844882965,-0.008,-0.008163321018219));
#2430=CARTESIAN_POINT('',(0.000459854491055012,-0.0015,-0.0264105778187514));
#2431=CARTESIAN_POINT('',(0.0134507305920124,-0.0015,-0.0264105778187514));
#2432=CARTESIAN_POINT('',(-0.012594192288816,-0.0015,-0.0264105778187514));
#2433=CARTESIAN_POINT('',(0.000459854491055012,-0.0015,-0.0264105778187514));
#2434=CARTESIAN_POINT('',(-0.0146478861570358,-0.0015,-0.0264105778187514));
#2435=CARTESIAN_POINT('',(0.000459854491055012,-0.0015,-0.0264105778187514));
#2436=CARTESIAN_POINT('',(0.0152901466935873,-0.0015,-0.0264105778187514));
#2437=CARTESIAN_POINT('',(0.000459854491055012,-0.0015,-0.06875));
#2438=CARTESIAN_POINT('',(0.000459854491055012,-0.0002,-0.06875));
#2439=CARTESIAN_POINT('',(-0.012531022541225,-0.0002,-0.06875));
#2440=CARTESIAN_POINT('',(0.000459854491055012,-0.008,-0.06875));
#2441=CARTESIAN_POINT('',(-0.0339154755061865,-0.008,-0.06875));
#2442=CARTESIAN_POINT('',(-0.0339154755061865,-0.025,-0.06875));
#2443=CARTESIAN_POINT('',(0.0348339453339577,-0.025,-0.06875));
#2444=CARTESIAN_POINT('',(0.0348339453339577,-0.008,-0.06875));
#2445=CARTESIAN_POINT('',(0.000459854491055012,-0.008,-0.06875));
#2446=CARTESIAN_POINT('',(0.0300054755061865,-0.0002,-0.06875));
#2447=CARTESIAN_POINT('',(0.0300054755061865,-0.0002,-0.06875));
#2448=CARTESIAN_POINT('',(0.000459854491055012,-0.0002,-0.06875));
#2449=CARTESIAN_POINT('',(0.012531022541225,-0.0002,-0.06875));
#2450=CARTESIAN_POINT('',(0.012531022541225,-0.0002,-0.06875));
#2451=CARTESIAN_POINT('',(0.00701277423650027,-0.0002,-0.06875));
#2452=CARTESIAN_POINT('',(0.00701277423650027,-0.0002,-0.06875));
#2453=CARTESIAN_POINT('',(0.000459854491055012,-0.0002,-0.06875));
#2454=CARTESIAN_POINT('',(-0.00747262826189399,-0.0002,-0.06875));
#2455=CARTESIAN_POINT('',(-0.00747262826189399,-0.0002,-0.06875));
#2456=CARTESIAN_POINT('',(-0.012531022541225,-0.0002,-0.06875));
#2457=CARTESIAN_POINT('',(-0.012594192288816,-0.0015,-0.00433881251364946));
#2458=CARTESIAN_POINT('',(-0.012594192288816,-0.0015,0.0177329527914524));
#2459=CARTESIAN_POINT('',(0.000428269151598215,-0.0015,0.0177329527914524));
#2460=CARTESIAN_POINT('',(0.0134507305920124,-0.0015,0.0177329527914524));
#2461=CARTESIAN_POINT('',(0.0134507305920124,-0.0015,-0.00433881251364946));
#2462=CARTESIAN_POINT('',(0.0152901466935873,-0.0015,-0.00433881251364946));
#2463=CARTESIAN_POINT('',(0.0152901466935873,-0.0015,0.0177329527914524));
#2464=CARTESIAN_POINT('',(0.0231076655909419,-0.0015,0.0177329527914524));
#2465=CARTESIAN_POINT('',(0.000459854491055012,-0.0015,0.0204329527914524));
#2466=CARTESIAN_POINT('',(-0.0223266808316111,-0.0015,0.0177329527914524));
#2467=CARTESIAN_POINT('',(-0.0146478861570358,-0.0015,0.0177329527914524));
#2468=CARTESIAN_POINT('',(-0.0146478861570358,-0.0015,-0.00433881251364946));
#2469=CARTESIAN_POINT('',(0.0348339453339577,-0.025,-0.008163321018219));
#2470=CARTESIAN_POINT('',(0.0348339453339577,-0.008,-0.008163321018219));
#2471=CARTESIAN_POINT('',(0.000459234913885588,-0.008,-0.008163321018219));
#2472=CARTESIAN_POINT('',(-0.0339154755061865,-0.025,-0.008163321018219));
#2473=CARTESIAN_POINT('',(-0.0339154755061865,-0.008,-0.008163321018219));
#2474=CARTESIAN_POINT('',(0.000459234913885588,-0.008,-0.008163321018219));
#2475=CARTESIAN_POINT('',(0.019198905210942,-0.0002,-0.0616204403340817));
#2476=CARTESIAN_POINT('',(0.012531022541225,-0.0002,-0.0643795654177666));
#2477=CARTESIAN_POINT('',(0.012531022541225,-0.0002,-0.0643795654177666));
#2478=CARTESIAN_POINT('',(0.019198905210942,-0.0002,-0.0616204403340817));
#2479=CARTESIAN_POINT('',(0.0258667878806591,-0.0002,-0.0588613152503967));
#2480=CARTESIAN_POINT('',(0.0258667878806591,-0.0002,-0.0588613152503967));
#2481=CARTESIAN_POINT('',(0.012531022541225,-0.0002,-0.0665647827088833));
#2482=CARTESIAN_POINT('',(0.012531022541225,-0.0002,-0.0665647827088833));
#2483=CARTESIAN_POINT('',(0.0300054755061865,-0.0002,-0.0653001844882965));
#2484=CARTESIAN_POINT('',(0.0300054755061865,-0.0002,-0.061850368976593));
#2485=CARTESIAN_POINT('',(0.0300054755061865,-0.0002,-0.061850368976593));
#2486=CARTESIAN_POINT('',(0.0300054755061865,-0.0002,-0.0653001844882965));
#2487=CARTESIAN_POINT('',(0.0279361316934228,-0.0002,-0.0603558421134949));
#2488=CARTESIAN_POINT('',(0.0279361316934228,-0.0002,-0.0603558421134949));
#2489=CARTESIAN_POINT('',(0.000459854491055012,-0.0002,-0.0241585236042738));
#2490=CARTESIAN_POINT('',(-0.00885219033807516,-0.0002,-0.0595510974526405));
#2491=CARTESIAN_POINT('',(-0.00701277423650026,-0.0002,-0.0584014616906643));
#2492=CARTESIAN_POINT('',(-0.00701277423650026,-0.0002,-0.0584014616906643));
#2493=CARTESIAN_POINT('',(-0.00885219033807516,-0.0002,-0.0595510974526405));
#2494=CARTESIAN_POINT('',(-0.0106916064396501,-0.0002,-0.0607007332146168));
#2495=CARTESIAN_POINT('',(-0.0106916064396501,-0.0002,-0.0607007332146168));
#2496=CARTESIAN_POINT('',(-0.0100018256343901,-0.0002,-0.050928832963109));
#2497=CARTESIAN_POINT('',(-0.01299087703228,-0.0002,-0.0434562042355537));
#2498=CARTESIAN_POINT('',(-0.01299087703228,-0.0002,-0.0434562042355537));
#2499=CARTESIAN_POINT('',(-0.0100018256343901,-0.0002,-0.050928832963109));
#2500=CARTESIAN_POINT('',(-0.0204635048285126,-0.0002,-0.0413868632167578));
#2501=CARTESIAN_POINT('',(-0.0279361326247454,-0.0002,-0.0393175221979618));
#2502=CARTESIAN_POINT('',(-0.0279361326247454,-0.0002,-0.0393175221979618));
#2503=CARTESIAN_POINT('',(-0.0204635048285126,-0.0002,-0.0413868632167578));
#2504=CARTESIAN_POINT('',(-0.0266715344041586,-0.0002,-0.0463302955031395));
#2505=CARTESIAN_POINT('',(-0.0254069361835718,-0.0002,-0.0533430688083172));
#2506=CARTESIAN_POINT('',(-0.0254069361835718,-0.0002,-0.0533430688083172));
#2507=CARTESIAN_POINT('',(-0.0266715344041586,-0.0002,-0.0463302955031395));
#2508=CARTESIAN_POINT('',(-0.018049271311611,-0.0002,-0.057021901011467));
#2509=CARTESIAN_POINT('',(-0.018049271311611,-0.0002,-0.057021901011467));
#2510=CARTESIAN_POINT('',(0.000459854491055012,-0.0002,-0.0241585236042738));
#2511=CARTESIAN_POINT('',(-0.0062080294592306,-0.0002,-0.0497792009264231));
#2512=CARTESIAN_POINT('',(-0.00333394180051982,-0.0002,-0.0579416081309319));
#2513=CARTESIAN_POINT('',(-0.00333394180051982,-0.0002,-0.0579416081309319));
#2514=CARTESIAN_POINT('',(-0.0062080294592306,-0.0002,-0.0497792009264231));
#2515=CARTESIAN_POINT('',(-0.00908211711794138,-0.0002,-0.0416167937219143));
#2516=CARTESIAN_POINT('',(-0.00908211711794138,-0.0002,-0.0416167937219143));
#2517=CARTESIAN_POINT('',(-0.000344890519045294,-0.0002,-0.0579416081309319));
#2518=CARTESIAN_POINT('',(0.00264416076242924,-0.0002,-0.0579416081309319));
#2519=CARTESIAN_POINT('',(0.00264416076242924,-0.0002,-0.0579416081309319));
#2520=CARTESIAN_POINT('',(-0.000344890519045294,-0.0002,-0.0579416081309319));
#2521=CARTESIAN_POINT('',(0.00563321216031909,-0.0002,-0.0497792009264231));
#2522=CARTESIAN_POINT('',(0.00862226355820894,-0.0002,-0.0416167937219143));
#2523=CARTESIAN_POINT('',(0.00862226355820894,-0.0002,-0.0416167937219143));
#2524=CARTESIAN_POINT('',(0.00563321216031909,-0.0002,-0.0497792009264231));
#2525=CARTESIAN_POINT('',(0.00431113177910447,-0.0002,-0.0358686167746783));
#2526=CARTESIAN_POINT('',(0.,-0.0002,-0.0301204398274421));
#2527=CARTESIAN_POINT('',(0.,-0.0002,-0.0301204398274421));
#2528=CARTESIAN_POINT('',(0.00431113177910447,-0.0002,-0.0358686167746783));
#2529=CARTESIAN_POINT('',(-0.00454105855897069,-0.0002,-0.0358686167746783));
#2530=CARTESIAN_POINT('',(-0.00454105855897069,-0.0002,-0.0358686167746783));
#2531=CARTESIAN_POINT('',(0.000459854491055012,-0.0002,-0.0241585236042738));
#2532=CARTESIAN_POINT('',(-0.012531022541225,-0.0002,-0.0665647827088833));
#2533=CARTESIAN_POINT('',(-0.012531022541225,-0.0002,-0.0643795654177666));
#2534=CARTESIAN_POINT('',(-0.012531022541225,-0.0002,-0.0643795654177666));
#2535=CARTESIAN_POINT('',(-0.012531022541225,-0.0002,-0.0665647827088833));
#2536=CARTESIAN_POINT('',(-0.019198905210942,-0.0002,-0.0616204403340817));
#2537=CARTESIAN_POINT('',(-0.0258667878806591,-0.0002,-0.0588613152503967));
#2538=CARTESIAN_POINT('',(-0.0258667878806591,-0.0002,-0.0588613152503967));
#2539=CARTESIAN_POINT('',(-0.019198905210942,-0.0002,-0.0616204403340817));
#2540=CARTESIAN_POINT('',(-0.0279361316934228,-0.0002,-0.0603558421134949));
#2541=CARTESIAN_POINT('',(-0.0279361316934228,-0.0002,-0.0603558421134949));
#2542=CARTESIAN_POINT('',(0.000459854491055012,-0.0002,-0.0241585236042738));
#2543=CARTESIAN_POINT('',(0.0100018256343901,-0.0002,-0.050928832963109));
#2544=CARTESIAN_POINT('',(0.00701277423650026,-0.0002,-0.0584014616906643));
#2545=CARTESIAN_POINT('',(0.00701277423650026,-0.0002,-0.0584014616906643));
#2546=CARTESIAN_POINT('',(0.0100018256343901,-0.0002,-0.050928832963109));
#2547=CARTESIAN_POINT('',(0.01299087703228,-0.0002,-0.0434562042355537));
#2548=CARTESIAN_POINT('',(0.01299087703228,-0.0002,-0.0434562042355537));
#2549=CARTESIAN_POINT('',(0.00885219033807516,-0.0002,-0.0595510974526405));
#2550=CARTESIAN_POINT('',(0.0106916064396501,-0.0002,-0.0607007332146168));
#2551=CARTESIAN_POINT('',(0.0106916064396501,-0.0002,-0.0607007332146168));
#2552=CARTESIAN_POINT('',(0.00885219033807516,-0.0002,-0.0595510974526405));
#2553=CARTESIAN_POINT('',(0.018049271311611,-0.0002,-0.057021901011467));
#2554=CARTESIAN_POINT('',(0.0254069361835718,-0.0002,-0.0533430688083172));
#2555=CARTESIAN_POINT('',(0.0254069361835718,-0.0002,-0.0533430688083172));
#2556=CARTESIAN_POINT('',(0.018049271311611,-0.0002,-0.057021901011467));
#2557=CARTESIAN_POINT('',(0.0266715344041586,-0.0002,-0.0463302955031395));
#2558=CARTESIAN_POINT('',(0.0279361326247454,-0.0002,-0.0393175221979618));
#2559=CARTESIAN_POINT('',(0.0279361326247454,-0.0002,-0.0393175221979618));
#2560=CARTESIAN_POINT('',(0.0266715344041586,-0.0002,-0.0463302955031395));
#2561=CARTESIAN_POINT('',(0.0204635048285126,-0.0002,-0.0413868632167578));
#2562=CARTESIAN_POINT('',(0.0204635048285126,-0.0002,-0.0413868632167578));
#2563=CARTESIAN_POINT('',(0.000459854491055012,-0.0002,-0.0241585236042738));
#2564=CARTESIAN_POINT('',(-0.000229927012696861,-0.0002,-0.06875));
#2565=CARTESIAN_POINT('',(-0.000229927012696861,-0.0002,-0.06875));
#2566=CARTESIAN_POINT('',(0.000459854491055012,-0.0002,-0.0241585236042738));
#2567=CARTESIAN_POINT('',(-0.0242573004215956,-0.0002,0.0487445257604122));
#2568=CARTESIAN_POINT('',(-0.0279361326247454,-0.0002,0.0487445257604122));
#2569=CARTESIAN_POINT('',(-0.0279361326247454,-0.0002,0.0487445257604122));
#2570=CARTESIAN_POINT('',(-0.0242573004215956,-0.0002,0.0487445257604122));
#2571=CARTESIAN_POINT('',(-0.0205784682184458,-0.0002,0.0487445257604122));
#2572=CARTESIAN_POINT('',(-0.0205784682184458,-0.0002,0.0487445257604122));
#2573=CARTESIAN_POINT('',(-0.0279361326247454,-0.0002,0.0457554738968611));
#2574=CARTESIAN_POINT('',(-0.0279361326247454,-0.0002,0.04276642203331));
#2575=CARTESIAN_POINT('',(-0.0279361326247454,-0.0002,0.04276642203331));
#2576=CARTESIAN_POINT('',(-0.0279361326247454,-0.0002,0.0457554738968611));
#2577=CARTESIAN_POINT('',(-0.0237974459305405,-0.0002,0.0402372274547815));
#2578=CARTESIAN_POINT('',(-0.0196587592363358,-0.0002,0.0377080328762531));
#2579=CARTESIAN_POINT('',(-0.0196587592363358,-0.0002,0.0377080328762531));
#2580=CARTESIAN_POINT('',(-0.0237974459305405,-0.0002,0.0402372274547815));
#2581=CARTESIAN_POINT('',(0.047439519667372,-0.0002,-0.0165029418403702));
#2582=CARTESIAN_POINT('',(-0.0171295627951622,-0.0002,0.0406970791518688));
#2583=CARTESIAN_POINT('',(-0.0171295627951622,-0.0002,0.0406970791518688));
#2584=CARTESIAN_POINT('',(0.047439519667372,-0.0002,-0.0165029418403702));
#2585=CARTESIAN_POINT('',(-0.018854015506804,-0.0002,0.0447208024561405));
#2586=CARTESIAN_POINT('',(-0.018854015506804,-0.0002,0.0447208024561405));
#2587=CARTESIAN_POINT('',(0.000459854491055012,-0.0002,0.0364281553775072));
#2588=CARTESIAN_POINT('',(0.0242573004215956,-0.0002,0.0487445257604122));
#2589=CARTESIAN_POINT('',(0.0205784682184458,-0.0002,0.0487445257604122));
#2590=CARTESIAN_POINT('',(0.0205784682184458,-0.0002,0.0487445257604122));
#2591=CARTESIAN_POINT('',(0.0242573004215956,-0.0002,0.0487445257604122));
#2592=CARTESIAN_POINT('',(0.0279361326247454,-0.0002,0.0487445257604122));
#2593=CARTESIAN_POINT('',(0.0279361326247454,-0.0002,0.0487445257604122));
#2594=CARTESIAN_POINT('',(0.018854015506804,-0.0002,0.0447208024561405));
#2595=CARTESIAN_POINT('',(0.0171295627951622,-0.0002,0.0406970791518688));
#2596=CARTESIAN_POINT('',(0.0171295627951622,-0.0002,0.0406970791518688));
#2597=CARTESIAN_POINT('',(0.018854015506804,-0.0002,0.0447208024561405));
#2598=CARTESIAN_POINT('',(0.0782871999633784,-0.0002,0.08988135018101));
#2599=CARTESIAN_POINT('',(0.0196587592363358,-0.0002,0.0377080328762531));
#2600=CARTESIAN_POINT('',(0.0196587592363358,-0.0002,0.0377080328762531));
#2601=CARTESIAN_POINT('',(0.0782871999633784,-0.0002,0.08988135018101));
#2602=CARTESIAN_POINT('',(0.0237974459305405,-0.0002,0.0402372274547815));
#2603=CARTESIAN_POINT('',(0.0279361326247454,-0.0002,0.04276642203331));
#2604=CARTESIAN_POINT('',(0.0279361326247454,-0.0002,0.04276642203331));
#2605=CARTESIAN_POINT('',(0.0237974459305405,-0.0002,0.0402372274547815));
#2606=CARTESIAN_POINT('',(0.0279361326247454,-0.0002,0.0457554738968611));
#2607=CARTESIAN_POINT('',(0.0279361326247454,-0.0002,0.0457554738968611));
#2608=CARTESIAN_POINT('',(0.000459854491055012,-0.0002,0.0364281553775072));
#2609=CARTESIAN_POINT('',(0.0281660594046116,-0.0002,0.0351788317784667));
#2610=CARTESIAN_POINT('',(0.0281660594046116,-0.0002,0.0408695265650749));
#2611=CARTESIAN_POINT('',(0.0281660594046116,-0.0002,0.0408695265650749));
#2612=CARTESIAN_POINT('',(0.0281660594046116,-0.0002,0.0351788317784667));
#2613=CARTESIAN_POINT('',(0.0281660594046116,-0.0002,0.0294881369918585));
#2614=CARTESIAN_POINT('',(0.0281660594046116,-0.0002,0.0294881369918585));
#2615=CARTESIAN_POINT('',(0.0246884133666754,-0.0002,0.038771441206336));
#2616=CARTESIAN_POINT('',(0.0212107673287391,-0.0002,0.0366733558475971));
#2617=CARTESIAN_POINT('',(0.0212107673287391,-0.0002,0.0366733558475971));
#2618=CARTESIAN_POINT('',(0.0246884133666754,-0.0002,0.038771441206336));
#2619=CARTESIAN_POINT('',(0.0137272977477195,-0.0002,0.0224703861596007));
#2620=CARTESIAN_POINT('',(0.0137272977477195,-0.0002,0.0224703861596007));
#2621=CARTESIAN_POINT('',(0.000459854491055012,-0.0002,0.0364281553775072));
#2622=CARTESIAN_POINT('',(-0.015881387551068,-0.0002,0.0457554738968611));
#2623=CARTESIAN_POINT('',(-0.0146003654226661,-0.0002,0.04276642203331));
#2624=CARTESIAN_POINT('',(-0.0146003654226661,-0.0002,0.04276642203331));
#2625=CARTESIAN_POINT('',(-0.015881387551068,-0.0002,0.0457554738968611));
#2626=CARTESIAN_POINT('',(-0.01716240967947,-0.0002,0.0487445257604122));
#2627=CARTESIAN_POINT('',(-0.01716240967947,-0.0002,0.0487445257604122));
#2628=CARTESIAN_POINT('',(0.0118641526819044,-0.0002,-0.00980904239895776));
#2629=CARTESIAN_POINT('',(-0.00942700821906341,-0.0002,0.0450656935572624));
#2630=CARTESIAN_POINT('',(-0.00942700821906341,-0.0002,0.0450656935572624));
#2631=CARTESIAN_POINT('',(0.0118641526819044,-0.0002,-0.00980904239895776));
#2632=CARTESIAN_POINT('',(-0.0094270082190634,-0.0002,0.0469051096588373));
#2633=CARTESIAN_POINT('',(-0.0094270082190634,-0.0002,0.0487445257604122));
#2634=CARTESIAN_POINT('',(-0.0094270082190634,-0.0002,0.0487445257604122));
#2635=CARTESIAN_POINT('',(-0.0094270082190634,-0.0002,0.0469051096588373));
#2636=CARTESIAN_POINT('',(-0.0132947089492667,-0.0002,0.0487445257604122));
#2637=CARTESIAN_POINT('',(-0.0132947089492667,-0.0002,0.0487445257604122));
#2638=CARTESIAN_POINT('',(0.000459854491055012,-0.0002,0.0364281553775072));
#2639=CARTESIAN_POINT('',(0.,-0.0002,0.0487445257604122));
#2640=CARTESIAN_POINT('',(-0.00787500012665987,-0.0002,0.0487445257604122));
#2641=CARTESIAN_POINT('',(-0.00787500012665987,-0.0002,0.0487445257604122));
#2642=CARTESIAN_POINT('',(0.,-0.0002,0.0487445257604122));
#2643=CARTESIAN_POINT('',(0.00787500012665987,-0.0002,0.0487445257604122));
#2644=CARTESIAN_POINT('',(0.00787500012665987,-0.0002,0.0487445257604122));
#2645=CARTESIAN_POINT('',(-0.00787500012665987,-0.0002,0.04693385027349));
#2646=CARTESIAN_POINT('',(-0.00787500012665988,-0.0002,0.0451231747865677));
#2647=CARTESIAN_POINT('',(-0.00787500012665988,-0.0002,0.0451231747865677));
#2648=CARTESIAN_POINT('',(-0.00787500012665987,-0.0002,0.04693385027349));
#2649=CARTESIAN_POINT('',(-2.60208521396521E-18,-0.0002,0.0159847672588068));
#2650=CARTESIAN_POINT('',(0.00787500012665987,-0.0002,0.0451231747865677));
#2651=CARTESIAN_POINT('',(0.00787500012665987,-0.0002,0.0451231747865677));
#2652=CARTESIAN_POINT('',(-2.60208521396521E-18,-0.0002,0.0159847672588068));
#2653=CARTESIAN_POINT('',(0.00787500012665987,-0.0002,0.04693385027349));
#2654=CARTESIAN_POINT('',(0.00787500012665987,-0.0002,0.04693385027349));
#2655=CARTESIAN_POINT('',(0.000459854491055012,-0.0002,0.0364281553775072));
#2656=CARTESIAN_POINT('',(-0.0246884133666754,-0.0002,0.038771441206336));
#2657=CARTESIAN_POINT('',(-0.0281660594046116,-0.0002,0.0408695265650749));
#2658=CARTESIAN_POINT('',(-0.0281660594046116,-0.0002,0.0408695265650749));
#2659=CARTESIAN_POINT('',(-0.0246884133666754,-0.0002,0.038771441206336));
#2660=CARTESIAN_POINT('',(-0.0212107673287391,-0.0002,0.0366733558475971));
#2661=CARTESIAN_POINT('',(-0.0212107673287391,-0.0002,0.0366733558475971));
#2662=CARTESIAN_POINT('',(-0.0281660594046116,-0.0002,0.0351788317784667));
#2663=CARTESIAN_POINT('',(-0.0281660594046116,-0.0002,0.0294881369918585));
#2664=CARTESIAN_POINT('',(-0.0281660594046116,-0.0002,0.0294881369918585));
#2665=CARTESIAN_POINT('',(-0.0281660594046116,-0.0002,0.0351788317784667));
#2666=CARTESIAN_POINT('',(-0.015457410179885,-0.0002,0.0241451350477572));
#2667=CARTESIAN_POINT('',(-0.015457410179885,-0.0002,0.0241451350477572));
#2668=CARTESIAN_POINT('',(0.000459854491055012,-0.0002,0.0364281553775072));
#2669=CARTESIAN_POINT('',(0.015881387551068,-0.0002,0.0457554738968611));
#2670=CARTESIAN_POINT('',(0.01716240967947,-0.0002,0.0487445257604122));
#2671=CARTESIAN_POINT('',(0.01716240967947,-0.0002,0.0487445257604122));
#2672=CARTESIAN_POINT('',(0.015881387551068,-0.0002,0.0457554738968611));
#2673=CARTESIAN_POINT('',(0.0146003654226661,-0.0002,0.04276642203331));
#2674=CARTESIAN_POINT('',(0.0146003654226661,-0.0002,0.04276642203331));
#2675=CARTESIAN_POINT('',(0.0132947089492667,-0.0002,0.0487445257604122));
#2676=CARTESIAN_POINT('',(0.0094270082190634,-0.0002,0.0487445257604122));
#2677=CARTESIAN_POINT('',(0.0094270082190634,-0.0002,0.0487445257604122));
#2678=CARTESIAN_POINT('',(0.0132947089492667,-0.0002,0.0487445257604122));
#2679=CARTESIAN_POINT('',(0.0094270082190634,-0.0002,0.0469051096588373));
#2680=CARTESIAN_POINT('',(0.00942700821906341,-0.0002,0.0450656935572624));
#2681=CARTESIAN_POINT('',(0.00942700821906341,-0.0002,0.0450656935572624));
#2682=CARTESIAN_POINT('',(0.0094270082190634,-0.0002,0.0469051096588373));
#2683=CARTESIAN_POINT('',(0.00582396438643808,-0.0002,0.0299891923464432));
#2684=CARTESIAN_POINT('',(0.00582396438643808,-0.0002,0.0299891923464432));
#2685=CARTESIAN_POINT('',(0.000459854491055012,-0.0002,0.0364281553775072));
#2686=MECHANICAL_DESIGN_GEOMETRIC_PRESENTATION_REPRESENTATION('',(#1675),
#2687);
#2687=(
GEOMETRIC_REPRESENTATION_CONTEXT(3)
GLOBAL_UNCERTAINTY_ASSIGNED_CONTEXT((#2688))
GLOBAL_UNIT_ASSIGNED_CONTEXT((#2691,#2690,#2689))
REPRESENTATION_CONTEXT('Part 2','TOP_LEVEL_ASSEMBLY_PART')
);
#2688=UNCERTAINTY_MEASURE_WITH_UNIT(LENGTH_MEASURE(1.E-8),#2691,
'DISTANCE_ACCURACY_VALUE','Maximum Tolerance applied to model');
#2689=(
NAMED_UNIT(*)
SI_UNIT($,.STERADIAN.)
SOLID_ANGLE_UNIT()
);
#2690=(
NAMED_UNIT(*)
PLANE_ANGLE_UNIT()
SI_UNIT($,.RADIAN.)
);
#2691=(
LENGTH_UNIT()
NAMED_UNIT(*)
SI_UNIT($,.METRE.)
);
#2692=PRODUCT_DEFINITION_SHAPE('','',#2693);
#2693=PRODUCT_DEFINITION('','',#2695,#2694);
#2694=PRODUCT_DEFINITION_CONTEXT('',#2701,'design');
#2695=PRODUCT_DEFINITION_FORMATION_WITH_SPECIFIED_SOURCE('','',#2697,
 .NOT_KNOWN.);
#2696=PRODUCT_RELATED_PRODUCT_CATEGORY('','',(#2697));
#2697=PRODUCT('Part 2','Part 2','Part 2',(#2699));
#2698=PRODUCT_CATEGORY('','');
#2699=PRODUCT_CONTEXT('',#2701,'mechanical');
#2700=APPLICATION_PROTOCOL_DEFINITION('international standard',
'ap242_managed_model_based_3d_engineering',2020,#2701);
#2701=APPLICATION_CONTEXT('managed model based 3d engineering');
ENDSEC;
END-ISO-10303-21;
