ISO-10303-21;
HEADER;
/*Generated by software containing ST-Developer
 * from STEP Tools, Inc. (www.steptools.com) 
 */
/*OPTION: using custom renumber hook */
/*description */
/*implementation_level */
FILE_DESCRIPTION(('STEP AP242 Edition 2','STEP AP242 Edition 2''CAx-IF Rec.Pracs.---Representation and Presentation of Product Manufa
cturing Information (PMI)---4.0---2014-10-13','STEP AP242 Edition 2''CAx-IF Rec.Pracs.---Representation and Presentation of Product Manufa
cturing Information (PMI)---4.0---2014-10-13''CAx-IF Rec.Pracs.---3D Tessellated Geometry---0.4---2014-09-14','STEP AP242 Edition 2''CAx-IF Rec.Pracs.---Representation and Presentation of Product Manufa
cturing Information (PMI)---4.0---2014-10-13''CAx-IF Rec.Pracs.---3D Tessellated Geometry---0.4---2014-09-14''2;1','STEP AP242 Edition 2''CAx-IF Rec.Pracs.---Representation and Presentation of Product Manufa
cturing Information (PMI)---4.0---2014-10-13''CAx-IF Rec.Pracs.---3D Tessellated Geometry---0.4---2014-09-14''2;1''CAx-IF Rec.Pracs.---User Defined Attributes---1.5---2016-08-15'),'2;1');
/*name */
/*time_stamp */
/*author */
/*organization */
/*preprocessor_version */
/*originating_system */
/*authorisation */
FILE_NAME('/vol/tmp/translate-7038734953666378080/Decor Wall - Part 3.step','2026-08-29T04:32:57',(''),(''),'ST-DEVELOPER v20','ONSHAPE BY PTC INC, 1.220','  ');
FILE_SCHEMA(('AP242_MANAGED_MODEL_BASED_3D_ENGINEERING_MIM_LF { 1 0 10303 442 3 1 4 }'));
ENDSEC;
DATA;
#10=SHAPE_REPRESENTATION_RELATIONSHIP('','',#1648,#11);
#11=ADVANCED_BREP_SHAPE_REPRESENTATION('',(#1646),#2586);
#12=ORIENTED_EDGE('',*,*,#474,.T.);
#13=ORIENTED_EDGE('',*,*,#475,.F.);
#14=ORIENTED_EDGE('',*,*,#476,.F.);
#15=ORIENTED_EDGE('',*,*,#477,.T.);
#16=ORIENTED_EDGE('',*,*,#478,.T.);
#17=ORIENTED_EDGE('',*,*,#479,.F.);
#18=ORIENTED_EDGE('',*,*,#480,.F.);
#19=ORIENTED_EDGE('',*,*,#475,.T.);
#20=ORIENTED_EDGE('',*,*,#481,.T.);
#21=ORIENTED_EDGE('',*,*,#482,.F.);
#22=ORIENTED_EDGE('',*,*,#483,.F.);
#23=ORIENTED_EDGE('',*,*,#479,.T.);
#24=ORIENTED_EDGE('',*,*,#484,.F.);
#25=ORIENTED_EDGE('',*,*,#485,.F.);
#26=ORIENTED_EDGE('',*,*,#486,.T.);
#27=ORIENTED_EDGE('',*,*,#482,.T.);
#28=ORIENTED_EDGE('',*,*,#486,.F.);
#29=ORIENTED_EDGE('',*,*,#487,.T.);
#30=ORIENTED_EDGE('',*,*,#488,.T.);
#31=ORIENTED_EDGE('',*,*,#489,.T.);
#32=ORIENTED_EDGE('',*,*,#490,.T.);
#33=ORIENTED_EDGE('',*,*,#491,.F.);
#34=ORIENTED_EDGE('',*,*,#492,.T.);
#35=ORIENTED_EDGE('',*,*,#493,.T.);
#36=ORIENTED_EDGE('',*,*,#494,.T.);
#37=ORIENTED_EDGE('',*,*,#495,.T.);
#38=ORIENTED_EDGE('',*,*,#496,.F.);
#39=ORIENTED_EDGE('',*,*,#497,.T.);
#40=ORIENTED_EDGE('',*,*,#498,.T.);
#41=ORIENTED_EDGE('',*,*,#499,.T.);
#42=ORIENTED_EDGE('',*,*,#500,.T.);
#43=ORIENTED_EDGE('',*,*,#501,.F.);
#44=ORIENTED_EDGE('',*,*,#502,.T.);
#45=ORIENTED_EDGE('',*,*,#503,.T.);
#46=ORIENTED_EDGE('',*,*,#504,.T.);
#47=ORIENTED_EDGE('',*,*,#505,.T.);
#48=ORIENTED_EDGE('',*,*,#506,.F.);
#49=ORIENTED_EDGE('',*,*,#507,.T.);
#50=ORIENTED_EDGE('',*,*,#508,.T.);
#51=ORIENTED_EDGE('',*,*,#509,.T.);
#52=ORIENTED_EDGE('',*,*,#510,.T.);
#53=ORIENTED_EDGE('',*,*,#511,.F.);
#54=ORIENTED_EDGE('',*,*,#512,.T.);
#55=ORIENTED_EDGE('',*,*,#513,.T.);
#56=ORIENTED_EDGE('',*,*,#514,.T.);
#57=ORIENTED_EDGE('',*,*,#515,.T.);
#58=ORIENTED_EDGE('',*,*,#516,.F.);
#59=ORIENTED_EDGE('',*,*,#517,.T.);
#60=ORIENTED_EDGE('',*,*,#518,.T.);
#61=ORIENTED_EDGE('',*,*,#519,.T.);
#62=ORIENTED_EDGE('',*,*,#520,.T.);
#63=ORIENTED_EDGE('',*,*,#521,.F.);
#64=ORIENTED_EDGE('',*,*,#522,.T.);
#65=ORIENTED_EDGE('',*,*,#523,.T.);
#66=ORIENTED_EDGE('',*,*,#524,.T.);
#67=ORIENTED_EDGE('',*,*,#525,.T.);
#68=ORIENTED_EDGE('',*,*,#526,.F.);
#69=ORIENTED_EDGE('',*,*,#527,.T.);
#70=ORIENTED_EDGE('',*,*,#528,.T.);
#71=ORIENTED_EDGE('',*,*,#529,.T.);
#72=ORIENTED_EDGE('',*,*,#530,.T.);
#73=ORIENTED_EDGE('',*,*,#531,.F.);
#74=ORIENTED_EDGE('',*,*,#532,.T.);
#75=ORIENTED_EDGE('',*,*,#533,.T.);
#76=ORIENTED_EDGE('',*,*,#534,.T.);
#77=ORIENTED_EDGE('',*,*,#535,.T.);
#78=ORIENTED_EDGE('',*,*,#536,.F.);
#79=ORIENTED_EDGE('',*,*,#537,.T.);
#80=ORIENTED_EDGE('',*,*,#538,.T.);
#81=ORIENTED_EDGE('',*,*,#539,.T.);
#82=ORIENTED_EDGE('',*,*,#540,.T.);
#83=ORIENTED_EDGE('',*,*,#541,.F.);
#84=ORIENTED_EDGE('',*,*,#542,.T.);
#85=ORIENTED_EDGE('',*,*,#543,.T.);
#86=ORIENTED_EDGE('',*,*,#544,.T.);
#87=ORIENTED_EDGE('',*,*,#545,.T.);
#88=ORIENTED_EDGE('',*,*,#546,.F.);
#89=ORIENTED_EDGE('',*,*,#547,.T.);
#90=ORIENTED_EDGE('',*,*,#548,.T.);
#91=ORIENTED_EDGE('',*,*,#549,.T.);
#92=ORIENTED_EDGE('',*,*,#550,.T.);
#93=ORIENTED_EDGE('',*,*,#551,.F.);
#94=ORIENTED_EDGE('',*,*,#552,.T.);
#95=ORIENTED_EDGE('',*,*,#553,.T.);
#96=ORIENTED_EDGE('',*,*,#554,.T.);
#97=ORIENTED_EDGE('',*,*,#555,.T.);
#98=ORIENTED_EDGE('',*,*,#556,.F.);
#99=ORIENTED_EDGE('',*,*,#557,.T.);
#100=ORIENTED_EDGE('',*,*,#558,.F.);
#101=ORIENTED_EDGE('',*,*,#559,.F.);
#102=ORIENTED_EDGE('',*,*,#476,.T.);
#103=ORIENTED_EDGE('',*,*,#480,.T.);
#104=ORIENTED_EDGE('',*,*,#483,.T.);
#105=ORIENTED_EDGE('',*,*,#474,.F.);
#106=ORIENTED_EDGE('',*,*,#560,.T.);
#107=ORIENTED_EDGE('',*,*,#561,.T.);
#108=ORIENTED_EDGE('',*,*,#562,.F.);
#109=ORIENTED_EDGE('',*,*,#563,.T.);
#110=ORIENTED_EDGE('',*,*,#564,.F.);
#111=ORIENTED_EDGE('',*,*,#565,.F.);
#112=ORIENTED_EDGE('',*,*,#566,.F.);
#113=ORIENTED_EDGE('',*,*,#567,.F.);
#114=ORIENTED_EDGE('',*,*,#568,.T.);
#115=ORIENTED_EDGE('',*,*,#569,.F.);
#116=ORIENTED_EDGE('',*,*,#570,.F.);
#117=ORIENTED_EDGE('',*,*,#571,.F.);
#118=ORIENTED_EDGE('',*,*,#572,.F.);
#119=ORIENTED_EDGE('',*,*,#573,.T.);
#120=ORIENTED_EDGE('',*,*,#574,.F.);
#121=ORIENTED_EDGE('',*,*,#575,.F.);
#122=ORIENTED_EDGE('',*,*,#576,.F.);
#123=ORIENTED_EDGE('',*,*,#577,.F.);
#124=ORIENTED_EDGE('',*,*,#578,.T.);
#125=ORIENTED_EDGE('',*,*,#579,.F.);
#126=ORIENTED_EDGE('',*,*,#580,.F.);
#127=ORIENTED_EDGE('',*,*,#581,.F.);
#128=ORIENTED_EDGE('',*,*,#582,.F.);
#129=ORIENTED_EDGE('',*,*,#583,.T.);
#130=ORIENTED_EDGE('',*,*,#584,.F.);
#131=ORIENTED_EDGE('',*,*,#585,.F.);
#132=ORIENTED_EDGE('',*,*,#586,.F.);
#133=ORIENTED_EDGE('',*,*,#587,.F.);
#134=ORIENTED_EDGE('',*,*,#588,.T.);
#135=ORIENTED_EDGE('',*,*,#589,.F.);
#136=ORIENTED_EDGE('',*,*,#590,.F.);
#137=ORIENTED_EDGE('',*,*,#591,.F.);
#138=ORIENTED_EDGE('',*,*,#592,.F.);
#139=ORIENTED_EDGE('',*,*,#593,.T.);
#140=ORIENTED_EDGE('',*,*,#594,.F.);
#141=ORIENTED_EDGE('',*,*,#595,.F.);
#142=ORIENTED_EDGE('',*,*,#596,.F.);
#143=ORIENTED_EDGE('',*,*,#597,.F.);
#144=ORIENTED_EDGE('',*,*,#598,.T.);
#145=ORIENTED_EDGE('',*,*,#599,.F.);
#146=ORIENTED_EDGE('',*,*,#600,.F.);
#147=ORIENTED_EDGE('',*,*,#601,.F.);
#148=ORIENTED_EDGE('',*,*,#602,.F.);
#149=ORIENTED_EDGE('',*,*,#603,.T.);
#150=ORIENTED_EDGE('',*,*,#604,.F.);
#151=ORIENTED_EDGE('',*,*,#605,.F.);
#152=ORIENTED_EDGE('',*,*,#606,.F.);
#153=ORIENTED_EDGE('',*,*,#607,.F.);
#154=ORIENTED_EDGE('',*,*,#608,.T.);
#155=ORIENTED_EDGE('',*,*,#609,.F.);
#156=ORIENTED_EDGE('',*,*,#610,.F.);
#157=ORIENTED_EDGE('',*,*,#611,.F.);
#158=ORIENTED_EDGE('',*,*,#612,.F.);
#159=ORIENTED_EDGE('',*,*,#613,.T.);
#160=ORIENTED_EDGE('',*,*,#614,.F.);
#161=ORIENTED_EDGE('',*,*,#615,.F.);
#162=ORIENTED_EDGE('',*,*,#616,.F.);
#163=ORIENTED_EDGE('',*,*,#617,.F.);
#164=ORIENTED_EDGE('',*,*,#618,.T.);
#165=ORIENTED_EDGE('',*,*,#619,.F.);
#166=ORIENTED_EDGE('',*,*,#620,.F.);
#167=ORIENTED_EDGE('',*,*,#621,.F.);
#168=ORIENTED_EDGE('',*,*,#622,.F.);
#169=ORIENTED_EDGE('',*,*,#623,.T.);
#170=ORIENTED_EDGE('',*,*,#624,.F.);
#171=ORIENTED_EDGE('',*,*,#625,.F.);
#172=ORIENTED_EDGE('',*,*,#626,.F.);
#173=ORIENTED_EDGE('',*,*,#627,.F.);
#174=ORIENTED_EDGE('',*,*,#628,.T.);
#175=ORIENTED_EDGE('',*,*,#629,.F.);
#176=ORIENTED_EDGE('',*,*,#630,.F.);
#177=ORIENTED_EDGE('',*,*,#631,.F.);
#178=ORIENTED_EDGE('',*,*,#632,.F.);
#179=ORIENTED_EDGE('',*,*,#484,.T.);
#180=ORIENTED_EDGE('',*,*,#481,.F.);
#181=ORIENTED_EDGE('',*,*,#478,.F.);
#182=ORIENTED_EDGE('',*,*,#487,.F.);
#183=ORIENTED_EDGE('',*,*,#485,.T.);
#184=ORIENTED_EDGE('',*,*,#632,.T.);
#185=ORIENTED_EDGE('',*,*,#633,.F.);
#186=ORIENTED_EDGE('',*,*,#634,.F.);
#187=ORIENTED_EDGE('',*,*,#552,.F.);
#188=ORIENTED_EDGE('',*,*,#635,.T.);
#189=ORIENTED_EDGE('',*,*,#567,.T.);
#190=ORIENTED_EDGE('',*,*,#636,.F.);
#191=ORIENTED_EDGE('',*,*,#547,.F.);
#192=ORIENTED_EDGE('',*,*,#637,.T.);
#193=ORIENTED_EDGE('',*,*,#572,.T.);
#194=ORIENTED_EDGE('',*,*,#638,.F.);
#195=ORIENTED_EDGE('',*,*,#542,.F.);
#196=ORIENTED_EDGE('',*,*,#639,.T.);
#197=ORIENTED_EDGE('',*,*,#577,.T.);
#198=ORIENTED_EDGE('',*,*,#640,.F.);
#199=ORIENTED_EDGE('',*,*,#537,.F.);
#200=ORIENTED_EDGE('',*,*,#641,.T.);
#201=ORIENTED_EDGE('',*,*,#582,.T.);
#202=ORIENTED_EDGE('',*,*,#642,.F.);
#203=ORIENTED_EDGE('',*,*,#532,.F.);
#204=ORIENTED_EDGE('',*,*,#643,.T.);
#205=ORIENTED_EDGE('',*,*,#587,.T.);
#206=ORIENTED_EDGE('',*,*,#644,.F.);
#207=ORIENTED_EDGE('',*,*,#527,.F.);
#208=ORIENTED_EDGE('',*,*,#645,.T.);
#209=ORIENTED_EDGE('',*,*,#592,.T.);
#210=ORIENTED_EDGE('',*,*,#646,.F.);
#211=ORIENTED_EDGE('',*,*,#522,.F.);
#212=ORIENTED_EDGE('',*,*,#647,.T.);
#213=ORIENTED_EDGE('',*,*,#597,.T.);
#214=ORIENTED_EDGE('',*,*,#648,.F.);
#215=ORIENTED_EDGE('',*,*,#517,.F.);
#216=ORIENTED_EDGE('',*,*,#649,.T.);
#217=ORIENTED_EDGE('',*,*,#602,.T.);
#218=ORIENTED_EDGE('',*,*,#650,.F.);
#219=ORIENTED_EDGE('',*,*,#512,.F.);
#220=ORIENTED_EDGE('',*,*,#651,.T.);
#221=ORIENTED_EDGE('',*,*,#607,.T.);
#222=ORIENTED_EDGE('',*,*,#652,.F.);
#223=ORIENTED_EDGE('',*,*,#507,.F.);
#224=ORIENTED_EDGE('',*,*,#653,.T.);
#225=ORIENTED_EDGE('',*,*,#612,.T.);
#226=ORIENTED_EDGE('',*,*,#654,.F.);
#227=ORIENTED_EDGE('',*,*,#502,.F.);
#228=ORIENTED_EDGE('',*,*,#655,.T.);
#229=ORIENTED_EDGE('',*,*,#617,.T.);
#230=ORIENTED_EDGE('',*,*,#656,.F.);
#231=ORIENTED_EDGE('',*,*,#497,.F.);
#232=ORIENTED_EDGE('',*,*,#657,.T.);
#233=ORIENTED_EDGE('',*,*,#622,.T.);
#234=ORIENTED_EDGE('',*,*,#658,.F.);
#235=ORIENTED_EDGE('',*,*,#492,.F.);
#236=ORIENTED_EDGE('',*,*,#659,.T.);
#237=ORIENTED_EDGE('',*,*,#627,.T.);
#238=ORIENTED_EDGE('',*,*,#557,.F.);
#239=ORIENTED_EDGE('',*,*,#660,.T.);
#240=ORIENTED_EDGE('',*,*,#562,.T.);
#241=ORIENTED_EDGE('',*,*,#661,.F.);
#242=ORIENTED_EDGE('',*,*,#561,.F.);
#243=ORIENTED_EDGE('',*,*,#662,.F.);
#244=ORIENTED_EDGE('',*,*,#558,.T.);
#245=ORIENTED_EDGE('',*,*,#661,.T.);
#246=ORIENTED_EDGE('',*,*,#560,.F.);
#247=ORIENTED_EDGE('',*,*,#477,.F.);
#248=ORIENTED_EDGE('',*,*,#559,.T.);
#249=ORIENTED_EDGE('',*,*,#662,.T.);
#250=ORIENTED_EDGE('',*,*,#631,.T.);
#251=ORIENTED_EDGE('',*,*,#663,.F.);
#252=ORIENTED_EDGE('',*,*,#488,.F.);
#253=ORIENTED_EDGE('',*,*,#633,.T.);
#254=ORIENTED_EDGE('',*,*,#630,.T.);
#255=ORIENTED_EDGE('',*,*,#664,.F.);
#256=ORIENTED_EDGE('',*,*,#489,.F.);
#257=ORIENTED_EDGE('',*,*,#663,.T.);
#258=ORIENTED_EDGE('',*,*,#629,.T.);
#259=ORIENTED_EDGE('',*,*,#665,.F.);
#260=ORIENTED_EDGE('',*,*,#490,.F.);
#261=ORIENTED_EDGE('',*,*,#664,.T.);
#262=ORIENTED_EDGE('',*,*,#628,.F.);
#263=ORIENTED_EDGE('',*,*,#659,.F.);
#264=ORIENTED_EDGE('',*,*,#491,.T.);
#265=ORIENTED_EDGE('',*,*,#665,.T.);
#266=ORIENTED_EDGE('',*,*,#626,.T.);
#267=ORIENTED_EDGE('',*,*,#666,.F.);
#268=ORIENTED_EDGE('',*,*,#493,.F.);
#269=ORIENTED_EDGE('',*,*,#658,.T.);
#270=ORIENTED_EDGE('',*,*,#625,.T.);
#271=ORIENTED_EDGE('',*,*,#667,.F.);
#272=ORIENTED_EDGE('',*,*,#494,.F.);
#273=ORIENTED_EDGE('',*,*,#666,.T.);
#274=ORIENTED_EDGE('',*,*,#624,.T.);
#275=ORIENTED_EDGE('',*,*,#668,.F.);
#276=ORIENTED_EDGE('',*,*,#495,.F.);
#277=ORIENTED_EDGE('',*,*,#667,.T.);
#278=ORIENTED_EDGE('',*,*,#623,.F.);
#279=ORIENTED_EDGE('',*,*,#657,.F.);
#280=ORIENTED_EDGE('',*,*,#496,.T.);
#281=ORIENTED_EDGE('',*,*,#668,.T.);
#282=ORIENTED_EDGE('',*,*,#621,.T.);
#283=ORIENTED_EDGE('',*,*,#669,.F.);
#284=ORIENTED_EDGE('',*,*,#498,.F.);
#285=ORIENTED_EDGE('',*,*,#656,.T.);
#286=ORIENTED_EDGE('',*,*,#620,.T.);
#287=ORIENTED_EDGE('',*,*,#670,.F.);
#288=ORIENTED_EDGE('',*,*,#499,.F.);
#289=ORIENTED_EDGE('',*,*,#669,.T.);
#290=ORIENTED_EDGE('',*,*,#619,.T.);
#291=ORIENTED_EDGE('',*,*,#671,.F.);
#292=ORIENTED_EDGE('',*,*,#500,.F.);
#293=ORIENTED_EDGE('',*,*,#670,.T.);
#294=ORIENTED_EDGE('',*,*,#618,.F.);
#295=ORIENTED_EDGE('',*,*,#655,.F.);
#296=ORIENTED_EDGE('',*,*,#501,.T.);
#297=ORIENTED_EDGE('',*,*,#671,.T.);
#298=ORIENTED_EDGE('',*,*,#616,.T.);
#299=ORIENTED_EDGE('',*,*,#672,.F.);
#300=ORIENTED_EDGE('',*,*,#503,.F.);
#301=ORIENTED_EDGE('',*,*,#654,.T.);
#302=ORIENTED_EDGE('',*,*,#615,.T.);
#303=ORIENTED_EDGE('',*,*,#673,.F.);
#304=ORIENTED_EDGE('',*,*,#504,.F.);
#305=ORIENTED_EDGE('',*,*,#672,.T.);
#306=ORIENTED_EDGE('',*,*,#614,.T.);
#307=ORIENTED_EDGE('',*,*,#674,.F.);
#308=ORIENTED_EDGE('',*,*,#505,.F.);
#309=ORIENTED_EDGE('',*,*,#673,.T.);
#310=ORIENTED_EDGE('',*,*,#613,.F.);
#311=ORIENTED_EDGE('',*,*,#653,.F.);
#312=ORIENTED_EDGE('',*,*,#506,.T.);
#313=ORIENTED_EDGE('',*,*,#674,.T.);
#314=ORIENTED_EDGE('',*,*,#611,.T.);
#315=ORIENTED_EDGE('',*,*,#675,.F.);
#316=ORIENTED_EDGE('',*,*,#508,.F.);
#317=ORIENTED_EDGE('',*,*,#652,.T.);
#318=ORIENTED_EDGE('',*,*,#610,.T.);
#319=ORIENTED_EDGE('',*,*,#676,.F.);
#320=ORIENTED_EDGE('',*,*,#509,.F.);
#321=ORIENTED_EDGE('',*,*,#675,.T.);
#322=ORIENTED_EDGE('',*,*,#609,.T.);
#323=ORIENTED_EDGE('',*,*,#677,.F.);
#324=ORIENTED_EDGE('',*,*,#510,.F.);
#325=ORIENTED_EDGE('',*,*,#676,.T.);
#326=ORIENTED_EDGE('',*,*,#608,.F.);
#327=ORIENTED_EDGE('',*,*,#651,.F.);
#328=ORIENTED_EDGE('',*,*,#511,.T.);
#329=ORIENTED_EDGE('',*,*,#677,.T.);
#330=ORIENTED_EDGE('',*,*,#606,.T.);
#331=ORIENTED_EDGE('',*,*,#678,.F.);
#332=ORIENTED_EDGE('',*,*,#513,.F.);
#333=ORIENTED_EDGE('',*,*,#650,.T.);
#334=ORIENTED_EDGE('',*,*,#605,.T.);
#335=ORIENTED_EDGE('',*,*,#679,.F.);
#336=ORIENTED_EDGE('',*,*,#514,.F.);
#337=ORIENTED_EDGE('',*,*,#678,.T.);
#338=ORIENTED_EDGE('',*,*,#604,.T.);
#339=ORIENTED_EDGE('',*,*,#680,.F.);
#340=ORIENTED_EDGE('',*,*,#515,.F.);
#341=ORIENTED_EDGE('',*,*,#679,.T.);
#342=ORIENTED_EDGE('',*,*,#603,.F.);
#343=ORIENTED_EDGE('',*,*,#649,.F.);
#344=ORIENTED_EDGE('',*,*,#516,.T.);
#345=ORIENTED_EDGE('',*,*,#680,.T.);
#346=ORIENTED_EDGE('',*,*,#601,.T.);
#347=ORIENTED_EDGE('',*,*,#681,.F.);
#348=ORIENTED_EDGE('',*,*,#518,.F.);
#349=ORIENTED_EDGE('',*,*,#648,.T.);
#350=ORIENTED_EDGE('',*,*,#600,.T.);
#351=ORIENTED_EDGE('',*,*,#682,.F.);
#352=ORIENTED_EDGE('',*,*,#519,.F.);
#353=ORIENTED_EDGE('',*,*,#681,.T.);
#354=ORIENTED_EDGE('',*,*,#599,.T.);
#355=ORIENTED_EDGE('',*,*,#683,.F.);
#356=ORIENTED_EDGE('',*,*,#520,.F.);
#357=ORIENTED_EDGE('',*,*,#682,.T.);
#358=ORIENTED_EDGE('',*,*,#598,.F.);
#359=ORIENTED_EDGE('',*,*,#647,.F.);
#360=ORIENTED_EDGE('',*,*,#521,.T.);
#361=ORIENTED_EDGE('',*,*,#683,.T.);
#362=ORIENTED_EDGE('',*,*,#596,.T.);
#363=ORIENTED_EDGE('',*,*,#684,.F.);
#364=ORIENTED_EDGE('',*,*,#523,.F.);
#365=ORIENTED_EDGE('',*,*,#646,.T.);
#366=ORIENTED_EDGE('',*,*,#595,.T.);
#367=ORIENTED_EDGE('',*,*,#685,.F.);
#368=ORIENTED_EDGE('',*,*,#524,.F.);
#369=ORIENTED_EDGE('',*,*,#684,.T.);
#370=ORIENTED_EDGE('',*,*,#594,.T.);
#371=ORIENTED_EDGE('',*,*,#686,.F.);
#372=ORIENTED_EDGE('',*,*,#525,.F.);
#373=ORIENTED_EDGE('',*,*,#685,.T.);
#374=ORIENTED_EDGE('',*,*,#593,.F.);
#375=ORIENTED_EDGE('',*,*,#645,.F.);
#376=ORIENTED_EDGE('',*,*,#526,.T.);
#377=ORIENTED_EDGE('',*,*,#686,.T.);
#378=ORIENTED_EDGE('',*,*,#591,.T.);
#379=ORIENTED_EDGE('',*,*,#687,.F.);
#380=ORIENTED_EDGE('',*,*,#528,.F.);
#381=ORIENTED_EDGE('',*,*,#644,.T.);
#382=ORIENTED_EDGE('',*,*,#590,.T.);
#383=ORIENTED_EDGE('',*,*,#688,.F.);
#384=ORIENTED_EDGE('',*,*,#529,.F.);
#385=ORIENTED_EDGE('',*,*,#687,.T.);
#386=ORIENTED_EDGE('',*,*,#589,.T.);
#387=ORIENTED_EDGE('',*,*,#689,.F.);
#388=ORIENTED_EDGE('',*,*,#530,.F.);
#389=ORIENTED_EDGE('',*,*,#688,.T.);
#390=ORIENTED_EDGE('',*,*,#588,.F.);
#391=ORIENTED_EDGE('',*,*,#643,.F.);
#392=ORIENTED_EDGE('',*,*,#531,.T.);
#393=ORIENTED_EDGE('',*,*,#689,.T.);
#394=ORIENTED_EDGE('',*,*,#586,.T.);
#395=ORIENTED_EDGE('',*,*,#690,.F.);
#396=ORIENTED_EDGE('',*,*,#533,.F.);
#397=ORIENTED_EDGE('',*,*,#642,.T.);
#398=ORIENTED_EDGE('',*,*,#585,.T.);
#399=ORIENTED_EDGE('',*,*,#691,.F.);
#400=ORIENTED_EDGE('',*,*,#534,.F.);
#401=ORIENTED_EDGE('',*,*,#690,.T.);
#402=ORIENTED_EDGE('',*,*,#584,.T.);
#403=ORIENTED_EDGE('',*,*,#692,.F.);
#404=ORIENTED_EDGE('',*,*,#535,.F.);
#405=ORIENTED_EDGE('',*,*,#691,.T.);
#406=ORIENTED_EDGE('',*,*,#583,.F.);
#407=ORIENTED_EDGE('',*,*,#641,.F.);
#408=ORIENTED_EDGE('',*,*,#536,.T.);
#409=ORIENTED_EDGE('',*,*,#692,.T.);
#410=ORIENTED_EDGE('',*,*,#581,.T.);
#411=ORIENTED_EDGE('',*,*,#693,.F.);
#412=ORIENTED_EDGE('',*,*,#538,.F.);
#413=ORIENTED_EDGE('',*,*,#640,.T.);
#414=ORIENTED_EDGE('',*,*,#580,.T.);
#415=ORIENTED_EDGE('',*,*,#694,.F.);
#416=ORIENTED_EDGE('',*,*,#539,.F.);
#417=ORIENTED_EDGE('',*,*,#693,.T.);
#418=ORIENTED_EDGE('',*,*,#579,.T.);
#419=ORIENTED_EDGE('',*,*,#695,.F.);
#420=ORIENTED_EDGE('',*,*,#540,.F.);
#421=ORIENTED_EDGE('',*,*,#694,.T.);
#422=ORIENTED_EDGE('',*,*,#578,.F.);
#423=ORIENTED_EDGE('',*,*,#639,.F.);
#424=ORIENTED_EDGE('',*,*,#541,.T.);
#425=ORIENTED_EDGE('',*,*,#695,.T.);
#426=ORIENTED_EDGE('',*,*,#576,.T.);
#427=ORIENTED_EDGE('',*,*,#696,.F.);
#428=ORIENTED_EDGE('',*,*,#543,.F.);
#429=ORIENTED_EDGE('',*,*,#638,.T.);
#430=ORIENTED_EDGE('',*,*,#575,.T.);
#431=ORIENTED_EDGE('',*,*,#697,.F.);
#432=ORIENTED_EDGE('',*,*,#544,.F.);
#433=ORIENTED_EDGE('',*,*,#696,.T.);
#434=ORIENTED_EDGE('',*,*,#574,.T.);
#435=ORIENTED_EDGE('',*,*,#698,.F.);
#436=ORIENTED_EDGE('',*,*,#545,.F.);
#437=ORIENTED_EDGE('',*,*,#697,.T.);
#438=ORIENTED_EDGE('',*,*,#573,.F.);
#439=ORIENTED_EDGE('',*,*,#637,.F.);
#440=ORIENTED_EDGE('',*,*,#546,.T.);
#441=ORIENTED_EDGE('',*,*,#698,.T.);
#442=ORIENTED_EDGE('',*,*,#571,.T.);
#443=ORIENTED_EDGE('',*,*,#699,.F.);
#444=ORIENTED_EDGE('',*,*,#548,.F.);
#445=ORIENTED_EDGE('',*,*,#636,.T.);
#446=ORIENTED_EDGE('',*,*,#570,.T.);
#447=ORIENTED_EDGE('',*,*,#700,.F.);
#448=ORIENTED_EDGE('',*,*,#549,.F.);
#449=ORIENTED_EDGE('',*,*,#699,.T.);
#450=ORIENTED_EDGE('',*,*,#569,.T.);
#451=ORIENTED_EDGE('',*,*,#701,.F.);
#452=ORIENTED_EDGE('',*,*,#550,.F.);
#453=ORIENTED_EDGE('',*,*,#700,.T.);
#454=ORIENTED_EDGE('',*,*,#568,.F.);
#455=ORIENTED_EDGE('',*,*,#635,.F.);
#456=ORIENTED_EDGE('',*,*,#551,.T.);
#457=ORIENTED_EDGE('',*,*,#701,.T.);
#458=ORIENTED_EDGE('',*,*,#566,.T.);
#459=ORIENTED_EDGE('',*,*,#702,.F.);
#460=ORIENTED_EDGE('',*,*,#553,.F.);
#461=ORIENTED_EDGE('',*,*,#634,.T.);
#462=ORIENTED_EDGE('',*,*,#565,.T.);
#463=ORIENTED_EDGE('',*,*,#703,.F.);
#464=ORIENTED_EDGE('',*,*,#554,.F.);
#465=ORIENTED_EDGE('',*,*,#702,.T.);
#466=ORIENTED_EDGE('',*,*,#564,.T.);
#467=ORIENTED_EDGE('',*,*,#704,.F.);
#468=ORIENTED_EDGE('',*,*,#555,.F.);
#469=ORIENTED_EDGE('',*,*,#703,.T.);
#470=ORIENTED_EDGE('',*,*,#563,.F.);
#471=ORIENTED_EDGE('',*,*,#660,.F.);
#472=ORIENTED_EDGE('',*,*,#556,.T.);
#473=ORIENTED_EDGE('',*,*,#704,.T.);
#474=EDGE_CURVE('',#705,#706,#859,.T.);
#475=EDGE_CURVE('',#707,#706,#860,.T.);
#476=EDGE_CURVE('',#708,#707,#861,.T.);
#477=EDGE_CURVE('',#708,#705,#862,.T.);
#478=EDGE_CURVE('',#706,#709,#863,.T.);
#479=EDGE_CURVE('',#710,#709,#864,.T.);
#480=EDGE_CURVE('',#707,#710,#865,.T.);
#481=EDGE_CURVE('',#709,#711,#866,.T.);
#482=EDGE_CURVE('',#712,#711,#867,.T.);
#483=EDGE_CURVE('',#710,#712,#868,.T.);
#484=EDGE_CURVE('',#713,#711,#869,.T.);
#485=EDGE_CURVE('',#714,#713,#870,.T.);
#486=EDGE_CURVE('',#714,#712,#871,.T.);
#487=EDGE_CURVE('',#714,#715,#872,.T.);
#488=EDGE_CURVE('',#715,#716,#873,.T.);
#489=EDGE_CURVE('',#716,#717,#874,.T.);
#490=EDGE_CURVE('',#717,#718,#875,.T.);
#491=EDGE_CURVE('',#719,#718,#876,.T.);
#492=EDGE_CURVE('',#719,#720,#877,.T.);
#493=EDGE_CURVE('',#720,#721,#878,.T.);
#494=EDGE_CURVE('',#721,#722,#879,.T.);
#495=EDGE_CURVE('',#722,#723,#880,.T.);
#496=EDGE_CURVE('',#724,#723,#881,.T.);
#497=EDGE_CURVE('',#724,#725,#882,.T.);
#498=EDGE_CURVE('',#725,#726,#883,.T.);
#499=EDGE_CURVE('',#726,#727,#884,.T.);
#500=EDGE_CURVE('',#727,#728,#885,.T.);
#501=EDGE_CURVE('',#729,#728,#886,.T.);
#502=EDGE_CURVE('',#729,#730,#887,.T.);
#503=EDGE_CURVE('',#730,#731,#888,.T.);
#504=EDGE_CURVE('',#731,#732,#889,.T.);
#505=EDGE_CURVE('',#732,#733,#890,.T.);
#506=EDGE_CURVE('',#734,#733,#891,.T.);
#507=EDGE_CURVE('',#734,#735,#892,.T.);
#508=EDGE_CURVE('',#735,#736,#893,.T.);
#509=EDGE_CURVE('',#736,#737,#894,.T.);
#510=EDGE_CURVE('',#737,#738,#895,.T.);
#511=EDGE_CURVE('',#739,#738,#896,.T.);
#512=EDGE_CURVE('',#739,#740,#897,.T.);
#513=EDGE_CURVE('',#740,#741,#898,.T.);
#514=EDGE_CURVE('',#741,#742,#899,.T.);
#515=EDGE_CURVE('',#742,#743,#900,.T.);
#516=EDGE_CURVE('',#744,#743,#901,.T.);
#517=EDGE_CURVE('',#744,#745,#902,.T.);
#518=EDGE_CURVE('',#745,#746,#903,.T.);
#519=EDGE_CURVE('',#746,#747,#904,.T.);
#520=EDGE_CURVE('',#747,#748,#905,.T.);
#521=EDGE_CURVE('',#749,#748,#906,.T.);
#522=EDGE_CURVE('',#749,#750,#907,.T.);
#523=EDGE_CURVE('',#750,#751,#908,.T.);
#524=EDGE_CURVE('',#751,#752,#909,.T.);
#525=EDGE_CURVE('',#752,#753,#910,.T.);
#526=EDGE_CURVE('',#754,#753,#911,.T.);
#527=EDGE_CURVE('',#754,#755,#912,.T.);
#528=EDGE_CURVE('',#755,#756,#913,.T.);
#529=EDGE_CURVE('',#756,#757,#914,.T.);
#530=EDGE_CURVE('',#757,#758,#915,.T.);
#531=EDGE_CURVE('',#759,#758,#916,.T.);
#532=EDGE_CURVE('',#759,#760,#917,.T.);
#533=EDGE_CURVE('',#760,#761,#918,.T.);
#534=EDGE_CURVE('',#761,#762,#919,.T.);
#535=EDGE_CURVE('',#762,#763,#920,.T.);
#536=EDGE_CURVE('',#764,#763,#921,.T.);
#537=EDGE_CURVE('',#764,#765,#922,.T.);
#538=EDGE_CURVE('',#765,#766,#923,.T.);
#539=EDGE_CURVE('',#766,#767,#924,.T.);
#540=EDGE_CURVE('',#767,#768,#925,.T.);
#541=EDGE_CURVE('',#769,#768,#926,.T.);
#542=EDGE_CURVE('',#769,#770,#927,.T.);
#543=EDGE_CURVE('',#770,#771,#928,.T.);
#544=EDGE_CURVE('',#771,#772,#929,.T.);
#545=EDGE_CURVE('',#772,#773,#930,.T.);
#546=EDGE_CURVE('',#774,#773,#931,.T.);
#547=EDGE_CURVE('',#774,#775,#932,.T.);
#548=EDGE_CURVE('',#775,#776,#933,.T.);
#549=EDGE_CURVE('',#776,#777,#934,.T.);
#550=EDGE_CURVE('',#777,#778,#935,.T.);
#551=EDGE_CURVE('',#779,#778,#936,.T.);
#552=EDGE_CURVE('',#779,#780,#937,.T.);
#553=EDGE_CURVE('',#780,#781,#938,.T.);
#554=EDGE_CURVE('',#781,#782,#939,.T.);
#555=EDGE_CURVE('',#782,#783,#940,.T.);
#556=EDGE_CURVE('',#784,#783,#941,.T.);
#557=EDGE_CURVE('',#784,#785,#942,.T.);
#558=EDGE_CURVE('',#786,#785,#943,.T.);
#559=EDGE_CURVE('',#708,#786,#944,.T.);
#560=EDGE_CURVE('',#705,#787,#945,.T.);
#561=EDGE_CURVE('',#787,#788,#946,.T.);
#562=EDGE_CURVE('',#789,#788,#947,.T.);
#563=EDGE_CURVE('',#789,#790,#948,.T.);
#564=EDGE_CURVE('',#791,#790,#949,.T.);
#565=EDGE_CURVE('',#792,#791,#950,.T.);
#566=EDGE_CURVE('',#793,#792,#951,.T.);
#567=EDGE_CURVE('',#794,#793,#952,.T.);
#568=EDGE_CURVE('',#794,#795,#953,.T.);
#569=EDGE_CURVE('',#796,#795,#954,.T.);
#570=EDGE_CURVE('',#797,#796,#955,.T.);
#571=EDGE_CURVE('',#798,#797,#956,.T.);
#572=EDGE_CURVE('',#799,#798,#957,.T.);
#573=EDGE_CURVE('',#799,#800,#958,.T.);
#574=EDGE_CURVE('',#801,#800,#959,.T.);
#575=EDGE_CURVE('',#802,#801,#960,.T.);
#576=EDGE_CURVE('',#803,#802,#961,.T.);
#577=EDGE_CURVE('',#804,#803,#962,.T.);
#578=EDGE_CURVE('',#804,#805,#963,.T.);
#579=EDGE_CURVE('',#806,#805,#964,.T.);
#580=EDGE_CURVE('',#807,#806,#965,.T.);
#581=EDGE_CURVE('',#808,#807,#966,.T.);
#582=EDGE_CURVE('',#809,#808,#967,.T.);
#583=EDGE_CURVE('',#809,#810,#968,.T.);
#584=EDGE_CURVE('',#811,#810,#969,.T.);
#585=EDGE_CURVE('',#812,#811,#970,.T.);
#586=EDGE_CURVE('',#813,#812,#971,.T.);
#587=EDGE_CURVE('',#814,#813,#972,.T.);
#588=EDGE_CURVE('',#814,#815,#973,.T.);
#589=EDGE_CURVE('',#816,#815,#974,.T.);
#590=EDGE_CURVE('',#817,#816,#975,.T.);
#591=EDGE_CURVE('',#818,#817,#976,.T.);
#592=EDGE_CURVE('',#819,#818,#977,.T.);
#593=EDGE_CURVE('',#819,#820,#978,.T.);
#594=EDGE_CURVE('',#821,#820,#979,.T.);
#595=EDGE_CURVE('',#822,#821,#980,.T.);
#596=EDGE_CURVE('',#823,#822,#981,.T.);
#597=EDGE_CURVE('',#824,#823,#982,.T.);
#598=EDGE_CURVE('',#824,#825,#983,.T.);
#599=EDGE_CURVE('',#826,#825,#984,.T.);
#600=EDGE_CURVE('',#827,#826,#985,.T.);
#601=EDGE_CURVE('',#828,#827,#986,.T.);
#602=EDGE_CURVE('',#829,#828,#987,.T.);
#603=EDGE_CURVE('',#829,#830,#988,.T.);
#604=EDGE_CURVE('',#831,#830,#989,.T.);
#605=EDGE_CURVE('',#832,#831,#990,.T.);
#606=EDGE_CURVE('',#833,#832,#991,.T.);
#607=EDGE_CURVE('',#834,#833,#992,.T.);
#608=EDGE_CURVE('',#834,#835,#993,.T.);
#609=EDGE_CURVE('',#836,#835,#994,.T.);
#610=EDGE_CURVE('',#837,#836,#995,.T.);
#611=EDGE_CURVE('',#838,#837,#996,.T.);
#612=EDGE_CURVE('',#839,#838,#997,.T.);
#613=EDGE_CURVE('',#839,#840,#998,.T.);
#614=EDGE_CURVE('',#841,#840,#999,.T.);
#615=EDGE_CURVE('',#842,#841,#1000,.T.);
#616=EDGE_CURVE('',#843,#842,#1001,.T.);
#617=EDGE_CURVE('',#844,#843,#1002,.T.);
#618=EDGE_CURVE('',#844,#845,#1003,.T.);
#619=EDGE_CURVE('',#846,#845,#1004,.T.);
#620=EDGE_CURVE('',#847,#846,#1005,.T.);
#621=EDGE_CURVE('',#848,#847,#1006,.T.);
#622=EDGE_CURVE('',#849,#848,#1007,.T.);
#623=EDGE_CURVE('',#849,#850,#1008,.T.);
#624=EDGE_CURVE('',#851,#850,#1009,.T.);
#625=EDGE_CURVE('',#852,#851,#1010,.T.);
#626=EDGE_CURVE('',#853,#852,#1011,.T.);
#627=EDGE_CURVE('',#854,#853,#1012,.T.);
#628=EDGE_CURVE('',#854,#855,#1013,.T.);
#629=EDGE_CURVE('',#856,#855,#1014,.T.);
#630=EDGE_CURVE('',#857,#856,#1015,.T.);
#631=EDGE_CURVE('',#858,#857,#1016,.T.);
#632=EDGE_CURVE('',#713,#858,#1017,.T.);
#633=EDGE_CURVE('',#715,#858,#1018,.T.);
#634=EDGE_CURVE('',#780,#793,#1019,.T.);
#635=EDGE_CURVE('',#779,#794,#1020,.T.);
#636=EDGE_CURVE('',#775,#798,#1021,.T.);
#637=EDGE_CURVE('',#774,#799,#1022,.T.);
#638=EDGE_CURVE('',#770,#803,#1023,.T.);
#639=EDGE_CURVE('',#769,#804,#1024,.T.);
#640=EDGE_CURVE('',#765,#808,#1025,.T.);
#641=EDGE_CURVE('',#764,#809,#1026,.T.);
#642=EDGE_CURVE('',#760,#813,#1027,.T.);
#643=EDGE_CURVE('',#759,#814,#1028,.T.);
#644=EDGE_CURVE('',#755,#818,#1029,.T.);
#645=EDGE_CURVE('',#754,#819,#1030,.T.);
#646=EDGE_CURVE('',#750,#823,#1031,.T.);
#647=EDGE_CURVE('',#749,#824,#1032,.T.);
#648=EDGE_CURVE('',#745,#828,#1033,.T.);
#649=EDGE_CURVE('',#744,#829,#1034,.T.);
#650=EDGE_CURVE('',#740,#833,#1035,.T.);
#651=EDGE_CURVE('',#739,#834,#1036,.T.);
#652=EDGE_CURVE('',#735,#838,#1037,.T.);
#653=EDGE_CURVE('',#734,#839,#1038,.T.);
#654=EDGE_CURVE('',#730,#843,#1039,.T.);
#655=EDGE_CURVE('',#729,#844,#1040,.T.);
#656=EDGE_CURVE('',#725,#848,#1041,.T.);
#657=EDGE_CURVE('',#724,#849,#1042,.T.);
#658=EDGE_CURVE('',#720,#853,#1043,.T.);
#659=EDGE_CURVE('',#719,#854,#1044,.T.);
#660=EDGE_CURVE('',#784,#789,#1045,.T.);
#661=EDGE_CURVE('',#785,#788,#1046,.T.);
#662=EDGE_CURVE('',#786,#787,#1047,.T.);
#663=EDGE_CURVE('',#716,#857,#1048,.T.);
#664=EDGE_CURVE('',#717,#856,#1049,.T.);
#665=EDGE_CURVE('',#718,#855,#1050,.T.);
#666=EDGE_CURVE('',#721,#852,#1051,.T.);
#667=EDGE_CURVE('',#722,#851,#1052,.T.);
#668=EDGE_CURVE('',#723,#850,#1053,.T.);
#669=EDGE_CURVE('',#726,#847,#1054,.T.);
#670=EDGE_CURVE('',#727,#846,#1055,.T.);
#671=EDGE_CURVE('',#728,#845,#1056,.T.);
#672=EDGE_CURVE('',#731,#842,#1057,.T.);
#673=EDGE_CURVE('',#732,#841,#1058,.T.);
#674=EDGE_CURVE('',#733,#840,#1059,.T.);
#675=EDGE_CURVE('',#736,#837,#1060,.T.);
#676=EDGE_CURVE('',#737,#836,#1061,.T.);
#677=EDGE_CURVE('',#738,#835,#1062,.T.);
#678=EDGE_CURVE('',#741,#832,#1063,.T.);
#679=EDGE_CURVE('',#742,#831,#1064,.T.);
#680=EDGE_CURVE('',#743,#830,#1065,.T.);
#681=EDGE_CURVE('',#746,#827,#1066,.T.);
#682=EDGE_CURVE('',#747,#826,#1067,.T.);
#683=EDGE_CURVE('',#748,#825,#1068,.T.);
#684=EDGE_CURVE('',#751,#822,#1069,.T.);
#685=EDGE_CURVE('',#752,#821,#1070,.T.);
#686=EDGE_CURVE('',#753,#820,#1071,.T.);
#687=EDGE_CURVE('',#756,#817,#1072,.T.);
#688=EDGE_CURVE('',#757,#816,#1073,.T.);
#689=EDGE_CURVE('',#758,#815,#1074,.T.);
#690=EDGE_CURVE('',#761,#812,#1075,.T.);
#691=EDGE_CURVE('',#762,#811,#1076,.T.);
#692=EDGE_CURVE('',#763,#810,#1077,.T.);
#693=EDGE_CURVE('',#766,#807,#1078,.T.);
#694=EDGE_CURVE('',#767,#806,#1079,.T.);
#695=EDGE_CURVE('',#768,#805,#1080,.T.);
#696=EDGE_CURVE('',#771,#802,#1081,.T.);
#697=EDGE_CURVE('',#772,#801,#1082,.T.);
#698=EDGE_CURVE('',#773,#800,#1083,.T.);
#699=EDGE_CURVE('',#776,#797,#1084,.T.);
#700=EDGE_CURVE('',#777,#796,#1085,.T.);
#701=EDGE_CURVE('',#778,#795,#1086,.T.);
#702=EDGE_CURVE('',#781,#792,#1087,.T.);
#703=EDGE_CURVE('',#782,#791,#1088,.T.);
#704=EDGE_CURVE('',#783,#790,#1089,.T.);
#705=VERTEX_POINT('',#2123);
#706=VERTEX_POINT('',#2124);
#707=VERTEX_POINT('',#2126);
#708=VERTEX_POINT('',#2128);
#709=VERTEX_POINT('',#2132);
#710=VERTEX_POINT('',#2134);
#711=VERTEX_POINT('',#2138);
#712=VERTEX_POINT('',#2140);
#713=VERTEX_POINT('',#2144);
#714=VERTEX_POINT('',#2146);
#715=VERTEX_POINT('',#2150);
#716=VERTEX_POINT('',#2152);
#717=VERTEX_POINT('',#2154);
#718=VERTEX_POINT('',#2156);
#719=VERTEX_POINT('',#2158);
#720=VERTEX_POINT('',#2160);
#721=VERTEX_POINT('',#2162);
#722=VERTEX_POINT('',#2164);
#723=VERTEX_POINT('',#2166);
#724=VERTEX_POINT('',#2168);
#725=VERTEX_POINT('',#2170);
#726=VERTEX_POINT('',#2172);
#727=VERTEX_POINT('',#2174);
#728=VERTEX_POINT('',#2176);
#729=VERTEX_POINT('',#2178);
#730=VERTEX_POINT('',#2180);
#731=VERTEX_POINT('',#2182);
#732=VERTEX_POINT('',#2184);
#733=VERTEX_POINT('',#2186);
#734=VERTEX_POINT('',#2188);
#735=VERTEX_POINT('',#2190);
#736=VERTEX_POINT('',#2192);
#737=VERTEX_POINT('',#2194);
#738=VERTEX_POINT('',#2196);
#739=VERTEX_POINT('',#2198);
#740=VERTEX_POINT('',#2200);
#741=VERTEX_POINT('',#2202);
#742=VERTEX_POINT('',#2204);
#743=VERTEX_POINT('',#2206);
#744=VERTEX_POINT('',#2208);
#745=VERTEX_POINT('',#2210);
#746=VERTEX_POINT('',#2212);
#747=VERTEX_POINT('',#2214);
#748=VERTEX_POINT('',#2216);
#749=VERTEX_POINT('',#2218);
#750=VERTEX_POINT('',#2220);
#751=VERTEX_POINT('',#2222);
#752=VERTEX_POINT('',#2224);
#753=VERTEX_POINT('',#2226);
#754=VERTEX_POINT('',#2228);
#755=VERTEX_POINT('',#2230);
#756=VERTEX_POINT('',#2232);
#757=VERTEX_POINT('',#2234);
#758=VERTEX_POINT('',#2236);
#759=VERTEX_POINT('',#2238);
#760=VERTEX_POINT('',#2240);
#761=VERTEX_POINT('',#2242);
#762=VERTEX_POINT('',#2244);
#763=VERTEX_POINT('',#2246);
#764=VERTEX_POINT('',#2248);
#765=VERTEX_POINT('',#2250);
#766=VERTEX_POINT('',#2252);
#767=VERTEX_POINT('',#2254);
#768=VERTEX_POINT('',#2256);
#769=VERTEX_POINT('',#2258);
#770=VERTEX_POINT('',#2260);
#771=VERTEX_POINT('',#2262);
#772=VERTEX_POINT('',#2264);
#773=VERTEX_POINT('',#2266);
#774=VERTEX_POINT('',#2268);
#775=VERTEX_POINT('',#2270);
#776=VERTEX_POINT('',#2272);
#777=VERTEX_POINT('',#2274);
#778=VERTEX_POINT('',#2276);
#779=VERTEX_POINT('',#2278);
#780=VERTEX_POINT('',#2280);
#781=VERTEX_POINT('',#2282);
#782=VERTEX_POINT('',#2284);
#783=VERTEX_POINT('',#2286);
#784=VERTEX_POINT('',#2288);
#785=VERTEX_POINT('',#2290);
#786=VERTEX_POINT('',#2292);
#787=VERTEX_POINT('',#2296);
#788=VERTEX_POINT('',#2298);
#789=VERTEX_POINT('',#2300);
#790=VERTEX_POINT('',#2302);
#791=VERTEX_POINT('',#2304);
#792=VERTEX_POINT('',#2306);
#793=VERTEX_POINT('',#2308);
#794=VERTEX_POINT('',#2310);
#795=VERTEX_POINT('',#2312);
#796=VERTEX_POINT('',#2314);
#797=VERTEX_POINT('',#2316);
#798=VERTEX_POINT('',#2318);
#799=VERTEX_POINT('',#2320);
#800=VERTEX_POINT('',#2322);
#801=VERTEX_POINT('',#2324);
#802=VERTEX_POINT('',#2326);
#803=VERTEX_POINT('',#2328);
#804=VERTEX_POINT('',#2330);
#805=VERTEX_POINT('',#2332);
#806=VERTEX_POINT('',#2334);
#807=VERTEX_POINT('',#2336);
#808=VERTEX_POINT('',#2338);
#809=VERTEX_POINT('',#2340);
#810=VERTEX_POINT('',#2342);
#811=VERTEX_POINT('',#2344);
#812=VERTEX_POINT('',#2346);
#813=VERTEX_POINT('',#2348);
#814=VERTEX_POINT('',#2350);
#815=VERTEX_POINT('',#2352);
#816=VERTEX_POINT('',#2354);
#817=VERTEX_POINT('',#2356);
#818=VERTEX_POINT('',#2358);
#819=VERTEX_POINT('',#2360);
#820=VERTEX_POINT('',#2362);
#821=VERTEX_POINT('',#2364);
#822=VERTEX_POINT('',#2366);
#823=VERTEX_POINT('',#2368);
#824=VERTEX_POINT('',#2370);
#825=VERTEX_POINT('',#2372);
#826=VERTEX_POINT('',#2374);
#827=VERTEX_POINT('',#2376);
#828=VERTEX_POINT('',#2378);
#829=VERTEX_POINT('',#2380);
#830=VERTEX_POINT('',#2382);
#831=VERTEX_POINT('',#2384);
#832=VERTEX_POINT('',#2386);
#833=VERTEX_POINT('',#2388);
#834=VERTEX_POINT('',#2390);
#835=VERTEX_POINT('',#2392);
#836=VERTEX_POINT('',#2394);
#837=VERTEX_POINT('',#2396);
#838=VERTEX_POINT('',#2398);
#839=VERTEX_POINT('',#2400);
#840=VERTEX_POINT('',#2402);
#841=VERTEX_POINT('',#2404);
#842=VERTEX_POINT('',#2406);
#843=VERTEX_POINT('',#2408);
#844=VERTEX_POINT('',#2410);
#845=VERTEX_POINT('',#2412);
#846=VERTEX_POINT('',#2414);
#847=VERTEX_POINT('',#2416);
#848=VERTEX_POINT('',#2418);
#849=VERTEX_POINT('',#2420);
#850=VERTEX_POINT('',#2422);
#851=VERTEX_POINT('',#2424);
#852=VERTEX_POINT('',#2426);
#853=VERTEX_POINT('',#2428);
#854=VERTEX_POINT('',#2430);
#855=VERTEX_POINT('',#2432);
#856=VERTEX_POINT('',#2434);
#857=VERTEX_POINT('',#2436);
#858=VERTEX_POINT('',#2438);
#859=LINE('',#2122,#1090);
#860=LINE('',#2125,#1091);
#861=LINE('',#2127,#1092);
#862=LINE('',#2129,#1093);
#863=LINE('',#2131,#1094);
#864=LINE('',#2133,#1095);
#865=LINE('',#2135,#1096);
#866=LINE('',#2137,#1097);
#867=LINE('',#2139,#1098);
#868=LINE('',#2141,#1099);
#869=LINE('',#2143,#1100);
#870=LINE('',#2145,#1101);
#871=LINE('',#2147,#1102);
#872=LINE('',#2149,#1103);
#873=LINE('',#2151,#1104);
#874=LINE('',#2153,#1105);
#875=LINE('',#2155,#1106);
#876=LINE('',#2157,#1107);
#877=LINE('',#2159,#1108);
#878=LINE('',#2161,#1109);
#879=LINE('',#2163,#1110);
#880=LINE('',#2165,#1111);
#881=LINE('',#2167,#1112);
#882=LINE('',#2169,#1113);
#883=LINE('',#2171,#1114);
#884=LINE('',#2173,#1115);
#885=LINE('',#2175,#1116);
#886=LINE('',#2177,#1117);
#887=LINE('',#2179,#1118);
#888=LINE('',#2181,#1119);
#889=LINE('',#2183,#1120);
#890=LINE('',#2185,#1121);
#891=LINE('',#2187,#1122);
#892=LINE('',#2189,#1123);
#893=LINE('',#2191,#1124);
#894=LINE('',#2193,#1125);
#895=LINE('',#2195,#1126);
#896=LINE('',#2197,#1127);
#897=LINE('',#2199,#1128);
#898=LINE('',#2201,#1129);
#899=LINE('',#2203,#1130);
#900=LINE('',#2205,#1131);
#901=LINE('',#2207,#1132);
#902=LINE('',#2209,#1133);
#903=LINE('',#2211,#1134);
#904=LINE('',#2213,#1135);
#905=LINE('',#2215,#1136);
#906=LINE('',#2217,#1137);
#907=LINE('',#2219,#1138);
#908=LINE('',#2221,#1139);
#909=LINE('',#2223,#1140);
#910=LINE('',#2225,#1141);
#911=LINE('',#2227,#1142);
#912=LINE('',#2229,#1143);
#913=LINE('',#2231,#1144);
#914=LINE('',#2233,#1145);
#915=LINE('',#2235,#1146);
#916=LINE('',#2237,#1147);
#917=LINE('',#2239,#1148);
#918=LINE('',#2241,#1149);
#919=LINE('',#2243,#1150);
#920=LINE('',#2245,#1151);
#921=LINE('',#2247,#1152);
#922=LINE('',#2249,#1153);
#923=LINE('',#2251,#1154);
#924=LINE('',#2253,#1155);
#925=LINE('',#2255,#1156);
#926=LINE('',#2257,#1157);
#927=LINE('',#2259,#1158);
#928=LINE('',#2261,#1159);
#929=LINE('',#2263,#1160);
#930=LINE('',#2265,#1161);
#931=LINE('',#2267,#1162);
#932=LINE('',#2269,#1163);
#933=LINE('',#2271,#1164);
#934=LINE('',#2273,#1165);
#935=LINE('',#2275,#1166);
#936=LINE('',#2277,#1167);
#937=LINE('',#2279,#1168);
#938=LINE('',#2281,#1169);
#939=LINE('',#2283,#1170);
#940=LINE('',#2285,#1171);
#941=LINE('',#2287,#1172);
#942=LINE('',#2289,#1173);
#943=LINE('',#2291,#1174);
#944=LINE('',#2293,#1175);
#945=LINE('',#2295,#1176);
#946=LINE('',#2297,#1177);
#947=LINE('',#2299,#1178);
#948=LINE('',#2301,#1179);
#949=LINE('',#2303,#1180);
#950=LINE('',#2305,#1181);
#951=LINE('',#2307,#1182);
#952=LINE('',#2309,#1183);
#953=LINE('',#2311,#1184);
#954=LINE('',#2313,#1185);
#955=LINE('',#2315,#1186);
#956=LINE('',#2317,#1187);
#957=LINE('',#2319,#1188);
#958=LINE('',#2321,#1189);
#959=LINE('',#2323,#1190);
#960=LINE('',#2325,#1191);
#961=LINE('',#2327,#1192);
#962=LINE('',#2329,#1193);
#963=LINE('',#2331,#1194);
#964=LINE('',#2333,#1195);
#965=LINE('',#2335,#1196);
#966=LINE('',#2337,#1197);
#967=LINE('',#2339,#1198);
#968=LINE('',#2341,#1199);
#969=LINE('',#2343,#1200);
#970=LINE('',#2345,#1201);
#971=LINE('',#2347,#1202);
#972=LINE('',#2349,#1203);
#973=LINE('',#2351,#1204);
#974=LINE('',#2353,#1205);
#975=LINE('',#2355,#1206);
#976=LINE('',#2357,#1207);
#977=LINE('',#2359,#1208);
#978=LINE('',#2361,#1209);
#979=LINE('',#2363,#1210);
#980=LINE('',#2365,#1211);
#981=LINE('',#2367,#1212);
#982=LINE('',#2369,#1213);
#983=LINE('',#2371,#1214);
#984=LINE('',#2373,#1215);
#985=LINE('',#2375,#1216);
#986=LINE('',#2377,#1217);
#987=LINE('',#2379,#1218);
#988=LINE('',#2381,#1219);
#989=LINE('',#2383,#1220);
#990=LINE('',#2385,#1221);
#991=LINE('',#2387,#1222);
#992=LINE('',#2389,#1223);
#993=LINE('',#2391,#1224);
#994=LINE('',#2393,#1225);
#995=LINE('',#2395,#1226);
#996=LINE('',#2397,#1227);
#997=LINE('',#2399,#1228);
#998=LINE('',#2401,#1229);
#999=LINE('',#2403,#1230);
#1000=LINE('',#2405,#1231);
#1001=LINE('',#2407,#1232);
#1002=LINE('',#2409,#1233);
#1003=LINE('',#2411,#1234);
#1004=LINE('',#2413,#1235);
#1005=LINE('',#2415,#1236);
#1006=LINE('',#2417,#1237);
#1007=LINE('',#2419,#1238);
#1008=LINE('',#2421,#1239);
#1009=LINE('',#2423,#1240);
#1010=LINE('',#2425,#1241);
#1011=LINE('',#2427,#1242);
#1012=LINE('',#2429,#1243);
#1013=LINE('',#2431,#1244);
#1014=LINE('',#2433,#1245);
#1015=LINE('',#2435,#1246);
#1016=LINE('',#2437,#1247);
#1017=LINE('',#2439,#1248);
#1018=LINE('',#2441,#1249);
#1019=LINE('',#2443,#1250);
#1020=LINE('',#2444,#1251);
#1021=LINE('',#2446,#1252);
#1022=LINE('',#2447,#1253);
#1023=LINE('',#2449,#1254);
#1024=LINE('',#2450,#1255);
#1025=LINE('',#2452,#1256);
#1026=LINE('',#2453,#1257);
#1027=LINE('',#2455,#1258);
#1028=LINE('',#2456,#1259);
#1029=LINE('',#2458,#1260);
#1030=LINE('',#2459,#1261);
#1031=LINE('',#2461,#1262);
#1032=LINE('',#2462,#1263);
#1033=LINE('',#2464,#1264);
#1034=LINE('',#2465,#1265);
#1035=LINE('',#2467,#1266);
#1036=LINE('',#2468,#1267);
#1037=LINE('',#2470,#1268);
#1038=LINE('',#2471,#1269);
#1039=LINE('',#2473,#1270);
#1040=LINE('',#2474,#1271);
#1041=LINE('',#2476,#1272);
#1042=LINE('',#2477,#1273);
#1043=LINE('',#2479,#1274);
#1044=LINE('',#2480,#1275);
#1045=LINE('',#2482,#1276);
#1046=LINE('',#2483,#1277);
#1047=LINE('',#2485,#1278);
#1048=LINE('',#2488,#1279);
#1049=LINE('',#2490,#1280);
#1050=LINE('',#2492,#1281);
#1051=LINE('',#2495,#1282);
#1052=LINE('',#2497,#1283);
#1053=LINE('',#2499,#1284);
#1054=LINE('',#2502,#1285);
#1055=LINE('',#2504,#1286);
#1056=LINE('',#2506,#1287);
#1057=LINE('',#2509,#1288);
#1058=LINE('',#2511,#1289);
#1059=LINE('',#2513,#1290);
#1060=LINE('',#2516,#1291);
#1061=LINE('',#2518,#1292);
#1062=LINE('',#2520,#1293);
#1063=LINE('',#2523,#1294);
#1064=LINE('',#2525,#1295);
#1065=LINE('',#2527,#1296);
#1066=LINE('',#2530,#1297);
#1067=LINE('',#2532,#1298);
#1068=LINE('',#2534,#1299);
#1069=LINE('',#2537,#1300);
#1070=LINE('',#2539,#1301);
#1071=LINE('',#2541,#1302);
#1072=LINE('',#2544,#1303);
#1073=LINE('',#2546,#1304);
#1074=LINE('',#2548,#1305);
#1075=LINE('',#2551,#1306);
#1076=LINE('',#2553,#1307);
#1077=LINE('',#2555,#1308);
#1078=LINE('',#2558,#1309);
#1079=LINE('',#2560,#1310);
#1080=LINE('',#2562,#1311);
#1081=LINE('',#2565,#1312);
#1082=LINE('',#2567,#1313);
#1083=LINE('',#2569,#1314);
#1084=LINE('',#2572,#1315);
#1085=LINE('',#2574,#1316);
#1086=LINE('',#2576,#1317);
#1087=LINE('',#2579,#1318);
#1088=LINE('',#2581,#1319);
#1089=LINE('',#2583,#1320);
#1090=VECTOR('',#1733,1.);
#1091=VECTOR('',#1734,1.);
#1092=VECTOR('',#1735,1.);
#1093=VECTOR('',#1736,1.);
#1094=VECTOR('',#1739,1.);
#1095=VECTOR('',#1740,1.);
#1096=VECTOR('',#1741,1.);
#1097=VECTOR('',#1744,1.);
#1098=VECTOR('',#1745,1.);
#1099=VECTOR('',#1746,1.);
#1100=VECTOR('',#1749,1.);
#1101=VECTOR('',#1750,1.);
#1102=VECTOR('',#1751,1.);
#1103=VECTOR('',#1754,1.);
#1104=VECTOR('',#1755,1.);
#1105=VECTOR('',#1756,1.);
#1106=VECTOR('',#1757,1.);
#1107=VECTOR('',#1758,1.);
#1108=VECTOR('',#1759,1.);
#1109=VECTOR('',#1760,1.);
#1110=VECTOR('',#1761,1.);
#1111=VECTOR('',#1762,1.);
#1112=VECTOR('',#1763,1.);
#1113=VECTOR('',#1764,1.);
#1114=VECTOR('',#1765,1.);
#1115=VECTOR('',#1766,1.);
#1116=VECTOR('',#1767,1.);
#1117=VECTOR('',#1768,1.);
#1118=VECTOR('',#1769,1.);
#1119=VECTOR('',#1770,1.);
#1120=VECTOR('',#1771,1.);
#1121=VECTOR('',#1772,1.);
#1122=VECTOR('',#1773,1.);
#1123=VECTOR('',#1774,1.);
#1124=VECTOR('',#1775,1.);
#1125=VECTOR('',#1776,1.);
#1126=VECTOR('',#1777,1.);
#1127=VECTOR('',#1778,1.);
#1128=VECTOR('',#1779,1.);
#1129=VECTOR('',#1780,1.);
#1130=VECTOR('',#1781,1.);
#1131=VECTOR('',#1782,1.);
#1132=VECTOR('',#1783,1.);
#1133=VECTOR('',#1784,1.);
#1134=VECTOR('',#1785,1.);
#1135=VECTOR('',#1786,1.);
#1136=VECTOR('',#1787,1.);
#1137=VECTOR('',#1788,1.);
#1138=VECTOR('',#1789,1.);
#1139=VECTOR('',#1790,1.);
#1140=VECTOR('',#1791,1.);
#1141=VECTOR('',#1792,1.);
#1142=VECTOR('',#1793,1.);
#1143=VECTOR('',#1794,1.);
#1144=VECTOR('',#1795,1.);
#1145=VECTOR('',#1796,1.);
#1146=VECTOR('',#1797,1.);
#1147=VECTOR('',#1798,1.);
#1148=VECTOR('',#1799,1.);
#1149=VECTOR('',#1800,1.);
#1150=VECTOR('',#1801,1.);
#1151=VECTOR('',#1802,1.);
#1152=VECTOR('',#1803,1.);
#1153=VECTOR('',#1804,1.);
#1154=VECTOR('',#1805,1.);
#1155=VECTOR('',#1806,1.);
#1156=VECTOR('',#1807,1.);
#1157=VECTOR('',#1808,1.);
#1158=VECTOR('',#1809,1.);
#1159=VECTOR('',#1810,1.);
#1160=VECTOR('',#1811,1.);
#1161=VECTOR('',#1812,1.);
#1162=VECTOR('',#1813,1.);
#1163=VECTOR('',#1814,1.);
#1164=VECTOR('',#1815,1.);
#1165=VECTOR('',#1816,1.);
#1166=VECTOR('',#1817,1.);
#1167=VECTOR('',#1818,1.);
#1168=VECTOR('',#1819,1.);
#1169=VECTOR('',#1820,1.);
#1170=VECTOR('',#1821,1.);
#1171=VECTOR('',#1822,1.);
#1172=VECTOR('',#1823,1.);
#1173=VECTOR('',#1824,1.);
#1174=VECTOR('',#1825,1.);
#1175=VECTOR('',#1826,1.);
#1176=VECTOR('',#1829,1.);
#1177=VECTOR('',#1830,1.);
#1178=VECTOR('',#1831,1.);
#1179=VECTOR('',#1832,1.);
#1180=VECTOR('',#1833,1.);
#1181=VECTOR('',#1834,1.);
#1182=VECTOR('',#1835,1.);
#1183=VECTOR('',#1836,1.);
#1184=VECTOR('',#1837,1.);
#1185=VECTOR('',#1838,1.);
#1186=VECTOR('',#1839,1.);
#1187=VECTOR('',#1840,1.);
#1188=VECTOR('',#1841,1.);
#1189=VECTOR('',#1842,1.);
#1190=VECTOR('',#1843,1.);
#1191=VECTOR('',#1844,1.);
#1192=VECTOR('',#1845,1.);
#1193=VECTOR('',#1846,1.);
#1194=VECTOR('',#1847,1.);
#1195=VECTOR('',#1848,1.);
#1196=VECTOR('',#1849,1.);
#1197=VECTOR('',#1850,1.);
#1198=VECTOR('',#1851,1.);
#1199=VECTOR('',#1852,1.);
#1200=VECTOR('',#1853,1.);
#1201=VECTOR('',#1854,1.);
#1202=VECTOR('',#1855,1.);
#1203=VECTOR('',#1856,1.);
#1204=VECTOR('',#1857,1.);
#1205=VECTOR('',#1858,1.);
#1206=VECTOR('',#1859,1.);
#1207=VECTOR('',#1860,1.);
#1208=VECTOR('',#1861,1.);
#1209=VECTOR('',#1862,1.);
#1210=VECTOR('',#1863,1.);
#1211=VECTOR('',#1864,1.);
#1212=VECTOR('',#1865,1.);
#1213=VECTOR('',#1866,1.);
#1214=VECTOR('',#1867,1.);
#1215=VECTOR('',#1868,1.);
#1216=VECTOR('',#1869,1.);
#1217=VECTOR('',#1870,1.);
#1218=VECTOR('',#1871,1.);
#1219=VECTOR('',#1872,1.);
#1220=VECTOR('',#1873,1.);
#1221=VECTOR('',#1874,1.);
#1222=VECTOR('',#1875,1.);
#1223=VECTOR('',#1876,1.);
#1224=VECTOR('',#1877,1.);
#1225=VECTOR('',#1878,1.);
#1226=VECTOR('',#1879,1.);
#1227=VECTOR('',#1880,1.);
#1228=VECTOR('',#1881,1.);
#1229=VECTOR('',#1882,1.);
#1230=VECTOR('',#1883,1.);
#1231=VECTOR('',#1884,1.);
#1232=VECTOR('',#1885,1.);
#1233=VECTOR('',#1886,1.);
#1234=VECTOR('',#1887,1.);
#1235=VECTOR('',#1888,1.);
#1236=VECTOR('',#1889,1.);
#1237=VECTOR('',#1890,1.);
#1238=VECTOR('',#1891,1.);
#1239=VECTOR('',#1892,1.);
#1240=VECTOR('',#1893,1.);
#1241=VECTOR('',#1894,1.);
#1242=VECTOR('',#1895,1.);
#1243=VECTOR('',#1896,1.);
#1244=VECTOR('',#1897,1.);
#1245=VECTOR('',#1898,1.);
#1246=VECTOR('',#1899,1.);
#1247=VECTOR('',#1900,1.);
#1248=VECTOR('',#1901,1.);
#1249=VECTOR('',#1904,1.);
#1250=VECTOR('',#1907,1.);
#1251=VECTOR('',#1908,1.);
#1252=VECTOR('',#1911,1.);
#1253=VECTOR('',#1912,1.);
#1254=VECTOR('',#1915,1.);
#1255=VECTOR('',#1916,1.);
#1256=VECTOR('',#1919,1.);
#1257=VECTOR('',#1920,1.);
#1258=VECTOR('',#1923,1.);
#1259=VECTOR('',#1924,1.);
#1260=VECTOR('',#1927,1.);
#1261=VECTOR('',#1928,1.);
#1262=VECTOR('',#1931,1.);
#1263=VECTOR('',#1932,1.);
#1264=VECTOR('',#1935,1.);
#1265=VECTOR('',#1936,1.);
#1266=VECTOR('',#1939,1.);
#1267=VECTOR('',#1940,1.);
#1268=VECTOR('',#1943,1.);
#1269=VECTOR('',#1944,1.);
#1270=VECTOR('',#1947,1.);
#1271=VECTOR('',#1948,1.);
#1272=VECTOR('',#1951,1.);
#1273=VECTOR('',#1952,1.);
#1274=VECTOR('',#1955,1.);
#1275=VECTOR('',#1956,1.);
#1276=VECTOR('',#1959,1.);
#1277=VECTOR('',#1960,1.);
#1278=VECTOR('',#1963,1.);
#1279=VECTOR('',#1968,1.);
#1280=VECTOR('',#1971,1.);
#1281=VECTOR('',#1974,1.);
#1282=VECTOR('',#1979,1.);
#1283=VECTOR('',#1982,1.);
#1284=VECTOR('',#1985,1.);
#1285=VECTOR('',#1990,1.);
#1286=VECTOR('',#1993,1.);
#1287=VECTOR('',#1996,1.);
#1288=VECTOR('',#2001,1.);
#1289=VECTOR('',#2004,1.);
#1290=VECTOR('',#2007,1.);
#1291=VECTOR('',#2012,1.);
#1292=VECTOR('',#2015,1.);
#1293=VECTOR('',#2018,1.);
#1294=VECTOR('',#2023,1.);
#1295=VECTOR('',#2026,1.);
#1296=VECTOR('',#2029,1.);
#1297=VECTOR('',#2034,1.);
#1298=VECTOR('',#2037,1.);
#1299=VECTOR('',#2040,1.);
#1300=VECTOR('',#2045,1.);
#1301=VECTOR('',#2048,1.);
#1302=VECTOR('',#2051,1.);
#1303=VECTOR('',#2056,1.);
#1304=VECTOR('',#2059,1.);
#1305=VECTOR('',#2062,1.);
#1306=VECTOR('',#2067,1.);
#1307=VECTOR('',#2070,1.);
#1308=VECTOR('',#2073,1.);
#1309=VECTOR('',#2078,1.);
#1310=VECTOR('',#2081,1.);
#1311=VECTOR('',#2084,1.);
#1312=VECTOR('',#2089,1.);
#1313=VECTOR('',#2092,1.);
#1314=VECTOR('',#2095,1.);
#1315=VECTOR('',#2100,1.);
#1316=VECTOR('',#2103,1.);
#1317=VECTOR('',#2106,1.);
#1318=VECTOR('',#2111,1.);
#1319=VECTOR('',#2114,1.);
#1320=VECTOR('',#2117,1.);
#1321=EDGE_LOOP('',(#12,#13,#14,#15));
#1322=EDGE_LOOP('',(#16,#17,#18,#19));
#1323=EDGE_LOOP('',(#20,#21,#22,#23));
#1324=EDGE_LOOP('',(#24,#25,#26,#27));
#1325=EDGE_LOOP('',(#28,#29,#30,#31,#32,#33,#34,#35,#36,#37,#38,#39,#40,#41,#42,#43,#44,#45,#46,#47,#48,#49,#50,#51,#52,#53,#54,#55,#56,#57,#58,#59,#60,#61,#62,#63,#64,#65,#66,#67,#68,#69,#70,#71,#72,#73,#74,#75,#76,#77,#78,#79,#80,#81,#82,#83,#84,#85,#86,#87,#88,#89,#90,#91,#92,#93,#94,#95,#96,#97,#98,#99,#100,#101,#102,#103,#104));
#1326=EDGE_LOOP('',(#105,#106,#107,#108,#109,#110,#111,#112,#113,#114,#115,#116,#117,#118,#119,#120,#121,#122,#123,#124,#125,#126,#127,#128,#129,#130,#131,#132,#133,#134,#135,#136,#137,#138,#139,#140,#141,#142,#143,#144,#145,#146,#147,#148,#149,#150,#151,#152,#153,#154,#155,#156,#157,#158,#159,#160,#161,#162,#163,#164,#165,#166,#167,#168,#169,#170,#171,#172,#173,#174,#175,#176,#177,#178,#179,#180,#181));
#1327=EDGE_LOOP('',(#182,#183,#184,#185));
#1328=EDGE_LOOP('',(#186,#187,#188,#189));
#1329=EDGE_LOOP('',(#190,#191,#192,#193));
#1330=EDGE_LOOP('',(#194,#195,#196,#197));
#1331=EDGE_LOOP('',(#198,#199,#200,#201));
#1332=EDGE_LOOP('',(#202,#203,#204,#205));
#1333=EDGE_LOOP('',(#206,#207,#208,#209));
#1334=EDGE_LOOP('',(#210,#211,#212,#213));
#1335=EDGE_LOOP('',(#214,#215,#216,#217));
#1336=EDGE_LOOP('',(#218,#219,#220,#221));
#1337=EDGE_LOOP('',(#222,#223,#224,#225));
#1338=EDGE_LOOP('',(#226,#227,#228,#229));
#1339=EDGE_LOOP('',(#230,#231,#232,#233));
#1340=EDGE_LOOP('',(#234,#235,#236,#237));
#1341=EDGE_LOOP('',(#238,#239,#240,#241));
#1342=EDGE_LOOP('',(#242,#243,#244,#245));
#1343=EDGE_LOOP('',(#246,#247,#248,#249));
#1344=EDGE_LOOP('',(#250,#251,#252,#253));
#1345=EDGE_LOOP('',(#254,#255,#256,#257));
#1346=EDGE_LOOP('',(#258,#259,#260,#261));
#1347=EDGE_LOOP('',(#262,#263,#264,#265));
#1348=EDGE_LOOP('',(#266,#267,#268,#269));
#1349=EDGE_LOOP('',(#270,#271,#272,#273));
#1350=EDGE_LOOP('',(#274,#275,#276,#277));
#1351=EDGE_LOOP('',(#278,#279,#280,#281));
#1352=EDGE_LOOP('',(#282,#283,#284,#285));
#1353=EDGE_LOOP('',(#286,#287,#288,#289));
#1354=EDGE_LOOP('',(#290,#291,#292,#293));
#1355=EDGE_LOOP('',(#294,#295,#296,#297));
#1356=EDGE_LOOP('',(#298,#299,#300,#301));
#1357=EDGE_LOOP('',(#302,#303,#304,#305));
#1358=EDGE_LOOP('',(#306,#307,#308,#309));
#1359=EDGE_LOOP('',(#310,#311,#312,#313));
#1360=EDGE_LOOP('',(#314,#315,#316,#317));
#1361=EDGE_LOOP('',(#318,#319,#320,#321));
#1362=EDGE_LOOP('',(#322,#323,#324,#325));
#1363=EDGE_LOOP('',(#326,#327,#328,#329));
#1364=EDGE_LOOP('',(#330,#331,#332,#333));
#1365=EDGE_LOOP('',(#334,#335,#336,#337));
#1366=EDGE_LOOP('',(#338,#339,#340,#341));
#1367=EDGE_LOOP('',(#342,#343,#344,#345));
#1368=EDGE_LOOP('',(#346,#347,#348,#349));
#1369=EDGE_LOOP('',(#350,#351,#352,#353));
#1370=EDGE_LOOP('',(#354,#355,#356,#357));
#1371=EDGE_LOOP('',(#358,#359,#360,#361));
#1372=EDGE_LOOP('',(#362,#363,#364,#365));
#1373=EDGE_LOOP('',(#366,#367,#368,#369));
#1374=EDGE_LOOP('',(#370,#371,#372,#373));
#1375=EDGE_LOOP('',(#374,#375,#376,#377));
#1376=EDGE_LOOP('',(#378,#379,#380,#381));
#1377=EDGE_LOOP('',(#382,#383,#384,#385));
#1378=EDGE_LOOP('',(#386,#387,#388,#389));
#1379=EDGE_LOOP('',(#390,#391,#392,#393));
#1380=EDGE_LOOP('',(#394,#395,#396,#397));
#1381=EDGE_LOOP('',(#398,#399,#400,#401));
#1382=EDGE_LOOP('',(#402,#403,#404,#405));
#1383=EDGE_LOOP('',(#406,#407,#408,#409));
#1384=EDGE_LOOP('',(#410,#411,#412,#413));
#1385=EDGE_LOOP('',(#414,#415,#416,#417));
#1386=EDGE_LOOP('',(#418,#419,#420,#421));
#1387=EDGE_LOOP('',(#422,#423,#424,#425));
#1388=EDGE_LOOP('',(#426,#427,#428,#429));
#1389=EDGE_LOOP('',(#430,#431,#432,#433));
#1390=EDGE_LOOP('',(#434,#435,#436,#437));
#1391=EDGE_LOOP('',(#438,#439,#440,#441));
#1392=EDGE_LOOP('',(#442,#443,#444,#445));
#1393=EDGE_LOOP('',(#446,#447,#448,#449));
#1394=EDGE_LOOP('',(#450,#451,#452,#453));
#1395=EDGE_LOOP('',(#454,#455,#456,#457));
#1396=EDGE_LOOP('',(#458,#459,#460,#461));
#1397=EDGE_LOOP('',(#462,#463,#464,#465));
#1398=EDGE_LOOP('',(#466,#467,#468,#469));
#1399=EDGE_LOOP('',(#470,#471,#472,#473));
#1400=FACE_BOUND('',#1321,.T.);
#1401=FACE_BOUND('',#1322,.T.);
#1402=FACE_BOUND('',#1323,.T.);
#1403=FACE_BOUND('',#1324,.T.);
#1404=FACE_BOUND('',#1325,.T.);
#1405=FACE_BOUND('',#1326,.T.);
#1406=FACE_BOUND('',#1327,.T.);
#1407=FACE_BOUND('',#1328,.T.);
#1408=FACE_BOUND('',#1329,.T.);
#1409=FACE_BOUND('',#1330,.T.);
#1410=FACE_BOUND('',#1331,.T.);
#1411=FACE_BOUND('',#1332,.T.);
#1412=FACE_BOUND('',#1333,.T.);
#1413=FACE_BOUND('',#1334,.T.);
#1414=FACE_BOUND('',#1335,.T.);
#1415=FACE_BOUND('',#1336,.T.);
#1416=FACE_BOUND('',#1337,.T.);
#1417=FACE_BOUND('',#1338,.T.);
#1418=FACE_BOUND('',#1339,.T.);
#1419=FACE_BOUND('',#1340,.T.);
#1420=FACE_BOUND('',#1341,.T.);
#1421=FACE_BOUND('',#1342,.T.);
#1422=FACE_BOUND('',#1343,.T.);
#1423=FACE_BOUND('',#1344,.T.);
#1424=FACE_BOUND('',#1345,.T.);
#1425=FACE_BOUND('',#1346,.T.);
#1426=FACE_BOUND('',#1347,.T.);
#1427=FACE_BOUND('',#1348,.T.);
#1428=FACE_BOUND('',#1349,.T.);
#1429=FACE_BOUND('',#1350,.T.);
#1430=FACE_BOUND('',#1351,.T.);
#1431=FACE_BOUND('',#1352,.T.);
#1432=FACE_BOUND('',#1353,.T.);
#1433=FACE_BOUND('',#1354,.T.);
#1434=FACE_BOUND('',#1355,.T.);
#1435=FACE_BOUND('',#1356,.T.);
#1436=FACE_BOUND('',#1357,.T.);
#1437=FACE_BOUND('',#1358,.T.);
#1438=FACE_BOUND('',#1359,.T.);
#1439=FACE_BOUND('',#1360,.T.);
#1440=FACE_BOUND('',#1361,.T.);
#1441=FACE_BOUND('',#1362,.T.);
#1442=FACE_BOUND('',#1363,.T.);
#1443=FACE_BOUND('',#1364,.T.);
#1444=FACE_BOUND('',#1365,.T.);
#1445=FACE_BOUND('',#1366,.T.);
#1446=FACE_BOUND('',#1367,.T.);
#1447=FACE_BOUND('',#1368,.T.);
#1448=FACE_BOUND('',#1369,.T.);
#1449=FACE_BOUND('',#1370,.T.);
#1450=FACE_BOUND('',#1371,.T.);
#1451=FACE_BOUND('',#1372,.T.);
#1452=FACE_BOUND('',#1373,.T.);
#1453=FACE_BOUND('',#1374,.T.);
#1454=FACE_BOUND('',#1375,.T.);
#1455=FACE_BOUND('',#1376,.T.);
#1456=FACE_BOUND('',#1377,.T.);
#1457=FACE_BOUND('',#1378,.T.);
#1458=FACE_BOUND('',#1379,.T.);
#1459=FACE_BOUND('',#1380,.T.);
#1460=FACE_BOUND('',#1381,.T.);
#1461=FACE_BOUND('',#1382,.T.);
#1462=FACE_BOUND('',#1383,.T.);
#1463=FACE_BOUND('',#1384,.T.);
#1464=FACE_BOUND('',#1385,.T.);
#1465=FACE_BOUND('',#1386,.T.);
#1466=FACE_BOUND('',#1387,.T.);
#1467=FACE_BOUND('',#1388,.T.);
#1468=FACE_BOUND('',#1389,.T.);
#1469=FACE_BOUND('',#1390,.T.);
#1470=FACE_BOUND('',#1391,.T.);
#1471=FACE_BOUND('',#1392,.T.);
#1472=FACE_BOUND('',#1393,.T.);
#1473=FACE_BOUND('',#1394,.T.);
#1474=FACE_BOUND('',#1395,.T.);
#1475=FACE_BOUND('',#1396,.T.);
#1476=FACE_BOUND('',#1397,.T.);
#1477=FACE_BOUND('',#1398,.T.);
#1478=FACE_BOUND('',#1399,.T.);
#1479=PLANE('',#1650);
#1480=PLANE('',#1651);
#1481=PLANE('',#1652);
#1482=PLANE('',#1653);
#1483=PLANE('',#1654);
#1484=PLANE('',#1655);
#1485=PLANE('',#1656);
#1486=PLANE('',#1657);
#1487=PLANE('',#1658);
#1488=PLANE('',#1659);
#1489=PLANE('',#1660);
#1490=PLANE('',#1661);
#1491=PLANE('',#1662);
#1492=PLANE('',#1663);
#1493=PLANE('',#1664);
#1494=PLANE('',#1665);
#1495=PLANE('',#1666);
#1496=PLANE('',#1667);
#1497=PLANE('',#1668);
#1498=PLANE('',#1669);
#1499=PLANE('',#1670);
#1500=PLANE('',#1671);
#1501=PLANE('',#1672);
#1502=PLANE('',#1673);
#1503=PLANE('',#1674);
#1504=PLANE('',#1675);
#1505=PLANE('',#1676);
#1506=PLANE('',#1677);
#1507=PLANE('',#1678);
#1508=PLANE('',#1679);
#1509=PLANE('',#1680);
#1510=PLANE('',#1681);
#1511=PLANE('',#1682);
#1512=PLANE('',#1683);
#1513=PLANE('',#1684);
#1514=PLANE('',#1685);
#1515=PLANE('',#1686);
#1516=PLANE('',#1687);
#1517=PLANE('',#1688);
#1518=PLANE('',#1689);
#1519=PLANE('',#1690);
#1520=PLANE('',#1691);
#1521=PLANE('',#1692);
#1522=PLANE('',#1693);
#1523=PLANE('',#1694);
#1524=PLANE('',#1695);
#1525=PLANE('',#1696);
#1526=PLANE('',#1697);
#1527=PLANE('',#1698);
#1528=PLANE('',#1699);
#1529=PLANE('',#1700);
#1530=PLANE('',#1701);
#1531=PLANE('',#1702);
#1532=PLANE('',#1703);
#1533=PLANE('',#1704);
#1534=PLANE('',#1705);
#1535=PLANE('',#1706);
#1536=PLANE('',#1707);
#1537=PLANE('',#1708);
#1538=PLANE('',#1709);
#1539=PLANE('',#1710);
#1540=PLANE('',#1711);
#1541=PLANE('',#1712);
#1542=PLANE('',#1713);
#1543=PLANE('',#1714);
#1544=PLANE('',#1715);
#1545=PLANE('',#1716);
#1546=PLANE('',#1717);
#1547=PLANE('',#1718);
#1548=PLANE('',#1719);
#1549=PLANE('',#1720);
#1550=PLANE('',#1721);
#1551=PLANE('',#1722);
#1552=PLANE('',#1723);
#1553=PLANE('',#1724);
#1554=PLANE('',#1725);
#1555=PLANE('',#1726);
#1556=PLANE('',#1727);
#1557=PLANE('',#1728);
#1558=ADVANCED_FACE('',(#1400),#1479,.F.);
#1559=ADVANCED_FACE('',(#1401),#1480,.F.);
#1560=ADVANCED_FACE('',(#1402),#1481,.F.);
#1561=ADVANCED_FACE('',(#1403),#1482,.T.);
#1562=ADVANCED_FACE('',(#1404),#1483,.T.);
#1563=ADVANCED_FACE('',(#1405),#1484,.F.);
#1564=ADVANCED_FACE('',(#1406),#1485,.F.);
#1565=ADVANCED_FACE('',(#1407),#1486,.F.);
#1566=ADVANCED_FACE('',(#1408),#1487,.F.);
#1567=ADVANCED_FACE('',(#1409),#1488,.F.);
#1568=ADVANCED_FACE('',(#1410),#1489,.F.);
#1569=ADVANCED_FACE('',(#1411),#1490,.F.);
#1570=ADVANCED_FACE('',(#1412),#1491,.F.);
#1571=ADVANCED_FACE('',(#1413),#1492,.F.);
#1572=ADVANCED_FACE('',(#1414),#1493,.F.);
#1573=ADVANCED_FACE('',(#1415),#1494,.F.);
#1574=ADVANCED_FACE('',(#1416),#1495,.F.);
#1575=ADVANCED_FACE('',(#1417),#1496,.F.);
#1576=ADVANCED_FACE('',(#1418),#1497,.F.);
#1577=ADVANCED_FACE('',(#1419),#1498,.F.);
#1578=ADVANCED_FACE('',(#1420),#1499,.F.);
#1579=ADVANCED_FACE('',(#1421),#1500,.T.);
#1580=ADVANCED_FACE('',(#1422),#1501,.T.);
#1581=ADVANCED_FACE('',(#1423),#1502,.F.);
#1582=ADVANCED_FACE('',(#1424),#1503,.F.);
#1583=ADVANCED_FACE('',(#1425),#1504,.F.);
#1584=ADVANCED_FACE('',(#1426),#1505,.T.);
#1585=ADVANCED_FACE('',(#1427),#1506,.F.);
#1586=ADVANCED_FACE('',(#1428),#1507,.F.);
#1587=ADVANCED_FACE('',(#1429),#1508,.F.);
#1588=ADVANCED_FACE('',(#1430),#1509,.T.);
#1589=ADVANCED_FACE('',(#1431),#1510,.F.);
#1590=ADVANCED_FACE('',(#1432),#1511,.F.);
#1591=ADVANCED_FACE('',(#1433),#1512,.F.);
#1592=ADVANCED_FACE('',(#1434),#1513,.T.);
#1593=ADVANCED_FACE('',(#1435),#1514,.F.);
#1594=ADVANCED_FACE('',(#1436),#1515,.F.);
#1595=ADVANCED_FACE('',(#1437),#1516,.F.);
#1596=ADVANCED_FACE('',(#1438),#1517,.T.);
#1597=ADVANCED_FACE('',(#1439),#1518,.F.);
#1598=ADVANCED_FACE('',(#1440),#1519,.F.);
#1599=ADVANCED_FACE('',(#1441),#1520,.F.);
#1600=ADVANCED_FACE('',(#1442),#1521,.T.);
#1601=ADVANCED_FACE('',(#1443),#1522,.F.);
#1602=ADVANCED_FACE('',(#1444),#1523,.F.);
#1603=ADVANCED_FACE('',(#1445),#1524,.F.);
#1604=ADVANCED_FACE('',(#1446),#1525,.T.);
#1605=ADVANCED_FACE('',(#1447),#1526,.F.);
#1606=ADVANCED_FACE('',(#1448),#1527,.F.);
#1607=ADVANCED_FACE('',(#1449),#1528,.F.);
#1608=ADVANCED_FACE('',(#1450),#1529,.T.);
#1609=ADVANCED_FACE('',(#1451),#1530,.F.);
#1610=ADVANCED_FACE('',(#1452),#1531,.F.);
#1611=ADVANCED_FACE('',(#1453),#1532,.F.);
#1612=ADVANCED_FACE('',(#1454),#1533,.T.);
#1613=ADVANCED_FACE('',(#1455),#1534,.F.);
#1614=ADVANCED_FACE('',(#1456),#1535,.F.);
#1615=ADVANCED_FACE('',(#1457),#1536,.F.);
#1616=ADVANCED_FACE('',(#1458),#1537,.T.);
#1617=ADVANCED_FACE('',(#1459),#1538,.F.);
#1618=ADVANCED_FACE('',(#1460),#1539,.F.);
#1619=ADVANCED_FACE('',(#1461),#1540,.F.);
#1620=ADVANCED_FACE('',(#1462),#1541,.T.);
#1621=ADVANCED_FACE('',(#1463),#1542,.F.);
#1622=ADVANCED_FACE('',(#1464),#1543,.F.);
#1623=ADVANCED_FACE('',(#1465),#1544,.F.);
#1624=ADVANCED_FACE('',(#1466),#1545,.T.);
#1625=ADVANCED_FACE('',(#1467),#1546,.F.);
#1626=ADVANCED_FACE('',(#1468),#1547,.F.);
#1627=ADVANCED_FACE('',(#1469),#1548,.F.);
#1628=ADVANCED_FACE('',(#1470),#1549,.T.);
#1629=ADVANCED_FACE('',(#1471),#1550,.F.);
#1630=ADVANCED_FACE('',(#1472),#1551,.F.);
#1631=ADVANCED_FACE('',(#1473),#1552,.F.);
#1632=ADVANCED_FACE('',(#1474),#1553,.T.);
#1633=ADVANCED_FACE('',(#1475),#1554,.F.);
#1634=ADVANCED_FACE('',(#1476),#1555,.F.);
#1635=ADVANCED_FACE('',(#1477),#1556,.F.);
#1636=ADVANCED_FACE('',(#1478),#1557,.T.);
#1637=CLOSED_SHELL('',(#1558,#1559,#1560,#1561,#1562,#1563,#1564,#1565,#1566,#1567,#1568,#1569,#1570,#1571,#1572,#1573,#1574,#1575,#1576,#1577,#1578,#1579,#1580,#1581,#1582,#1583,#1584,#1585,#1586,#1587,#1588,#1589,#1590,#1591,#1592,#1593,#1594,#1595,#1596,#1597,#1598,#1599,#1600,#1601,#1602,#1603,#1604,#1605,#1606,#1607,#1608,#1609,#1610,#1611,#1612,#1613,#1614,#1615,#1616,#1617,#1618,#1619,#1620,#1621,#1622,#1623,#1624,#1625,#1626,#1627,#1628,#1629,#1630,#1631,#1632,#1633,#1634,#1635,#1636));
#1638=STYLED_ITEM('',(#1639),#1646);
#1639=PRESENTATION_STYLE_ASSIGNMENT((#1640));
#1640=SURFACE_STYLE_USAGE(.BOTH.,#1641);
#1641=SURFACE_SIDE_STYLE('',(#1642));
#1642=SURFACE_STYLE_FILL_AREA(#1643);
#1643=FILL_AREA_STYLE('',(#1644));
#1644=FILL_AREA_STYLE_COLOUR('',#1645);
#1645=COLOUR_RGB('',0.96078431372549,0.901960784313726,0.862745098039216);
#1646=MANIFOLD_SOLID_BREP('Part 3',#1637);
#1647=SHAPE_DEFINITION_REPRESENTATION(#2591,#1648);
#1648=SHAPE_REPRESENTATION('Part 3',(#1649),#2586);
#1649=AXIS2_PLACEMENT_3D('',#2120,#1729,#1730);
#1650=AXIS2_PLACEMENT_3D('',#2121,#1731,#1732);
#1651=AXIS2_PLACEMENT_3D('',#2130,#1737,#1738);
#1652=AXIS2_PLACEMENT_3D('',#2136,#1742,#1743);
#1653=AXIS2_PLACEMENT_3D('',#2142,#1747,#1748);
#1654=AXIS2_PLACEMENT_3D('',#2148,#1752,#1753);
#1655=AXIS2_PLACEMENT_3D('',#2294,#1827,#1828);
#1656=AXIS2_PLACEMENT_3D('',#2440,#1902,#1903);
#1657=AXIS2_PLACEMENT_3D('',#2442,#1905,#1906);
#1658=AXIS2_PLACEMENT_3D('',#2445,#1909,#1910);
#1659=AXIS2_PLACEMENT_3D('',#2448,#1913,#1914);
#1660=AXIS2_PLACEMENT_3D('',#2451,#1917,#1918);
#1661=AXIS2_PLACEMENT_3D('',#2454,#1921,#1922);
#1662=AXIS2_PLACEMENT_3D('',#2457,#1925,#1926);
#1663=AXIS2_PLACEMENT_3D('',#2460,#1929,#1930);
#1664=AXIS2_PLACEMENT_3D('',#2463,#1933,#1934);
#1665=AXIS2_PLACEMENT_3D('',#2466,#1937,#1938);
#1666=AXIS2_PLACEMENT_3D('',#2469,#1941,#1942);
#1667=AXIS2_PLACEMENT_3D('',#2472,#1945,#1946);
#1668=AXIS2_PLACEMENT_3D('',#2475,#1949,#1950);
#1669=AXIS2_PLACEMENT_3D('',#2478,#1953,#1954);
#1670=AXIS2_PLACEMENT_3D('',#2481,#1957,#1958);
#1671=AXIS2_PLACEMENT_3D('',#2484,#1961,#1962);
#1672=AXIS2_PLACEMENT_3D('',#2486,#1964,#1965);
#1673=AXIS2_PLACEMENT_3D('',#2487,#1966,#1967);
#1674=AXIS2_PLACEMENT_3D('',#2489,#1969,#1970);
#1675=AXIS2_PLACEMENT_3D('',#2491,#1972,#1973);
#1676=AXIS2_PLACEMENT_3D('',#2493,#1975,#1976);
#1677=AXIS2_PLACEMENT_3D('',#2494,#1977,#1978);
#1678=AXIS2_PLACEMENT_3D('',#2496,#1980,#1981);
#1679=AXIS2_PLACEMENT_3D('',#2498,#1983,#1984);
#1680=AXIS2_PLACEMENT_3D('',#2500,#1986,#1987);
#1681=AXIS2_PLACEMENT_3D('',#2501,#1988,#1989);
#1682=AXIS2_PLACEMENT_3D('',#2503,#1991,#1992);
#1683=AXIS2_PLACEMENT_3D('',#2505,#1994,#1995);
#1684=AXIS2_PLACEMENT_3D('',#2507,#1997,#1998);
#1685=AXIS2_PLACEMENT_3D('',#2508,#1999,#2000);
#1686=AXIS2_PLACEMENT_3D('',#2510,#2002,#2003);
#1687=AXIS2_PLACEMENT_3D('',#2512,#2005,#2006);
#1688=AXIS2_PLACEMENT_3D('',#2514,#2008,#2009);
#1689=AXIS2_PLACEMENT_3D('',#2515,#2010,#2011);
#1690=AXIS2_PLACEMENT_3D('',#2517,#2013,#2014);
#1691=AXIS2_PLACEMENT_3D('',#2519,#2016,#2017);
#1692=AXIS2_PLACEMENT_3D('',#2521,#2019,#2020);
#1693=AXIS2_PLACEMENT_3D('',#2522,#2021,#2022);
#1694=AXIS2_PLACEMENT_3D('',#2524,#2024,#2025);
#1695=AXIS2_PLACEMENT_3D('',#2526,#2027,#2028);
#1696=AXIS2_PLACEMENT_3D('',#2528,#2030,#2031);
#1697=AXIS2_PLACEMENT_3D('',#2529,#2032,#2033);
#1698=AXIS2_PLACEMENT_3D('',#2531,#2035,#2036);
#1699=AXIS2_PLACEMENT_3D('',#2533,#2038,#2039);
#1700=AXIS2_PLACEMENT_3D('',#2535,#2041,#2042);
#1701=AXIS2_PLACEMENT_3D('',#2536,#2043,#2044);
#1702=AXIS2_PLACEMENT_3D('',#2538,#2046,#2047);
#1703=AXIS2_PLACEMENT_3D('',#2540,#2049,#2050);
#1704=AXIS2_PLACEMENT_3D('',#2542,#2052,#2053);
#1705=AXIS2_PLACEMENT_3D('',#2543,#2054,#2055);
#1706=AXIS2_PLACEMENT_3D('',#2545,#2057,#2058);
#1707=AXIS2_PLACEMENT_3D('',#2547,#2060,#2061);
#1708=AXIS2_PLACEMENT_3D('',#2549,#2063,#2064);
#1709=AXIS2_PLACEMENT_3D('',#2550,#2065,#2066);
#1710=AXIS2_PLACEMENT_3D('',#2552,#2068,#2069);
#1711=AXIS2_PLACEMENT_3D('',#2554,#2071,#2072);
#1712=AXIS2_PLACEMENT_3D('',#2556,#2074,#2075);
#1713=AXIS2_PLACEMENT_3D('',#2557,#2076,#2077);
#1714=AXIS2_PLACEMENT_3D('',#2559,#2079,#2080);
#1715=AXIS2_PLACEMENT_3D('',#2561,#2082,#2083);
#1716=AXIS2_PLACEMENT_3D('',#2563,#2085,#2086);
#1717=AXIS2_PLACEMENT_3D('',#2564,#2087,#2088);
#1718=AXIS2_PLACEMENT_3D('',#2566,#2090,#2091);
#1719=AXIS2_PLACEMENT_3D('',#2568,#2093,#2094);
#1720=AXIS2_PLACEMENT_3D('',#2570,#2096,#2097);
#1721=AXIS2_PLACEMENT_3D('',#2571,#2098,#2099);
#1722=AXIS2_PLACEMENT_3D('',#2573,#2101,#2102);
#1723=AXIS2_PLACEMENT_3D('',#2575,#2104,#2105);
#1724=AXIS2_PLACEMENT_3D('',#2577,#2107,#2108);
#1725=AXIS2_PLACEMENT_3D('',#2578,#2109,#2110);
#1726=AXIS2_PLACEMENT_3D('',#2580,#2112,#2113);
#1727=AXIS2_PLACEMENT_3D('',#2582,#2115,#2116);
#1728=AXIS2_PLACEMENT_3D('',#2584,#2118,#2119);
#1729=DIRECTION('',(0.,0.,1.));
#1730=DIRECTION('',(1.,0.,0.));
#1731=DIRECTION('',(1.,0.,-2.01858731750028E-16));
#1732=DIRECTION('',(-2.01858731750028E-16,0.,-1.));
#1733=DIRECTION('',(-2.01858731750028E-16,0.,-1.));
#1734=DIRECTION('',(0.,1.,0.));
#1735=DIRECTION('',(-2.01858731750028E-16,0.,-1.));
#1736=DIRECTION('',(0.,1.,0.));
#1737=DIRECTION('',(0.808746128672147,0.,0.588157886419808));
#1738=DIRECTION('',(0.588157886419808,0.,-0.808746128672147));
#1739=DIRECTION('',(0.588157886419808,0.,-0.808746128672147));
#1740=DIRECTION('',(0.,1.,0.));
#1741=DIRECTION('',(0.588157886419808,0.,-0.808746128672147));
#1742=DIRECTION('',(-0.760316005729679,0.,0.649553363035914));
#1743=DIRECTION('',(0.649553363035914,0.,0.760316005729679));
#1744=DIRECTION('',(0.649553363035914,0.,0.76031600572968));
#1745=DIRECTION('',(0.,1.,0.));
#1746=DIRECTION('',(0.649553363035914,0.,0.76031600572968));
#1747=DIRECTION('',(1.,0.,0.));
#1748=DIRECTION('',(0.,0.,-1.));
#1749=DIRECTION('',(0.,0.,-1.));
#1750=DIRECTION('',(0.,1.,0.));
#1751=DIRECTION('',(0.,0.,-1.));
#1752=DIRECTION('',(0.,-1.,0.));
#1753=DIRECTION('',(1.,0.,0.));
#1754=DIRECTION('',(1.,0.,0.));
#1755=DIRECTION('',(-2.01858731750028E-16,0.,-1.));
#1756=DIRECTION('',(0.588157886419808,0.,-0.808746128672147));
#1757=DIRECTION('',(0.649553363035914,0.,0.76031600572968));
#1758=DIRECTION('',(0.,0.,-1.));
#1759=DIRECTION('',(1.,0.,0.));
#1760=DIRECTION('',(-2.01858731750028E-16,0.,-1.));
#1761=DIRECTION('',(0.588157886419808,0.,-0.808746128672147));
#1762=DIRECTION('',(0.649553363035914,0.,0.76031600572968));
#1763=DIRECTION('',(0.,0.,-1.));
#1764=DIRECTION('',(1.,0.,0.));
#1765=DIRECTION('',(-2.01858731750028E-16,0.,-1.));
#1766=DIRECTION('',(0.588157886419808,0.,-0.808746128672147));
#1767=DIRECTION('',(0.649553363035914,0.,0.76031600572968));
#1768=DIRECTION('',(0.,0.,-1.));
#1769=DIRECTION('',(1.,0.,0.));
#1770=DIRECTION('',(-2.01858731750028E-16,0.,-1.));
#1771=DIRECTION('',(0.588157886419808,0.,-0.808746128672147));
#1772=DIRECTION('',(0.649553363035914,0.,0.76031600572968));
#1773=DIRECTION('',(0.,0.,-1.));
#1774=DIRECTION('',(1.,0.,0.));
#1775=DIRECTION('',(-2.01858731750028E-16,0.,-1.));
#1776=DIRECTION('',(0.588157886419808,0.,-0.808746128672147));
#1777=DIRECTION('',(0.649553363035914,0.,0.76031600572968));
#1778=DIRECTION('',(0.,0.,-1.));
#1779=DIRECTION('',(1.,0.,0.));
#1780=DIRECTION('',(-2.01858731750028E-16,0.,-1.));
#1781=DIRECTION('',(0.588157886419808,0.,-0.808746128672147));
#1782=DIRECTION('',(0.649553363035914,0.,0.76031600572968));
#1783=DIRECTION('',(0.,0.,-1.));
#1784=DIRECTION('',(1.,0.,0.));
#1785=DIRECTION('',(-2.01858731750028E-16,0.,-1.));
#1786=DIRECTION('',(0.588157886419808,0.,-0.808746128672147));
#1787=DIRECTION('',(0.649553363035914,0.,0.76031600572968));
#1788=DIRECTION('',(0.,0.,-1.));
#1789=DIRECTION('',(1.,0.,0.));
#1790=DIRECTION('',(-2.01858731750028E-16,0.,-1.));
#1791=DIRECTION('',(0.588157886419808,0.,-0.808746128672147));
#1792=DIRECTION('',(0.649553363035914,0.,0.76031600572968));
#1793=DIRECTION('',(0.,0.,-1.));
#1794=DIRECTION('',(1.,0.,0.));
#1795=DIRECTION('',(-2.01858731750028E-16,0.,-1.));
#1796=DIRECTION('',(0.588157886419808,0.,-0.808746128672147));
#1797=DIRECTION('',(0.649553363035914,0.,0.76031600572968));
#1798=DIRECTION('',(0.,0.,-1.));
#1799=DIRECTION('',(1.,0.,0.));
#1800=DIRECTION('',(-2.01858731750028E-16,0.,-1.));
#1801=DIRECTION('',(0.588157886419808,0.,-0.808746128672147));
#1802=DIRECTION('',(0.649553363035914,0.,0.76031600572968));
#1803=DIRECTION('',(0.,0.,-1.));
#1804=DIRECTION('',(1.,0.,0.));
#1805=DIRECTION('',(-2.01858731750028E-16,0.,-1.));
#1806=DIRECTION('',(0.588157886419808,0.,-0.808746128672147));
#1807=DIRECTION('',(0.649553363035914,0.,0.76031600572968));
#1808=DIRECTION('',(0.,0.,-1.));
#1809=DIRECTION('',(1.,0.,0.));
#1810=DIRECTION('',(-2.01858731750028E-16,0.,-1.));
#1811=DIRECTION('',(0.588157886419808,0.,-0.808746128672147));
#1812=DIRECTION('',(0.649553363035914,0.,0.76031600572968));
#1813=DIRECTION('',(0.,0.,-1.));
#1814=DIRECTION('',(1.,0.,0.));
#1815=DIRECTION('',(-2.01858731750028E-16,0.,-1.));
#1816=DIRECTION('',(0.588157886419808,0.,-0.808746128672147));
#1817=DIRECTION('',(0.649553363035914,0.,0.76031600572968));
#1818=DIRECTION('',(0.,0.,-1.));
#1819=DIRECTION('',(1.,0.,0.));
#1820=DIRECTION('',(-2.01858731750028E-16,0.,-1.));
#1821=DIRECTION('',(0.588157886419808,0.,-0.808746128672147));
#1822=DIRECTION('',(0.649553363035914,0.,0.76031600572968));
#1823=DIRECTION('',(0.,0.,-1.));
#1824=DIRECTION('',(1.,0.,0.));
#1825=DIRECTION('',(-2.01858731750028E-16,0.,-1.));
#1826=DIRECTION('',(1.,0.,0.));
#1827=DIRECTION('',(0.,-1.,0.));
#1828=DIRECTION('',(1.,0.,0.));
#1829=DIRECTION('',(1.,0.,0.));
#1830=DIRECTION('',(-2.01858731750028E-16,0.,-1.));
#1831=DIRECTION('',(1.,0.,0.));
#1832=DIRECTION('',(0.,0.,-1.));
#1833=DIRECTION('',(0.649553363035914,0.,0.76031600572968));
#1834=DIRECTION('',(0.588157886419808,0.,-0.808746128672147));
#1835=DIRECTION('',(-2.01858731750028E-16,0.,-1.));
#1836=DIRECTION('',(1.,0.,0.));
#1837=DIRECTION('',(0.,0.,-1.));
#1838=DIRECTION('',(0.649553363035914,0.,0.76031600572968));
#1839=DIRECTION('',(0.588157886419808,0.,-0.808746128672147));
#1840=DIRECTION('',(-2.01858731750028E-16,0.,-1.));
#1841=DIRECTION('',(1.,0.,0.));
#1842=DIRECTION('',(0.,0.,-1.));
#1843=DIRECTION('',(0.649553363035914,0.,0.76031600572968));
#1844=DIRECTION('',(0.588157886419808,0.,-0.808746128672147));
#1845=DIRECTION('',(-2.01858731750028E-16,0.,-1.));
#1846=DIRECTION('',(1.,0.,0.));
#1847=DIRECTION('',(0.,0.,-1.));
#1848=DIRECTION('',(0.649553363035914,0.,0.76031600572968));
#1849=DIRECTION('',(0.588157886419808,0.,-0.808746128672147));
#1850=DIRECTION('',(-2.01858731750028E-16,0.,-1.));
#1851=DIRECTION('',(1.,0.,0.));
#1852=DIRECTION('',(0.,0.,-1.));
#1853=DIRECTION('',(0.649553363035914,0.,0.76031600572968));
#1854=DIRECTION('',(0.588157886419808,0.,-0.808746128672147));
#1855=DIRECTION('',(-2.01858731750028E-16,0.,-1.));
#1856=DIRECTION('',(1.,0.,0.));
#1857=DIRECTION('',(0.,0.,-1.));
#1858=DIRECTION('',(0.649553363035914,0.,0.76031600572968));
#1859=DIRECTION('',(0.588157886419808,0.,-0.808746128672147));
#1860=DIRECTION('',(-2.01858731750028E-16,0.,-1.));
#1861=DIRECTION('',(1.,0.,0.));
#1862=DIRECTION('',(0.,0.,-1.));
#1863=DIRECTION('',(0.649553363035914,0.,0.76031600572968));
#1864=DIRECTION('',(0.588157886419808,0.,-0.808746128672147));
#1865=DIRECTION('',(-2.01858731750028E-16,0.,-1.));
#1866=DIRECTION('',(1.,0.,0.));
#1867=DIRECTION('',(0.,0.,-1.));
#1868=DIRECTION('',(0.649553363035914,0.,0.76031600572968));
#1869=DIRECTION('',(0.588157886419808,0.,-0.808746128672147));
#1870=DIRECTION('',(-2.01858731750028E-16,0.,-1.));
#1871=DIRECTION('',(1.,0.,0.));
#1872=DIRECTION('',(0.,0.,-1.));
#1873=DIRECTION('',(0.649553363035914,0.,0.76031600572968));
#1874=DIRECTION('',(0.588157886419808,0.,-0.808746128672147));
#1875=DIRECTION('',(-2.01858731750028E-16,0.,-1.));
#1876=DIRECTION('',(1.,0.,0.));
#1877=DIRECTION('',(0.,0.,-1.));
#1878=DIRECTION('',(0.649553363035914,0.,0.76031600572968));
#1879=DIRECTION('',(0.588157886419808,0.,-0.808746128672147));
#1880=DIRECTION('',(-2.01858731750028E-16,0.,-1.));
#1881=DIRECTION('',(1.,0.,0.));
#1882=DIRECTION('',(0.,0.,-1.));
#1883=DIRECTION('',(0.649553363035914,0.,0.76031600572968));
#1884=DIRECTION('',(0.588157886419808,0.,-0.808746128672147));
#1885=DIRECTION('',(-2.01858731750028E-16,0.,-1.));
#1886=DIRECTION('',(1.,0.,0.));
#1887=DIRECTION('',(0.,0.,-1.));
#1888=DIRECTION('',(0.649553363035914,0.,0.76031600572968));
#1889=DIRECTION('',(0.588157886419808,0.,-0.808746128672147));
#1890=DIRECTION('',(-2.01858731750028E-16,0.,-1.));
#1891=DIRECTION('',(1.,0.,0.));
#1892=DIRECTION('',(0.,0.,-1.));
#1893=DIRECTION('',(0.649553363035914,0.,0.76031600572968));
#1894=DIRECTION('',(0.588157886419808,0.,-0.808746128672147));
#1895=DIRECTION('',(-2.01858731750028E-16,0.,-1.));
#1896=DIRECTION('',(1.,0.,0.));
#1897=DIRECTION('',(0.,0.,-1.));
#1898=DIRECTION('',(0.649553363035914,0.,0.76031600572968));
#1899=DIRECTION('',(0.588157886419808,0.,-0.808746128672147));
#1900=DIRECTION('',(-2.01858731750028E-16,0.,-1.));
#1901=DIRECTION('',(1.,0.,0.));
#1902=DIRECTION('',(0.,0.,1.));
#1903=DIRECTION('',(1.,0.,0.));
#1904=DIRECTION('',(0.,1.,0.));
#1905=DIRECTION('',(0.,0.,1.));
#1906=DIRECTION('',(1.,0.,0.));
#1907=DIRECTION('',(0.,1.,0.));
#1908=DIRECTION('',(0.,1.,0.));
#1909=DIRECTION('',(0.,0.,1.));
#1910=DIRECTION('',(1.,0.,0.));
#1911=DIRECTION('',(0.,1.,0.));
#1912=DIRECTION('',(0.,1.,0.));
#1913=DIRECTION('',(0.,0.,1.));
#1914=DIRECTION('',(1.,0.,0.));
#1915=DIRECTION('',(0.,1.,0.));
#1916=DIRECTION('',(0.,1.,0.));
#1917=DIRECTION('',(0.,0.,1.));
#1918=DIRECTION('',(1.,0.,0.));
#1919=DIRECTION('',(0.,1.,0.));
#1920=DIRECTION('',(0.,1.,0.));
#1921=DIRECTION('',(0.,0.,1.));
#1922=DIRECTION('',(1.,0.,0.));
#1923=DIRECTION('',(0.,1.,0.));
#1924=DIRECTION('',(0.,1.,0.));
#1925=DIRECTION('',(0.,0.,1.));
#1926=DIRECTION('',(1.,0.,0.));
#1927=DIRECTION('',(0.,1.,0.));
#1928=DIRECTION('',(0.,1.,0.));
#1929=DIRECTION('',(0.,0.,1.));
#1930=DIRECTION('',(1.,0.,0.));
#1931=DIRECTION('',(0.,1.,0.));
#1932=DIRECTION('',(0.,1.,0.));
#1933=DIRECTION('',(0.,0.,1.));
#1934=DIRECTION('',(1.,0.,0.));
#1935=DIRECTION('',(0.,1.,0.));
#1936=DIRECTION('',(0.,1.,0.));
#1937=DIRECTION('',(0.,0.,1.));
#1938=DIRECTION('',(1.,0.,0.));
#1939=DIRECTION('',(0.,1.,0.));
#1940=DIRECTION('',(0.,1.,0.));
#1941=DIRECTION('',(0.,0.,1.));
#1942=DIRECTION('',(1.,0.,0.));
#1943=DIRECTION('',(0.,1.,0.));
#1944=DIRECTION('',(0.,1.,0.));
#1945=DIRECTION('',(0.,0.,1.));
#1946=DIRECTION('',(1.,0.,0.));
#1947=DIRECTION('',(0.,1.,0.));
#1948=DIRECTION('',(0.,1.,0.));
#1949=DIRECTION('',(0.,0.,1.));
#1950=DIRECTION('',(1.,0.,0.));
#1951=DIRECTION('',(0.,1.,0.));
#1952=DIRECTION('',(0.,1.,0.));
#1953=DIRECTION('',(0.,0.,1.));
#1954=DIRECTION('',(1.,0.,0.));
#1955=DIRECTION('',(0.,1.,0.));
#1956=DIRECTION('',(0.,1.,0.));
#1957=DIRECTION('',(0.,0.,1.));
#1958=DIRECTION('',(1.,0.,0.));
#1959=DIRECTION('',(0.,1.,0.));
#1960=DIRECTION('',(0.,1.,0.));
#1961=DIRECTION('',(1.,0.,-2.01858731750028E-16));
#1962=DIRECTION('',(-2.01858731750028E-16,0.,-1.));
#1963=DIRECTION('',(0.,1.,0.));
#1964=DIRECTION('',(0.,0.,1.));
#1965=DIRECTION('',(1.,0.,0.));
#1966=DIRECTION('',(1.,0.,-2.01858731750028E-16));
#1967=DIRECTION('',(-2.01858731750028E-16,0.,-1.));
#1968=DIRECTION('',(0.,1.,0.));
#1969=DIRECTION('',(0.808746128672147,0.,0.588157886419808));
#1970=DIRECTION('',(0.588157886419808,0.,-0.808746128672147));
#1971=DIRECTION('',(0.,1.,0.));
#1972=DIRECTION('',(-0.760316005729679,0.,0.649553363035914));
#1973=DIRECTION('',(0.649553363035914,0.,0.760316005729679));
#1974=DIRECTION('',(0.,1.,0.));
#1975=DIRECTION('',(1.,0.,0.));
#1976=DIRECTION('',(0.,0.,-1.));
#1977=DIRECTION('',(1.,0.,-2.01858731750028E-16));
#1978=DIRECTION('',(-2.01858731750028E-16,0.,-1.));
#1979=DIRECTION('',(0.,1.,0.));
#1980=DIRECTION('',(0.808746128672147,0.,0.588157886419808));
#1981=DIRECTION('',(0.588157886419808,0.,-0.808746128672147));
#1982=DIRECTION('',(0.,1.,0.));
#1983=DIRECTION('',(-0.760316005729679,0.,0.649553363035914));
#1984=DIRECTION('',(0.649553363035914,0.,0.760316005729679));
#1985=DIRECTION('',(0.,1.,0.));
#1986=DIRECTION('',(1.,0.,0.));
#1987=DIRECTION('',(0.,0.,-1.));
#1988=DIRECTION('',(1.,0.,-2.01858731750028E-16));
#1989=DIRECTION('',(-2.01858731750028E-16,0.,-1.));
#1990=DIRECTION('',(0.,1.,0.));
#1991=DIRECTION('',(0.808746128672147,0.,0.588157886419808));
#1992=DIRECTION('',(0.588157886419808,0.,-0.808746128672147));
#1993=DIRECTION('',(0.,1.,0.));
#1994=DIRECTION('',(-0.760316005729679,0.,0.649553363035914));
#1995=DIRECTION('',(0.649553363035914,0.,0.760316005729679));
#1996=DIRECTION('',(0.,1.,0.));
#1997=DIRECTION('',(1.,0.,0.));
#1998=DIRECTION('',(0.,0.,-1.));
#1999=DIRECTION('',(1.,0.,-2.01858731750028E-16));
#2000=DIRECTION('',(-2.01858731750028E-16,0.,-1.));
#2001=DIRECTION('',(0.,1.,0.));
#2002=DIRECTION('',(0.808746128672147,0.,0.588157886419808));
#2003=DIRECTION('',(0.588157886419808,0.,-0.808746128672147));
#2004=DIRECTION('',(0.,1.,0.));
#2005=DIRECTION('',(-0.760316005729679,0.,0.649553363035914));
#2006=DIRECTION('',(0.649553363035914,0.,0.760316005729679));
#2007=DIRECTION('',(0.,1.,0.));
#2008=DIRECTION('',(1.,0.,0.));
#2009=DIRECTION('',(0.,0.,-1.));
#2010=DIRECTION('',(1.,0.,-2.01858731750028E-16));
#2011=DIRECTION('',(-2.01858731750028E-16,0.,-1.));
#2012=DIRECTION('',(0.,1.,0.));
#2013=DIRECTION('',(0.808746128672147,0.,0.588157886419808));
#2014=DIRECTION('',(0.588157886419808,0.,-0.808746128672147));
#2015=DIRECTION('',(0.,1.,0.));
#2016=DIRECTION('',(-0.760316005729679,0.,0.649553363035914));
#2017=DIRECTION('',(0.649553363035914,0.,0.760316005729679));
#2018=DIRECTION('',(0.,1.,0.));
#2019=DIRECTION('',(1.,0.,0.));
#2020=DIRECTION('',(0.,0.,-1.));
#2021=DIRECTION('',(1.,0.,-2.01858731750028E-16));
#2022=DIRECTION('',(-2.01858731750028E-16,0.,-1.));
#2023=DIRECTION('',(0.,1.,0.));
#2024=DIRECTION('',(0.808746128672147,0.,0.588157886419808));
#2025=DIRECTION('',(0.588157886419808,0.,-0.808746128672147));
#2026=DIRECTION('',(0.,1.,0.));
#2027=DIRECTION('',(-0.760316005729679,0.,0.649553363035914));
#2028=DIRECTION('',(0.649553363035914,0.,0.760316005729679));
#2029=DIRECTION('',(0.,1.,0.));
#2030=DIRECTION('',(1.,0.,0.));
#2031=DIRECTION('',(0.,0.,-1.));
#2032=DIRECTION('',(1.,0.,-2.01858731750028E-16));
#2033=DIRECTION('',(-2.01858731750028E-16,0.,-1.));
#2034=DIRECTION('',(0.,1.,0.));
#2035=DIRECTION('',(0.808746128672147,0.,0.588157886419808));
#2036=DIRECTION('',(0.588157886419808,0.,-0.808746128672147));
#2037=DIRECTION('',(0.,1.,0.));
#2038=DIRECTION('',(-0.760316005729679,0.,0.649553363035914));
#2039=DIRECTION('',(0.649553363035914,0.,0.760316005729679));
#2040=DIRECTION('',(0.,1.,0.));
#2041=DIRECTION('',(1.,0.,0.));
#2042=DIRECTION('',(0.,0.,-1.));
#2043=DIRECTION('',(1.,0.,-2.01858731750028E-16));
#2044=DIRECTION('',(-2.01858731750028E-16,0.,-1.));
#2045=DIRECTION('',(0.,1.,0.));
#2046=DIRECTION('',(0.808746128672147,0.,0.588157886419808));
#2047=DIRECTION('',(0.588157886419808,0.,-0.808746128672147));
#2048=DIRECTION('',(0.,1.,0.));
#2049=DIRECTION('',(-0.760316005729679,0.,0.649553363035914));
#2050=DIRECTION('',(0.649553363035914,0.,0.760316005729679));
#2051=DIRECTION('',(0.,1.,0.));
#2052=DIRECTION('',(1.,0.,0.));
#2053=DIRECTION('',(0.,0.,-1.));
#2054=DIRECTION('',(1.,0.,-2.01858731750028E-16));
#2055=DIRECTION('',(-2.01858731750028E-16,0.,-1.));
#2056=DIRECTION('',(0.,1.,0.));
#2057=DIRECTION('',(0.808746128672147,0.,0.588157886419808));
#2058=DIRECTION('',(0.588157886419808,0.,-0.808746128672147));
#2059=DIRECTION('',(0.,1.,0.));
#2060=DIRECTION('',(-0.760316005729679,0.,0.649553363035914));
#2061=DIRECTION('',(0.649553363035914,0.,0.760316005729679));
#2062=DIRECTION('',(0.,1.,0.));
#2063=DIRECTION('',(1.,0.,0.));
#2064=DIRECTION('',(0.,0.,-1.));
#2065=DIRECTION('',(1.,0.,-2.01858731750028E-16));
#2066=DIRECTION('',(-2.01858731750028E-16,0.,-1.));
#2067=DIRECTION('',(0.,1.,0.));
#2068=DIRECTION('',(0.808746128672147,0.,0.588157886419808));
#2069=DIRECTION('',(0.588157886419808,0.,-0.808746128672147));
#2070=DIRECTION('',(0.,1.,0.));
#2071=DIRECTION('',(-0.760316005729679,0.,0.649553363035914));
#2072=DIRECTION('',(0.649553363035914,0.,0.760316005729679));
#2073=DIRECTION('',(0.,1.,0.));
#2074=DIRECTION('',(1.,0.,0.));
#2075=DIRECTION('',(0.,0.,-1.));
#2076=DIRECTION('',(1.,0.,-2.01858731750028E-16));
#2077=DIRECTION('',(-2.01858731750028E-16,0.,-1.));
#2078=DIRECTION('',(0.,1.,0.));
#2079=DIRECTION('',(0.808746128672147,0.,0.588157886419808));
#2080=DIRECTION('',(0.588157886419808,0.,-0.808746128672147));
#2081=DIRECTION('',(0.,1.,0.));
#2082=DIRECTION('',(-0.760316005729679,0.,0.649553363035914));
#2083=DIRECTION('',(0.649553363035914,0.,0.760316005729679));
#2084=DIRECTION('',(0.,1.,0.));
#2085=DIRECTION('',(1.,0.,0.));
#2086=DIRECTION('',(0.,0.,-1.));
#2087=DIRECTION('',(1.,0.,-2.01858731750028E-16));
#2088=DIRECTION('',(-2.01858731750028E-16,0.,-1.));
#2089=DIRECTION('',(0.,1.,0.));
#2090=DIRECTION('',(0.808746128672147,0.,0.588157886419808));
#2091=DIRECTION('',(0.588157886419808,0.,-0.808746128672147));
#2092=DIRECTION('',(0.,1.,0.));
#2093=DIRECTION('',(-0.760316005729679,0.,0.649553363035914));
#2094=DIRECTION('',(0.649553363035914,0.,0.760316005729679));
#2095=DIRECTION('',(0.,1.,0.));
#2096=DIRECTION('',(1.,0.,0.));
#2097=DIRECTION('',(0.,0.,-1.));
#2098=DIRECTION('',(1.,0.,-2.01858731750028E-16));
#2099=DIRECTION('',(-2.01858731750028E-16,0.,-1.));
#2100=DIRECTION('',(0.,1.,0.));
#2101=DIRECTION('',(0.808746128672147,0.,0.588157886419808));
#2102=DIRECTION('',(0.588157886419808,0.,-0.808746128672147));
#2103=DIRECTION('',(0.,1.,0.));
#2104=DIRECTION('',(-0.760316005729679,0.,0.649553363035914));
#2105=DIRECTION('',(0.649553363035914,0.,0.760316005729679));
#2106=DIRECTION('',(0.,1.,0.));
#2107=DIRECTION('',(1.,0.,0.));
#2108=DIRECTION('',(0.,0.,-1.));
#2109=DIRECTION('',(1.,0.,-2.01858731750028E-16));
#2110=DIRECTION('',(-2.01858731750028E-16,0.,-1.));
#2111=DIRECTION('',(0.,1.,0.));
#2112=DIRECTION('',(0.808746128672147,0.,0.588157886419808));
#2113=DIRECTION('',(0.588157886419808,0.,-0.808746128672147));
#2114=DIRECTION('',(0.,1.,0.));
#2115=DIRECTION('',(-0.760316005729679,0.,0.649553363035914));
#2116=DIRECTION('',(0.649553363035914,0.,0.760316005729679));
#2117=DIRECTION('',(0.,1.,0.));
#2118=DIRECTION('',(1.,0.,0.));
#2119=DIRECTION('',(0.,0.,-1.));
#2120=CARTESIAN_POINT('',(0.,0.,0.));
#2121=CARTESIAN_POINT('',(-0.06875,-0.0038,-1.38777878078145E-17));
#2122=CARTESIAN_POINT('',(-0.06875,-0.0025,-1.38777878078145E-17));
#2123=CARTESIAN_POINT('',(-0.06875,-0.0025,0.06875));
#2124=CARTESIAN_POINT('',(-0.06875,-0.0025,0.0646489045739174));
#2125=CARTESIAN_POINT('',(-0.06875,-0.0038,0.0646489045739174));
#2126=CARTESIAN_POINT('',(-0.06875,-0.0038,0.0646489045739174));
#2127=CARTESIAN_POINT('',(-0.06875,-0.0038,-1.38777878078145E-17));
#2128=CARTESIAN_POINT('',(-0.06875,-0.0038,0.06875));
#2129=CARTESIAN_POINT('',(-0.06875,-0.0038,0.06875));
#2130=CARTESIAN_POINT('',(-0.0667672075331211,-0.0038,0.0619224670499563));
#2131=CARTESIAN_POINT('',(-0.0667672075331211,-0.0025,0.0619224670499563));
#2132=CARTESIAN_POINT('',(-0.0647844150662422,-0.0025,0.0591960295259953));
#2133=CARTESIAN_POINT('',(-0.0647844150662422,-0.0038,0.0591960295259953));
#2134=CARTESIAN_POINT('',(-0.0647844150662422,-0.0038,0.0591960295259953));
#2135=CARTESIAN_POINT('',(-0.0667672075331211,-0.0038,0.0619224670499563));
#2136=CARTESIAN_POINT('',(-0.0624551642686129,-0.0038,0.0619224670499563));
#2137=CARTESIAN_POINT('',(-0.0624551642686129,-0.0025,0.0619224670499563));
#2138=CARTESIAN_POINT('',(-0.0601259134709835,-0.0025,0.0646489045739174));
#2139=CARTESIAN_POINT('',(-0.0601259134709835,-0.0038,0.0646489045739174));
#2140=CARTESIAN_POINT('',(-0.0601259134709835,-0.0038,0.0646489045739174));
#2141=CARTESIAN_POINT('',(-0.0624551642686129,-0.0038,0.0619224670499563));
#2142=CARTESIAN_POINT('',(-0.0601259134709835,-0.0038,0.0657994522869587));
#2143=CARTESIAN_POINT('',(-0.0601259134709835,-0.0025,0.0657994522869587));
#2144=CARTESIAN_POINT('',(-0.0601259134709835,-0.0025,0.06695));
#2145=CARTESIAN_POINT('',(-0.0601259134709835,-0.0038,0.06695));
#2146=CARTESIAN_POINT('',(-0.0601259134709835,-0.0038,0.06695));
#2147=CARTESIAN_POINT('',(-0.0601259134709835,-0.0038,0.0657994522869587));
#2148=CARTESIAN_POINT('',(0.,-0.0038,-1.38777878078145E-17));
#2149=CARTESIAN_POINT('',(0.,-0.0038,0.06695));
#2150=CARTESIAN_POINT('',(-0.05975,-0.0038,0.06695));
#2151=CARTESIAN_POINT('',(-0.05975,-0.0038,-1.38777878078145E-17));
#2152=CARTESIAN_POINT('',(-0.05975,-0.0038,0.0646489045739174));
#2153=CARTESIAN_POINT('',(-0.0577672075331211,-0.0038,0.0619224670499563));
#2154=CARTESIAN_POINT('',(-0.0557844150662422,-0.0038,0.0591960295259953));
#2155=CARTESIAN_POINT('',(-0.0534551642686129,-0.0038,0.0619224670499563));
#2156=CARTESIAN_POINT('',(-0.0511259134709835,-0.0038,0.0646489045739174));
#2157=CARTESIAN_POINT('',(-0.0511259134709835,-0.0038,0.0657994522869587));
#2158=CARTESIAN_POINT('',(-0.0511259134709835,-0.0038,0.06695));
#2159=CARTESIAN_POINT('',(0.,-0.0038,0.06695));
#2160=CARTESIAN_POINT('',(-0.05075,-0.0038,0.06695));
#2161=CARTESIAN_POINT('',(-0.05075,-0.0038,-1.38777878078145E-17));
#2162=CARTESIAN_POINT('',(-0.05075,-0.0038,0.0646489045739174));
#2163=CARTESIAN_POINT('',(-0.0487672075331211,-0.0038,0.0619224670499563));
#2164=CARTESIAN_POINT('',(-0.0467844150662422,-0.0038,0.0591960295259953));
#2165=CARTESIAN_POINT('',(-0.0444551642686129,-0.0038,0.0619224670499563));
#2166=CARTESIAN_POINT('',(-0.0421259134709835,-0.0038,0.0646489045739174));
#2167=CARTESIAN_POINT('',(-0.0421259134709835,-0.0038,0.0657994522869587));
#2168=CARTESIAN_POINT('',(-0.0421259134709835,-0.0038,0.06695));
#2169=CARTESIAN_POINT('',(0.,-0.0038,0.06695));
#2170=CARTESIAN_POINT('',(-0.04175,-0.0038,0.06695));
#2171=CARTESIAN_POINT('',(-0.04175,-0.0038,-1.38777878078145E-17));
#2172=CARTESIAN_POINT('',(-0.04175,-0.0038,0.0646489045739174));
#2173=CARTESIAN_POINT('',(-0.0397672075331211,-0.0038,0.0619224670499563));
#2174=CARTESIAN_POINT('',(-0.0377844150662422,-0.0038,0.0591960295259953));
#2175=CARTESIAN_POINT('',(-0.0354551642686129,-0.0038,0.0619224670499563));
#2176=CARTESIAN_POINT('',(-0.0331259134709835,-0.0038,0.0646489045739174));
#2177=CARTESIAN_POINT('',(-0.0331259134709835,-0.0038,0.0657994522869587));
#2178=CARTESIAN_POINT('',(-0.0331259134709835,-0.0038,0.06695));
#2179=CARTESIAN_POINT('',(0.,-0.0038,0.06695));
#2180=CARTESIAN_POINT('',(-0.03275,-0.0038,0.06695));
#2181=CARTESIAN_POINT('',(-0.03275,-0.0038,-1.38777878078145E-17));
#2182=CARTESIAN_POINT('',(-0.03275,-0.0038,0.0646489045739174));
#2183=CARTESIAN_POINT('',(-0.0307672075331211,-0.0038,0.0619224670499563));
#2184=CARTESIAN_POINT('',(-0.0287844150662422,-0.0038,0.0591960295259953));
#2185=CARTESIAN_POINT('',(-0.0264551642686129,-0.0038,0.0619224670499563));
#2186=CARTESIAN_POINT('',(-0.0241259134709835,-0.0038,0.0646489045739174));
#2187=CARTESIAN_POINT('',(-0.0241259134709835,-0.0038,0.0657994522869587));
#2188=CARTESIAN_POINT('',(-0.0241259134709835,-0.0038,0.06695));
#2189=CARTESIAN_POINT('',(0.,-0.0038,0.06695));
#2190=CARTESIAN_POINT('',(-0.02375,-0.0038,0.06695));
#2191=CARTESIAN_POINT('',(-0.02375,-0.0038,-1.38777878078145E-17));
#2192=CARTESIAN_POINT('',(-0.02375,-0.0038,0.0646489045739174));
#2193=CARTESIAN_POINT('',(-0.0217672075331211,-0.0038,0.0619224670499563));
#2194=CARTESIAN_POINT('',(-0.0197844150662422,-0.0038,0.0591960295259953));
#2195=CARTESIAN_POINT('',(-0.0174551642686128,-0.0038,0.0619224670499563));
#2196=CARTESIAN_POINT('',(-0.0151259134709835,-0.0038,0.0646489045739174));
#2197=CARTESIAN_POINT('',(-0.0151259134709835,-0.0038,0.0657994522869587));
#2198=CARTESIAN_POINT('',(-0.0151259134709835,-0.0038,0.06695));
#2199=CARTESIAN_POINT('',(0.,-0.0038,0.06695));
#2200=CARTESIAN_POINT('',(-0.01475,-0.0038,0.06695));
#2201=CARTESIAN_POINT('',(-0.01475,-0.0038,-1.38777878078145E-17));
#2202=CARTESIAN_POINT('',(-0.01475,-0.0038,0.0646489045739174));
#2203=CARTESIAN_POINT('',(-0.0127672075331211,-0.0038,0.0619224670499563));
#2204=CARTESIAN_POINT('',(-0.0107844150662422,-0.0038,0.0591960295259953));
#2205=CARTESIAN_POINT('',(-0.00845516426861286,-0.0038,0.0619224670499563));
#2206=CARTESIAN_POINT('',(-0.0061259134709835,-0.0038,0.0646489045739174));
#2207=CARTESIAN_POINT('',(-0.0061259134709835,-0.0038,0.0657994522869587));
#2208=CARTESIAN_POINT('',(-0.0061259134709835,-0.0038,0.06695));
#2209=CARTESIAN_POINT('',(0.,-0.0038,0.06695));
#2210=CARTESIAN_POINT('',(-0.00575,-0.0038,0.06695));
#2211=CARTESIAN_POINT('',(-0.00575,-0.0038,-1.38777878078145E-17));
#2212=CARTESIAN_POINT('',(-0.00575,-0.0038,0.0646489045739174));
#2213=CARTESIAN_POINT('',(-0.0037672075331211,-0.0038,0.0619224670499563));
#2214=CARTESIAN_POINT('',(-0.00178441506624222,-0.0038,0.0591960295259953));
#2215=CARTESIAN_POINT('',(0.000544835731387139,-0.0038,0.0619224670499563));
#2216=CARTESIAN_POINT('',(0.0028740865290165,-0.0038,0.0646489045739174));
#2217=CARTESIAN_POINT('',(0.0028740865290165,-0.0038,0.0657994522869587));
#2218=CARTESIAN_POINT('',(0.0028740865290165,-0.0038,0.06695));
#2219=CARTESIAN_POINT('',(0.,-0.0038,0.06695));
#2220=CARTESIAN_POINT('',(0.00325,-0.0038,0.06695));
#2221=CARTESIAN_POINT('',(0.00325,-0.0038,-1.38777878078145E-17));
#2222=CARTESIAN_POINT('',(0.00325,-0.0038,0.0646489045739174));
#2223=CARTESIAN_POINT('',(0.00523279246687891,-0.0038,0.0619224670499563));
#2224=CARTESIAN_POINT('',(0.00721558493375779,-0.0038,0.0591960295259953));
#2225=CARTESIAN_POINT('',(0.00954483573138715,-0.0038,0.0619224670499563));
#2226=CARTESIAN_POINT('',(0.0118740865290165,-0.0038,0.0646489045739174));
#2227=CARTESIAN_POINT('',(0.0118740865290165,-0.0038,0.0657994522869587));
#2228=CARTESIAN_POINT('',(0.0118740865290165,-0.0038,0.06695));
#2229=CARTESIAN_POINT('',(0.,-0.0038,0.06695));
#2230=CARTESIAN_POINT('',(0.01225,-0.0038,0.06695));
#2231=CARTESIAN_POINT('',(0.01225,-0.0038,-1.38777878078145E-17));
#2232=CARTESIAN_POINT('',(0.01225,-0.0038,0.0646489045739174));
#2233=CARTESIAN_POINT('',(0.0142327924668789,-0.0038,0.0619224670499563));
#2234=CARTESIAN_POINT('',(0.0162155849337578,-0.0038,0.0591960295259953));
#2235=CARTESIAN_POINT('',(0.0185448357313872,-0.0038,0.0619224670499563));
#2236=CARTESIAN_POINT('',(0.0208740865290165,-0.0038,0.0646489045739174));
#2237=CARTESIAN_POINT('',(0.0208740865290165,-0.0038,0.0657994522869587));
#2238=CARTESIAN_POINT('',(0.0208740865290165,-0.0038,0.06695));
#2239=CARTESIAN_POINT('',(0.,-0.0038,0.06695));
#2240=CARTESIAN_POINT('',(0.02125,-0.0038,0.06695));
#2241=CARTESIAN_POINT('',(0.02125,-0.0038,-1.38777878078145E-17));
#2242=CARTESIAN_POINT('',(0.02125,-0.0038,0.0646489045739174));
#2243=CARTESIAN_POINT('',(0.0232327924668789,-0.0038,0.0619224670499563));
#2244=CARTESIAN_POINT('',(0.0252155849337578,-0.0038,0.0591960295259953));
#2245=CARTESIAN_POINT('',(0.0275448357313871,-0.0038,0.0619224670499563));
#2246=CARTESIAN_POINT('',(0.0298740865290165,-0.0038,0.0646489045739174));
#2247=CARTESIAN_POINT('',(0.0298740865290165,-0.0038,0.0657994522869587));
#2248=CARTESIAN_POINT('',(0.0298740865290165,-0.0038,0.06695));
#2249=CARTESIAN_POINT('',(0.,-0.0038,0.06695));
#2250=CARTESIAN_POINT('',(0.03025,-0.0038,0.06695));
#2251=CARTESIAN_POINT('',(0.03025,-0.0038,-1.38777878078145E-17));
#2252=CARTESIAN_POINT('',(0.03025,-0.0038,0.0646489045739174));
#2253=CARTESIAN_POINT('',(0.0322327924668789,-0.0038,0.0619224670499563));
#2254=CARTESIAN_POINT('',(0.0342155849337578,-0.0038,0.0591960295259953));
#2255=CARTESIAN_POINT('',(0.0365448357313871,-0.0038,0.0619224670499563));
#2256=CARTESIAN_POINT('',(0.0388740865290165,-0.0038,0.0646489045739174));
#2257=CARTESIAN_POINT('',(0.0388740865290165,-0.0038,0.0657994522869587));
#2258=CARTESIAN_POINT('',(0.0388740865290165,-0.0038,0.06695));
#2259=CARTESIAN_POINT('',(0.,-0.0038,0.06695));
#2260=CARTESIAN_POINT('',(0.03925,-0.0038,0.06695));
#2261=CARTESIAN_POINT('',(0.03925,-0.0038,-1.38777878078145E-17));
#2262=CARTESIAN_POINT('',(0.03925,-0.0038,0.0646489045739174));
#2263=CARTESIAN_POINT('',(0.0412327924668789,-0.0038,0.0619224670499563));
#2264=CARTESIAN_POINT('',(0.0432155849337578,-0.0038,0.0591960295259953));
#2265=CARTESIAN_POINT('',(0.0455448357313872,-0.0038,0.0619224670499563));
#2266=CARTESIAN_POINT('',(0.0478740865290165,-0.0038,0.0646489045739174));
#2267=CARTESIAN_POINT('',(0.0478740865290165,-0.0038,0.0657994522869587));
#2268=CARTESIAN_POINT('',(0.0478740865290165,-0.0038,0.06695));
#2269=CARTESIAN_POINT('',(0.,-0.0038,0.06695));
#2270=CARTESIAN_POINT('',(0.04825,-0.0038,0.06695));
#2271=CARTESIAN_POINT('',(0.04825,-0.0038,-1.38777878078145E-17));
#2272=CARTESIAN_POINT('',(0.04825,-0.0038,0.0646489045739174));
#2273=CARTESIAN_POINT('',(0.0502327924668789,-0.0038,0.0619224670499563));
#2274=CARTESIAN_POINT('',(0.0522155849337578,-0.0038,0.0591960295259953));
#2275=CARTESIAN_POINT('',(0.0545448357313872,-0.0038,0.0619224670499563));
#2276=CARTESIAN_POINT('',(0.0568740865290165,-0.0038,0.0646489045739174));
#2277=CARTESIAN_POINT('',(0.0568740865290165,-0.0038,0.0657994522869587));
#2278=CARTESIAN_POINT('',(0.0568740865290165,-0.0038,0.06695));
#2279=CARTESIAN_POINT('',(0.,-0.0038,0.06695));
#2280=CARTESIAN_POINT('',(0.05725,-0.0038,0.06695));
#2281=CARTESIAN_POINT('',(0.05725,-0.0038,-1.38777878078145E-17));
#2282=CARTESIAN_POINT('',(0.05725,-0.0038,0.0646489045739174));
#2283=CARTESIAN_POINT('',(0.0592327924668789,-0.0038,0.0619224670499563));
#2284=CARTESIAN_POINT('',(0.0612155849337578,-0.0038,0.0591960295259953));
#2285=CARTESIAN_POINT('',(0.0635448357313871,-0.0038,0.0619224670499563));
#2286=CARTESIAN_POINT('',(0.0658740865290165,-0.0038,0.0646489045739174));
#2287=CARTESIAN_POINT('',(0.0658740865290165,-0.0038,0.0657994522869587));
#2288=CARTESIAN_POINT('',(0.0658740865290165,-0.0038,0.06695));
#2289=CARTESIAN_POINT('',(0.,-0.0038,0.06695));
#2290=CARTESIAN_POINT('',(0.06875,-0.0038,0.06695));
#2291=CARTESIAN_POINT('',(0.06875,-0.0038,-1.38777878078145E-17));
#2292=CARTESIAN_POINT('',(0.06875,-0.0038,0.06875));
#2293=CARTESIAN_POINT('',(1.38777878078145E-17,-0.0038,0.06875));
#2294=CARTESIAN_POINT('',(0.,-0.0025,-1.38777878078145E-17));
#2295=CARTESIAN_POINT('',(1.38777878078145E-17,-0.0025,0.06875));
#2296=CARTESIAN_POINT('',(0.06875,-0.0025,0.06875));
#2297=CARTESIAN_POINT('',(0.06875,-0.0025,-1.38777878078145E-17));
#2298=CARTESIAN_POINT('',(0.06875,-0.0025,0.06695));
#2299=CARTESIAN_POINT('',(0.,-0.0025,0.06695));
#2300=CARTESIAN_POINT('',(0.0658740865290165,-0.0025,0.06695));
#2301=CARTESIAN_POINT('',(0.0658740865290165,-0.0025,0.0657994522869587));
#2302=CARTESIAN_POINT('',(0.0658740865290165,-0.0025,0.0646489045739174));
#2303=CARTESIAN_POINT('',(0.0635448357313871,-0.0025,0.0619224670499563));
#2304=CARTESIAN_POINT('',(0.0612155849337578,-0.0025,0.0591960295259953));
#2305=CARTESIAN_POINT('',(0.0592327924668789,-0.0025,0.0619224670499563));
#2306=CARTESIAN_POINT('',(0.05725,-0.0025,0.0646489045739174));
#2307=CARTESIAN_POINT('',(0.05725,-0.0025,-1.38777878078145E-17));
#2308=CARTESIAN_POINT('',(0.05725,-0.0025,0.06695));
#2309=CARTESIAN_POINT('',(0.,-0.0025,0.06695));
#2310=CARTESIAN_POINT('',(0.0568740865290165,-0.0025,0.06695));
#2311=CARTESIAN_POINT('',(0.0568740865290165,-0.0025,0.0657994522869587));
#2312=CARTESIAN_POINT('',(0.0568740865290165,-0.0025,0.0646489045739174));
#2313=CARTESIAN_POINT('',(0.0545448357313872,-0.0025,0.0619224670499563));
#2314=CARTESIAN_POINT('',(0.0522155849337578,-0.0025,0.0591960295259953));
#2315=CARTESIAN_POINT('',(0.0502327924668789,-0.0025,0.0619224670499563));
#2316=CARTESIAN_POINT('',(0.04825,-0.0025,0.0646489045739174));
#2317=CARTESIAN_POINT('',(0.04825,-0.0025,-1.38777878078145E-17));
#2318=CARTESIAN_POINT('',(0.04825,-0.0025,0.06695));
#2319=CARTESIAN_POINT('',(0.,-0.0025,0.06695));
#2320=CARTESIAN_POINT('',(0.0478740865290165,-0.0025,0.06695));
#2321=CARTESIAN_POINT('',(0.0478740865290165,-0.0025,0.0657994522869587));
#2322=CARTESIAN_POINT('',(0.0478740865290165,-0.0025,0.0646489045739174));
#2323=CARTESIAN_POINT('',(0.0455448357313872,-0.0025,0.0619224670499563));
#2324=CARTESIAN_POINT('',(0.0432155849337578,-0.0025,0.0591960295259953));
#2325=CARTESIAN_POINT('',(0.0412327924668789,-0.0025,0.0619224670499563));
#2326=CARTESIAN_POINT('',(0.03925,-0.0025,0.0646489045739174));
#2327=CARTESIAN_POINT('',(0.03925,-0.0025,-1.38777878078145E-17));
#2328=CARTESIAN_POINT('',(0.03925,-0.0025,0.06695));
#2329=CARTESIAN_POINT('',(0.,-0.0025,0.06695));
#2330=CARTESIAN_POINT('',(0.0388740865290165,-0.0025,0.06695));
#2331=CARTESIAN_POINT('',(0.0388740865290165,-0.0025,0.0657994522869587));
#2332=CARTESIAN_POINT('',(0.0388740865290165,-0.0025,0.0646489045739174));
#2333=CARTESIAN_POINT('',(0.0365448357313871,-0.0025,0.0619224670499563));
#2334=CARTESIAN_POINT('',(0.0342155849337578,-0.0025,0.0591960295259953));
#2335=CARTESIAN_POINT('',(0.0322327924668789,-0.0025,0.0619224670499563));
#2336=CARTESIAN_POINT('',(0.03025,-0.0025,0.0646489045739174));
#2337=CARTESIAN_POINT('',(0.03025,-0.0025,-1.38777878078145E-17));
#2338=CARTESIAN_POINT('',(0.03025,-0.0025,0.06695));
#2339=CARTESIAN_POINT('',(0.,-0.0025,0.06695));
#2340=CARTESIAN_POINT('',(0.0298740865290165,-0.0025,0.06695));
#2341=CARTESIAN_POINT('',(0.0298740865290165,-0.0025,0.0657994522869587));
#2342=CARTESIAN_POINT('',(0.0298740865290165,-0.0025,0.0646489045739174));
#2343=CARTESIAN_POINT('',(0.0275448357313871,-0.0025,0.0619224670499563));
#2344=CARTESIAN_POINT('',(0.0252155849337578,-0.0025,0.0591960295259953));
#2345=CARTESIAN_POINT('',(0.0232327924668789,-0.0025,0.0619224670499563));
#2346=CARTESIAN_POINT('',(0.02125,-0.0025,0.0646489045739174));
#2347=CARTESIAN_POINT('',(0.02125,-0.0025,-1.38777878078145E-17));
#2348=CARTESIAN_POINT('',(0.02125,-0.0025,0.06695));
#2349=CARTESIAN_POINT('',(0.,-0.0025,0.06695));
#2350=CARTESIAN_POINT('',(0.0208740865290165,-0.0025,0.06695));
#2351=CARTESIAN_POINT('',(0.0208740865290165,-0.0025,0.0657994522869587));
#2352=CARTESIAN_POINT('',(0.0208740865290165,-0.0025,0.0646489045739174));
#2353=CARTESIAN_POINT('',(0.0185448357313872,-0.0025,0.0619224670499563));
#2354=CARTESIAN_POINT('',(0.0162155849337578,-0.0025,0.0591960295259953));
#2355=CARTESIAN_POINT('',(0.0142327924668789,-0.0025,0.0619224670499563));
#2356=CARTESIAN_POINT('',(0.01225,-0.0025,0.0646489045739174));
#2357=CARTESIAN_POINT('',(0.01225,-0.0025,-1.38777878078145E-17));
#2358=CARTESIAN_POINT('',(0.01225,-0.0025,0.06695));
#2359=CARTESIAN_POINT('',(0.,-0.0025,0.06695));
#2360=CARTESIAN_POINT('',(0.0118740865290165,-0.0025,0.06695));
#2361=CARTESIAN_POINT('',(0.0118740865290165,-0.0025,0.0657994522869587));
#2362=CARTESIAN_POINT('',(0.0118740865290165,-0.0025,0.0646489045739174));
#2363=CARTESIAN_POINT('',(0.00954483573138715,-0.0025,0.0619224670499563));
#2364=CARTESIAN_POINT('',(0.00721558493375779,-0.0025,0.0591960295259953));
#2365=CARTESIAN_POINT('',(0.00523279246687891,-0.0025,0.0619224670499563));
#2366=CARTESIAN_POINT('',(0.00325,-0.0025,0.0646489045739174));
#2367=CARTESIAN_POINT('',(0.00325,-0.0025,-1.38777878078145E-17));
#2368=CARTESIAN_POINT('',(0.00325,-0.0025,0.06695));
#2369=CARTESIAN_POINT('',(0.,-0.0025,0.06695));
#2370=CARTESIAN_POINT('',(0.0028740865290165,-0.0025,0.06695));
#2371=CARTESIAN_POINT('',(0.0028740865290165,-0.0025,0.0657994522869587));
#2372=CARTESIAN_POINT('',(0.0028740865290165,-0.0025,0.0646489045739174));
#2373=CARTESIAN_POINT('',(0.000544835731387139,-0.0025,0.0619224670499563));
#2374=CARTESIAN_POINT('',(-0.00178441506624222,-0.0025,0.0591960295259953));
#2375=CARTESIAN_POINT('',(-0.0037672075331211,-0.0025,0.0619224670499563));
#2376=CARTESIAN_POINT('',(-0.00575,-0.0025,0.0646489045739174));
#2377=CARTESIAN_POINT('',(-0.00575,-0.0025,-1.38777878078145E-17));
#2378=CARTESIAN_POINT('',(-0.00575,-0.0025,0.06695));
#2379=CARTESIAN_POINT('',(0.,-0.0025,0.06695));
#2380=CARTESIAN_POINT('',(-0.0061259134709835,-0.0025,0.06695));
#2381=CARTESIAN_POINT('',(-0.0061259134709835,-0.0025,0.0657994522869587));
#2382=CARTESIAN_POINT('',(-0.0061259134709835,-0.0025,0.0646489045739174));
#2383=CARTESIAN_POINT('',(-0.00845516426861286,-0.0025,0.0619224670499563));
#2384=CARTESIAN_POINT('',(-0.0107844150662422,-0.0025,0.0591960295259953));
#2385=CARTESIAN_POINT('',(-0.0127672075331211,-0.0025,0.0619224670499563));
#2386=CARTESIAN_POINT('',(-0.01475,-0.0025,0.0646489045739174));
#2387=CARTESIAN_POINT('',(-0.01475,-0.0025,-1.38777878078145E-17));
#2388=CARTESIAN_POINT('',(-0.01475,-0.0025,0.06695));
#2389=CARTESIAN_POINT('',(0.,-0.0025,0.06695));
#2390=CARTESIAN_POINT('',(-0.0151259134709835,-0.0025,0.06695));
#2391=CARTESIAN_POINT('',(-0.0151259134709835,-0.0025,0.0657994522869587));
#2392=CARTESIAN_POINT('',(-0.0151259134709835,-0.0025,0.0646489045739174));
#2393=CARTESIAN_POINT('',(-0.0174551642686128,-0.0025,0.0619224670499563));
#2394=CARTESIAN_POINT('',(-0.0197844150662422,-0.0025,0.0591960295259953));
#2395=CARTESIAN_POINT('',(-0.0217672075331211,-0.0025,0.0619224670499563));
#2396=CARTESIAN_POINT('',(-0.02375,-0.0025,0.0646489045739174));
#2397=CARTESIAN_POINT('',(-0.02375,-0.0025,-1.38777878078145E-17));
#2398=CARTESIAN_POINT('',(-0.02375,-0.0025,0.06695));
#2399=CARTESIAN_POINT('',(0.,-0.0025,0.06695));
#2400=CARTESIAN_POINT('',(-0.0241259134709835,-0.0025,0.06695));
#2401=CARTESIAN_POINT('',(-0.0241259134709835,-0.0025,0.0657994522869587));
#2402=CARTESIAN_POINT('',(-0.0241259134709835,-0.0025,0.0646489045739174));
#2403=CARTESIAN_POINT('',(-0.0264551642686129,-0.0025,0.0619224670499563));
#2404=CARTESIAN_POINT('',(-0.0287844150662422,-0.0025,0.0591960295259953));
#2405=CARTESIAN_POINT('',(-0.0307672075331211,-0.0025,0.0619224670499563));
#2406=CARTESIAN_POINT('',(-0.03275,-0.0025,0.0646489045739174));
#2407=CARTESIAN_POINT('',(-0.03275,-0.0025,-1.38777878078145E-17));
#2408=CARTESIAN_POINT('',(-0.03275,-0.0025,0.06695));
#2409=CARTESIAN_POINT('',(0.,-0.0025,0.06695));
#2410=CARTESIAN_POINT('',(-0.0331259134709835,-0.0025,0.06695));
#2411=CARTESIAN_POINT('',(-0.0331259134709835,-0.0025,0.0657994522869587));
#2412=CARTESIAN_POINT('',(-0.0331259134709835,-0.0025,0.0646489045739174));
#2413=CARTESIAN_POINT('',(-0.0354551642686129,-0.0025,0.0619224670499563));
#2414=CARTESIAN_POINT('',(-0.0377844150662422,-0.0025,0.0591960295259953));
#2415=CARTESIAN_POINT('',(-0.0397672075331211,-0.0025,0.0619224670499563));
#2416=CARTESIAN_POINT('',(-0.04175,-0.0025,0.0646489045739174));
#2417=CARTESIAN_POINT('',(-0.04175,-0.0025,-1.38777878078145E-17));
#2418=CARTESIAN_POINT('',(-0.04175,-0.0025,0.06695));
#2419=CARTESIAN_POINT('',(0.,-0.0025,0.06695));
#2420=CARTESIAN_POINT('',(-0.0421259134709835,-0.0025,0.06695));
#2421=CARTESIAN_POINT('',(-0.0421259134709835,-0.0025,0.0657994522869587));
#2422=CARTESIAN_POINT('',(-0.0421259134709835,-0.0025,0.0646489045739174));
#2423=CARTESIAN_POINT('',(-0.0444551642686129,-0.0025,0.0619224670499563));
#2424=CARTESIAN_POINT('',(-0.0467844150662422,-0.0025,0.0591960295259953));
#2425=CARTESIAN_POINT('',(-0.0487672075331211,-0.0025,0.0619224670499563));
#2426=CARTESIAN_POINT('',(-0.05075,-0.0025,0.0646489045739174));
#2427=CARTESIAN_POINT('',(-0.05075,-0.0025,-1.38777878078145E-17));
#2428=CARTESIAN_POINT('',(-0.05075,-0.0025,0.06695));
#2429=CARTESIAN_POINT('',(0.,-0.0025,0.06695));
#2430=CARTESIAN_POINT('',(-0.0511259134709835,-0.0025,0.06695));
#2431=CARTESIAN_POINT('',(-0.0511259134709835,-0.0025,0.0657994522869587));
#2432=CARTESIAN_POINT('',(-0.0511259134709835,-0.0025,0.0646489045739174));
#2433=CARTESIAN_POINT('',(-0.0534551642686129,-0.0025,0.0619224670499563));
#2434=CARTESIAN_POINT('',(-0.0557844150662422,-0.0025,0.0591960295259953));
#2435=CARTESIAN_POINT('',(-0.0577672075331211,-0.0025,0.0619224670499563));
#2436=CARTESIAN_POINT('',(-0.05975,-0.0025,0.0646489045739174));
#2437=CARTESIAN_POINT('',(-0.05975,-0.0025,-1.38777878078145E-17));
#2438=CARTESIAN_POINT('',(-0.05975,-0.0025,0.06695));
#2439=CARTESIAN_POINT('',(0.,-0.0025,0.06695));
#2440=CARTESIAN_POINT('',(0.,-0.0038,0.06695));
#2441=CARTESIAN_POINT('',(-0.05975,-0.0038,0.06695));
#2442=CARTESIAN_POINT('',(0.,-0.0038,0.06695));
#2443=CARTESIAN_POINT('',(0.05725,-0.0038,0.06695));
#2444=CARTESIAN_POINT('',(0.0568740865290165,-0.0038,0.06695));
#2445=CARTESIAN_POINT('',(0.,-0.0038,0.06695));
#2446=CARTESIAN_POINT('',(0.04825,-0.0038,0.06695));
#2447=CARTESIAN_POINT('',(0.0478740865290165,-0.0038,0.06695));
#2448=CARTESIAN_POINT('',(0.,-0.0038,0.06695));
#2449=CARTESIAN_POINT('',(0.03925,-0.0038,0.06695));
#2450=CARTESIAN_POINT('',(0.0388740865290165,-0.0038,0.06695));
#2451=CARTESIAN_POINT('',(0.,-0.0038,0.06695));
#2452=CARTESIAN_POINT('',(0.03025,-0.0038,0.06695));
#2453=CARTESIAN_POINT('',(0.0298740865290165,-0.0038,0.06695));
#2454=CARTESIAN_POINT('',(0.,-0.0038,0.06695));
#2455=CARTESIAN_POINT('',(0.02125,-0.0038,0.06695));
#2456=CARTESIAN_POINT('',(0.0208740865290165,-0.0038,0.06695));
#2457=CARTESIAN_POINT('',(0.,-0.0038,0.06695));
#2458=CARTESIAN_POINT('',(0.01225,-0.0038,0.06695));
#2459=CARTESIAN_POINT('',(0.0118740865290165,-0.0038,0.06695));
#2460=CARTESIAN_POINT('',(0.,-0.0038,0.06695));
#2461=CARTESIAN_POINT('',(0.00325,-0.0038,0.06695));
#2462=CARTESIAN_POINT('',(0.0028740865290165,-0.0038,0.06695));
#2463=CARTESIAN_POINT('',(0.,-0.0038,0.06695));
#2464=CARTESIAN_POINT('',(-0.00575,-0.0038,0.06695));
#2465=CARTESIAN_POINT('',(-0.0061259134709835,-0.0038,0.06695));
#2466=CARTESIAN_POINT('',(0.,-0.0038,0.06695));
#2467=CARTESIAN_POINT('',(-0.01475,-0.0038,0.06695));
#2468=CARTESIAN_POINT('',(-0.0151259134709835,-0.0038,0.06695));
#2469=CARTESIAN_POINT('',(0.,-0.0038,0.06695));
#2470=CARTESIAN_POINT('',(-0.02375,-0.0038,0.06695));
#2471=CARTESIAN_POINT('',(-0.0241259134709835,-0.0038,0.06695));
#2472=CARTESIAN_POINT('',(0.,-0.0038,0.06695));
#2473=CARTESIAN_POINT('',(-0.03275,-0.0038,0.06695));
#2474=CARTESIAN_POINT('',(-0.0331259134709835,-0.0038,0.06695));
#2475=CARTESIAN_POINT('',(0.,-0.0038,0.06695));
#2476=CARTESIAN_POINT('',(-0.04175,-0.0038,0.06695));
#2477=CARTESIAN_POINT('',(-0.0421259134709835,-0.0038,0.06695));
#2478=CARTESIAN_POINT('',(0.,-0.0038,0.06695));
#2479=CARTESIAN_POINT('',(-0.05075,-0.0038,0.06695));
#2480=CARTESIAN_POINT('',(-0.0511259134709835,-0.0038,0.06695));
#2481=CARTESIAN_POINT('',(0.,-0.0038,0.06695));
#2482=CARTESIAN_POINT('',(0.0658740865290165,-0.0038,0.06695));
#2483=CARTESIAN_POINT('',(0.06875,-0.0038,0.06695));
#2484=CARTESIAN_POINT('',(0.06875,-0.0038,-1.38777878078145E-17));
#2485=CARTESIAN_POINT('',(0.06875,-0.0038,0.06875));
#2486=CARTESIAN_POINT('',(1.38777878078145E-17,-0.0038,0.06875));
#2487=CARTESIAN_POINT('',(-0.05975,-0.0038,-1.38777878078145E-17));
#2488=CARTESIAN_POINT('',(-0.05975,-0.0038,0.0646489045739174));
#2489=CARTESIAN_POINT('',(-0.0577672075331211,-0.0038,0.0619224670499563));
#2490=CARTESIAN_POINT('',(-0.0557844150662422,-0.0038,0.0591960295259953));
#2491=CARTESIAN_POINT('',(-0.0534551642686129,-0.0038,0.0619224670499563));
#2492=CARTESIAN_POINT('',(-0.0511259134709835,-0.0038,0.0646489045739174));
#2493=CARTESIAN_POINT('',(-0.0511259134709835,-0.0038,0.0657994522869587));
#2494=CARTESIAN_POINT('',(-0.05075,-0.0038,-1.38777878078145E-17));
#2495=CARTESIAN_POINT('',(-0.05075,-0.0038,0.0646489045739174));
#2496=CARTESIAN_POINT('',(-0.0487672075331211,-0.0038,0.0619224670499563));
#2497=CARTESIAN_POINT('',(-0.0467844150662422,-0.0038,0.0591960295259953));
#2498=CARTESIAN_POINT('',(-0.0444551642686129,-0.0038,0.0619224670499563));
#2499=CARTESIAN_POINT('',(-0.0421259134709835,-0.0038,0.0646489045739174));
#2500=CARTESIAN_POINT('',(-0.0421259134709835,-0.0038,0.0657994522869587));
#2501=CARTESIAN_POINT('',(-0.04175,-0.0038,-1.38777878078145E-17));
#2502=CARTESIAN_POINT('',(-0.04175,-0.0038,0.0646489045739174));
#2503=CARTESIAN_POINT('',(-0.0397672075331211,-0.0038,0.0619224670499563));
#2504=CARTESIAN_POINT('',(-0.0377844150662422,-0.0038,0.0591960295259953));
#2505=CARTESIAN_POINT('',(-0.0354551642686129,-0.0038,0.0619224670499563));
#2506=CARTESIAN_POINT('',(-0.0331259134709835,-0.0038,0.0646489045739174));
#2507=CARTESIAN_POINT('',(-0.0331259134709835,-0.0038,0.0657994522869587));
#2508=CARTESIAN_POINT('',(-0.03275,-0.0038,-1.38777878078145E-17));
#2509=CARTESIAN_POINT('',(-0.03275,-0.0038,0.0646489045739174));
#2510=CARTESIAN_POINT('',(-0.0307672075331211,-0.0038,0.0619224670499563));
#2511=CARTESIAN_POINT('',(-0.0287844150662422,-0.0038,0.0591960295259953));
#2512=CARTESIAN_POINT('',(-0.0264551642686129,-0.0038,0.0619224670499563));
#2513=CARTESIAN_POINT('',(-0.0241259134709835,-0.0038,0.0646489045739174));
#2514=CARTESIAN_POINT('',(-0.0241259134709835,-0.0038,0.0657994522869587));
#2515=CARTESIAN_POINT('',(-0.02375,-0.0038,-1.38777878078145E-17));
#2516=CARTESIAN_POINT('',(-0.02375,-0.0038,0.0646489045739174));
#2517=CARTESIAN_POINT('',(-0.0217672075331211,-0.0038,0.0619224670499563));
#2518=CARTESIAN_POINT('',(-0.0197844150662422,-0.0038,0.0591960295259953));
#2519=CARTESIAN_POINT('',(-0.0174551642686128,-0.0038,0.0619224670499563));
#2520=CARTESIAN_POINT('',(-0.0151259134709835,-0.0038,0.0646489045739174));
#2521=CARTESIAN_POINT('',(-0.0151259134709835,-0.0038,0.0657994522869587));
#2522=CARTESIAN_POINT('',(-0.01475,-0.0038,-1.38777878078145E-17));
#2523=CARTESIAN_POINT('',(-0.01475,-0.0038,0.0646489045739174));
#2524=CARTESIAN_POINT('',(-0.0127672075331211,-0.0038,0.0619224670499563));
#2525=CARTESIAN_POINT('',(-0.0107844150662422,-0.0038,0.0591960295259953));
#2526=CARTESIAN_POINT('',(-0.00845516426861286,-0.0038,0.0619224670499563));
#2527=CARTESIAN_POINT('',(-0.0061259134709835,-0.0038,0.0646489045739174));
#2528=CARTESIAN_POINT('',(-0.0061259134709835,-0.0038,0.0657994522869587));
#2529=CARTESIAN_POINT('',(-0.00575,-0.0038,-1.38777878078145E-17));
#2530=CARTESIAN_POINT('',(-0.00575,-0.0038,0.0646489045739174));
#2531=CARTESIAN_POINT('',(-0.0037672075331211,-0.0038,0.0619224670499563));
#2532=CARTESIAN_POINT('',(-0.00178441506624222,-0.0038,0.0591960295259953));
#2533=CARTESIAN_POINT('',(0.000544835731387139,-0.0038,0.0619224670499563));
#2534=CARTESIAN_POINT('',(0.0028740865290165,-0.0038,0.0646489045739174));
#2535=CARTESIAN_POINT('',(0.0028740865290165,-0.0038,0.0657994522869587));
#2536=CARTESIAN_POINT('',(0.00325,-0.0038,-1.38777878078145E-17));
#2537=CARTESIAN_POINT('',(0.00325,-0.0038,0.0646489045739174));
#2538=CARTESIAN_POINT('',(0.00523279246687891,-0.0038,0.0619224670499563));
#2539=CARTESIAN_POINT('',(0.00721558493375779,-0.0038,0.0591960295259953));
#2540=CARTESIAN_POINT('',(0.00954483573138715,-0.0038,0.0619224670499563));
#2541=CARTESIAN_POINT('',(0.0118740865290165,-0.0038,0.0646489045739174));
#2542=CARTESIAN_POINT('',(0.0118740865290165,-0.0038,0.0657994522869587));
#2543=CARTESIAN_POINT('',(0.01225,-0.0038,-1.38777878078145E-17));
#2544=CARTESIAN_POINT('',(0.01225,-0.0038,0.0646489045739174));
#2545=CARTESIAN_POINT('',(0.0142327924668789,-0.0038,0.0619224670499563));
#2546=CARTESIAN_POINT('',(0.0162155849337578,-0.0038,0.0591960295259953));
#2547=CARTESIAN_POINT('',(0.0185448357313872,-0.0038,0.0619224670499563));
#2548=CARTESIAN_POINT('',(0.0208740865290165,-0.0038,0.0646489045739174));
#2549=CARTESIAN_POINT('',(0.0208740865290165,-0.0038,0.0657994522869587));
#2550=CARTESIAN_POINT('',(0.02125,-0.0038,-1.38777878078145E-17));
#2551=CARTESIAN_POINT('',(0.02125,-0.0038,0.0646489045739174));
#2552=CARTESIAN_POINT('',(0.0232327924668789,-0.0038,0.0619224670499563));
#2553=CARTESIAN_POINT('',(0.0252155849337578,-0.0038,0.0591960295259953));
#2554=CARTESIAN_POINT('',(0.0275448357313871,-0.0038,0.0619224670499563));
#2555=CARTESIAN_POINT('',(0.0298740865290165,-0.0038,0.0646489045739174));
#2556=CARTESIAN_POINT('',(0.0298740865290165,-0.0038,0.0657994522869587));
#2557=CARTESIAN_POINT('',(0.03025,-0.0038,-1.38777878078145E-17));
#2558=CARTESIAN_POINT('',(0.03025,-0.0038,0.0646489045739174));
#2559=CARTESIAN_POINT('',(0.0322327924668789,-0.0038,0.0619224670499563));
#2560=CARTESIAN_POINT('',(0.0342155849337578,-0.0038,0.0591960295259953));
#2561=CARTESIAN_POINT('',(0.0365448357313871,-0.0038,0.0619224670499563));
#2562=CARTESIAN_POINT('',(0.0388740865290165,-0.0038,0.0646489045739174));
#2563=CARTESIAN_POINT('',(0.0388740865290165,-0.0038,0.0657994522869587));
#2564=CARTESIAN_POINT('',(0.03925,-0.0038,-1.38777878078145E-17));
#2565=CARTESIAN_POINT('',(0.03925,-0.0038,0.0646489045739174));
#2566=CARTESIAN_POINT('',(0.0412327924668789,-0.0038,0.0619224670499563));
#2567=CARTESIAN_POINT('',(0.0432155849337578,-0.0038,0.0591960295259953));
#2568=CARTESIAN_POINT('',(0.0455448357313872,-0.0038,0.0619224670499563));
#2569=CARTESIAN_POINT('',(0.0478740865290165,-0.0038,0.0646489045739174));
#2570=CARTESIAN_POINT('',(0.0478740865290165,-0.0038,0.0657994522869587));
#2571=CARTESIAN_POINT('',(0.04825,-0.0038,-1.38777878078145E-17));
#2572=CARTESIAN_POINT('',(0.04825,-0.0038,0.0646489045739174));
#2573=CARTESIAN_POINT('',(0.0502327924668789,-0.0038,0.0619224670499563));
#2574=CARTESIAN_POINT('',(0.0522155849337578,-0.0038,0.0591960295259953));
#2575=CARTESIAN_POINT('',(0.0545448357313872,-0.0038,0.0619224670499563));
#2576=CARTESIAN_POINT('',(0.0568740865290165,-0.0038,0.0646489045739174));
#2577=CARTESIAN_POINT('',(0.0568740865290165,-0.0038,0.0657994522869587));
#2578=CARTESIAN_POINT('',(0.05725,-0.0038,-1.38777878078145E-17));
#2579=CARTESIAN_POINT('',(0.05725,-0.0038,0.0646489045739174));
#2580=CARTESIAN_POINT('',(0.0592327924668789,-0.0038,0.0619224670499563));
#2581=CARTESIAN_POINT('',(0.0612155849337578,-0.0038,0.0591960295259953));
#2582=CARTESIAN_POINT('',(0.0635448357313871,-0.0038,0.0619224670499563));
#2583=CARTESIAN_POINT('',(0.0658740865290165,-0.0038,0.0646489045739174));
#2584=CARTESIAN_POINT('',(0.0658740865290165,-0.0038,0.0657994522869587));
#2585=MECHANICAL_DESIGN_GEOMETRIC_PRESENTATION_REPRESENTATION('',(#1638),#2586);
#2586=(
GEOMETRIC_REPRESENTATION_CONTEXT(3)
GLOBAL_UNCERTAINTY_ASSIGNED_CONTEXT((#2587))
GLOBAL_UNIT_ASSIGNED_CONTEXT((#2590,#2589,#2588))
REPRESENTATION_CONTEXT('Part 3','TOP_LEVEL_ASSEMBLY_PART')
);
#2587=UNCERTAINTY_MEASURE_WITH_UNIT(LENGTH_MEASURE(1.E-08),#2590,'DISTANCE_ACCURACY_VALUE','Maximum Tolerance applied to model');
#2588=(
NAMED_UNIT(*)
SI_UNIT($,.STERADIAN.)
SOLID_ANGLE_UNIT()
);
#2589=(
NAMED_UNIT(*)
PLANE_ANGLE_UNIT()
SI_UNIT($,.RADIAN.)
);
#2590=(
LENGTH_UNIT()
NAMED_UNIT(*)
SI_UNIT($,.METRE.)
);
#2591=PRODUCT_DEFINITION_SHAPE('','',#2592);
#2592=PRODUCT_DEFINITION('','',#2594,#2593);
#2593=PRODUCT_DEFINITION_CONTEXT('',#2600,'design');
#2594=PRODUCT_DEFINITION_FORMATION_WITH_SPECIFIED_SOURCE('','',#2596,.NOT_KNOWN.);
#2595=PRODUCT_RELATED_PRODUCT_CATEGORY('','',(#2596));
#2596=PRODUCT('Part 3','Part 3','Part 3',(#2598));
#2597=PRODUCT_CATEGORY('','');
#2598=PRODUCT_CONTEXT('',#2600,'mechanical');
#2599=APPLICATION_PROTOCOL_DEFINITION('international standard','ap242_managed_model_based_3d_engineering',2020,#2600);
#2600=APPLICATION_CONTEXT('managed model based 3d engineering');
ENDSEC;
END-ISO-10303-21;
