ISO-10303-21;
HEADER;
/*Generated by software containing ST-Developer
 * from STEP Tools, Inc. (www.steptools.com) 
 */
/*OPTION: using custom renumber hook */
/*description */
/*implementation_level */
FILE_DESCRIPTION(('STEP AP242 Edition 2','STEP AP242 Edition 2''CAx-IF Rec.Pracs.---Representation and Presentation of Product Manufa
cturing Information (PMI)---4.0---2014-10-13','STEP AP242 Edition 2''CAx-IF Rec.Pracs.---Representation and Presentation of Product Manufa
cturing Information (PMI)---4.0---2014-10-13''CAx-IF Rec.Pracs.---3D Tessellated Geometry---0.4---2014-09-14','STEP AP242 Edition 2''CAx-IF Rec.Pracs.---Representation and Presentation of Product Manufa
cturing Information (PMI)---4.0---2014-10-13''CAx-IF Rec.Pracs.---3D Tessellated Geometry---0.4---2014-09-14''2;1','STEP AP242 Edition 2''CAx-IF Rec.Pracs.---Representation and Presentation of Product Manufa
cturing Information (PMI)---4.0---2014-10-13''CAx-IF Rec.Pracs.---3D Tessellated Geometry---0.4---2014-09-14''2;1''CAx-IF Rec.Pracs.---User Defined Attributes---1.5---2016-08-15'),'2;1');
/*name */
/*time_stamp */
/*author */
/*organization */
/*preprocessor_version */
/*originating_system */
/*authorisation */
FILE_NAME('/vol/tmp/translate-14196421864521556199/Decor Wall - Part 2.step','2026-08-29T04:33:39',(''),(''),'ST-DEVELOPER v20','ONSHAPE BY PTC INC, 1.220','  ');
FILE_SCHEMA(('AP242_MANAGED_MODEL_BASED_3D_ENGINEERING_MIM_LF { 1 0 10303 442 3 1 4 }'));
ENDSEC;
DATA;
#10=SHAPE_REPRESENTATION_RELATIONSHIP('','',#1123,#11);
#11=ADVANCED_BREP_SHAPE_REPRESENTATION('',(#1121),#1761);
#12=ORIENTED_EDGE('',*,*,#324,.T.);
#13=ORIENTED_EDGE('',*,*,#325,.F.);
#14=ORIENTED_EDGE('',*,*,#326,.F.);
#15=ORIENTED_EDGE('',*,*,#327,.T.);
#16=ORIENTED_EDGE('',*,*,#328,.T.);
#17=ORIENTED_EDGE('',*,*,#329,.F.);
#18=ORIENTED_EDGE('',*,*,#330,.F.);
#19=ORIENTED_EDGE('',*,*,#325,.T.);
#20=ORIENTED_EDGE('',*,*,#331,.F.);
#21=ORIENTED_EDGE('',*,*,#332,.F.);
#22=ORIENTED_EDGE('',*,*,#333,.T.);
#23=ORIENTED_EDGE('',*,*,#329,.T.);
#24=ORIENTED_EDGE('',*,*,#333,.F.);
#25=ORIENTED_EDGE('',*,*,#334,.T.);
#26=ORIENTED_EDGE('',*,*,#335,.T.);
#27=ORIENTED_EDGE('',*,*,#336,.T.);
#28=ORIENTED_EDGE('',*,*,#337,.F.);
#29=ORIENTED_EDGE('',*,*,#338,.T.);
#30=ORIENTED_EDGE('',*,*,#339,.T.);
#31=ORIENTED_EDGE('',*,*,#340,.T.);
#32=ORIENTED_EDGE('',*,*,#341,.F.);
#33=ORIENTED_EDGE('',*,*,#342,.T.);
#34=ORIENTED_EDGE('',*,*,#343,.T.);
#35=ORIENTED_EDGE('',*,*,#344,.T.);
#36=ORIENTED_EDGE('',*,*,#345,.F.);
#37=ORIENTED_EDGE('',*,*,#346,.T.);
#38=ORIENTED_EDGE('',*,*,#347,.T.);
#39=ORIENTED_EDGE('',*,*,#348,.T.);
#40=ORIENTED_EDGE('',*,*,#349,.F.);
#41=ORIENTED_EDGE('',*,*,#350,.T.);
#42=ORIENTED_EDGE('',*,*,#351,.T.);
#43=ORIENTED_EDGE('',*,*,#352,.T.);
#44=ORIENTED_EDGE('',*,*,#353,.F.);
#45=ORIENTED_EDGE('',*,*,#354,.T.);
#46=ORIENTED_EDGE('',*,*,#355,.T.);
#47=ORIENTED_EDGE('',*,*,#356,.T.);
#48=ORIENTED_EDGE('',*,*,#357,.F.);
#49=ORIENTED_EDGE('',*,*,#358,.T.);
#50=ORIENTED_EDGE('',*,*,#359,.T.);
#51=ORIENTED_EDGE('',*,*,#360,.T.);
#52=ORIENTED_EDGE('',*,*,#361,.F.);
#53=ORIENTED_EDGE('',*,*,#362,.T.);
#54=ORIENTED_EDGE('',*,*,#363,.T.);
#55=ORIENTED_EDGE('',*,*,#364,.T.);
#56=ORIENTED_EDGE('',*,*,#365,.F.);
#57=ORIENTED_EDGE('',*,*,#366,.T.);
#58=ORIENTED_EDGE('',*,*,#367,.T.);
#59=ORIENTED_EDGE('',*,*,#368,.T.);
#60=ORIENTED_EDGE('',*,*,#369,.F.);
#61=ORIENTED_EDGE('',*,*,#370,.T.);
#62=ORIENTED_EDGE('',*,*,#371,.T.);
#63=ORIENTED_EDGE('',*,*,#372,.T.);
#64=ORIENTED_EDGE('',*,*,#373,.F.);
#65=ORIENTED_EDGE('',*,*,#374,.T.);
#66=ORIENTED_EDGE('',*,*,#375,.T.);
#67=ORIENTED_EDGE('',*,*,#376,.T.);
#68=ORIENTED_EDGE('',*,*,#377,.F.);
#69=ORIENTED_EDGE('',*,*,#378,.T.);
#70=ORIENTED_EDGE('',*,*,#379,.T.);
#71=ORIENTED_EDGE('',*,*,#380,.T.);
#72=ORIENTED_EDGE('',*,*,#381,.F.);
#73=ORIENTED_EDGE('',*,*,#382,.F.);
#74=ORIENTED_EDGE('',*,*,#326,.T.);
#75=ORIENTED_EDGE('',*,*,#330,.T.);
#76=ORIENTED_EDGE('',*,*,#324,.F.);
#77=ORIENTED_EDGE('',*,*,#383,.T.);
#78=ORIENTED_EDGE('',*,*,#384,.T.);
#79=ORIENTED_EDGE('',*,*,#385,.F.);
#80=ORIENTED_EDGE('',*,*,#386,.F.);
#81=ORIENTED_EDGE('',*,*,#387,.F.);
#82=ORIENTED_EDGE('',*,*,#388,.T.);
#83=ORIENTED_EDGE('',*,*,#389,.F.);
#84=ORIENTED_EDGE('',*,*,#390,.F.);
#85=ORIENTED_EDGE('',*,*,#391,.F.);
#86=ORIENTED_EDGE('',*,*,#392,.T.);
#87=ORIENTED_EDGE('',*,*,#393,.F.);
#88=ORIENTED_EDGE('',*,*,#394,.F.);
#89=ORIENTED_EDGE('',*,*,#395,.F.);
#90=ORIENTED_EDGE('',*,*,#396,.T.);
#91=ORIENTED_EDGE('',*,*,#397,.F.);
#92=ORIENTED_EDGE('',*,*,#398,.F.);
#93=ORIENTED_EDGE('',*,*,#399,.F.);
#94=ORIENTED_EDGE('',*,*,#400,.T.);
#95=ORIENTED_EDGE('',*,*,#401,.F.);
#96=ORIENTED_EDGE('',*,*,#402,.F.);
#97=ORIENTED_EDGE('',*,*,#403,.F.);
#98=ORIENTED_EDGE('',*,*,#404,.T.);
#99=ORIENTED_EDGE('',*,*,#405,.F.);
#100=ORIENTED_EDGE('',*,*,#406,.F.);
#101=ORIENTED_EDGE('',*,*,#407,.F.);
#102=ORIENTED_EDGE('',*,*,#408,.T.);
#103=ORIENTED_EDGE('',*,*,#409,.F.);
#104=ORIENTED_EDGE('',*,*,#410,.F.);
#105=ORIENTED_EDGE('',*,*,#411,.F.);
#106=ORIENTED_EDGE('',*,*,#412,.T.);
#107=ORIENTED_EDGE('',*,*,#413,.F.);
#108=ORIENTED_EDGE('',*,*,#414,.F.);
#109=ORIENTED_EDGE('',*,*,#415,.F.);
#110=ORIENTED_EDGE('',*,*,#416,.T.);
#111=ORIENTED_EDGE('',*,*,#417,.F.);
#112=ORIENTED_EDGE('',*,*,#418,.F.);
#113=ORIENTED_EDGE('',*,*,#419,.F.);
#114=ORIENTED_EDGE('',*,*,#420,.T.);
#115=ORIENTED_EDGE('',*,*,#421,.F.);
#116=ORIENTED_EDGE('',*,*,#422,.F.);
#117=ORIENTED_EDGE('',*,*,#423,.F.);
#118=ORIENTED_EDGE('',*,*,#424,.T.);
#119=ORIENTED_EDGE('',*,*,#425,.F.);
#120=ORIENTED_EDGE('',*,*,#426,.F.);
#121=ORIENTED_EDGE('',*,*,#427,.F.);
#122=ORIENTED_EDGE('',*,*,#428,.T.);
#123=ORIENTED_EDGE('',*,*,#429,.F.);
#124=ORIENTED_EDGE('',*,*,#430,.F.);
#125=ORIENTED_EDGE('',*,*,#431,.F.);
#126=ORIENTED_EDGE('',*,*,#331,.T.);
#127=ORIENTED_EDGE('',*,*,#328,.F.);
#128=ORIENTED_EDGE('',*,*,#334,.F.);
#129=ORIENTED_EDGE('',*,*,#332,.T.);
#130=ORIENTED_EDGE('',*,*,#431,.T.);
#131=ORIENTED_EDGE('',*,*,#432,.F.);
#132=ORIENTED_EDGE('',*,*,#430,.T.);
#133=ORIENTED_EDGE('',*,*,#433,.F.);
#134=ORIENTED_EDGE('',*,*,#335,.F.);
#135=ORIENTED_EDGE('',*,*,#432,.T.);
#136=ORIENTED_EDGE('',*,*,#429,.T.);
#137=ORIENTED_EDGE('',*,*,#434,.F.);
#138=ORIENTED_EDGE('',*,*,#336,.F.);
#139=ORIENTED_EDGE('',*,*,#433,.T.);
#140=ORIENTED_EDGE('',*,*,#428,.F.);
#141=ORIENTED_EDGE('',*,*,#435,.F.);
#142=ORIENTED_EDGE('',*,*,#337,.T.);
#143=ORIENTED_EDGE('',*,*,#434,.T.);
#144=ORIENTED_EDGE('',*,*,#338,.F.);
#145=ORIENTED_EDGE('',*,*,#435,.T.);
#146=ORIENTED_EDGE('',*,*,#427,.T.);
#147=ORIENTED_EDGE('',*,*,#436,.F.);
#148=ORIENTED_EDGE('',*,*,#426,.T.);
#149=ORIENTED_EDGE('',*,*,#437,.F.);
#150=ORIENTED_EDGE('',*,*,#339,.F.);
#151=ORIENTED_EDGE('',*,*,#436,.T.);
#152=ORIENTED_EDGE('',*,*,#425,.T.);
#153=ORIENTED_EDGE('',*,*,#438,.F.);
#154=ORIENTED_EDGE('',*,*,#340,.F.);
#155=ORIENTED_EDGE('',*,*,#437,.T.);
#156=ORIENTED_EDGE('',*,*,#424,.F.);
#157=ORIENTED_EDGE('',*,*,#439,.F.);
#158=ORIENTED_EDGE('',*,*,#341,.T.);
#159=ORIENTED_EDGE('',*,*,#438,.T.);
#160=ORIENTED_EDGE('',*,*,#342,.F.);
#161=ORIENTED_EDGE('',*,*,#439,.T.);
#162=ORIENTED_EDGE('',*,*,#423,.T.);
#163=ORIENTED_EDGE('',*,*,#440,.F.);
#164=ORIENTED_EDGE('',*,*,#422,.T.);
#165=ORIENTED_EDGE('',*,*,#441,.F.);
#166=ORIENTED_EDGE('',*,*,#343,.F.);
#167=ORIENTED_EDGE('',*,*,#440,.T.);
#168=ORIENTED_EDGE('',*,*,#421,.T.);
#169=ORIENTED_EDGE('',*,*,#442,.F.);
#170=ORIENTED_EDGE('',*,*,#344,.F.);
#171=ORIENTED_EDGE('',*,*,#441,.T.);
#172=ORIENTED_EDGE('',*,*,#420,.F.);
#173=ORIENTED_EDGE('',*,*,#443,.F.);
#174=ORIENTED_EDGE('',*,*,#345,.T.);
#175=ORIENTED_EDGE('',*,*,#442,.T.);
#176=ORIENTED_EDGE('',*,*,#346,.F.);
#177=ORIENTED_EDGE('',*,*,#443,.T.);
#178=ORIENTED_EDGE('',*,*,#419,.T.);
#179=ORIENTED_EDGE('',*,*,#444,.F.);
#180=ORIENTED_EDGE('',*,*,#418,.T.);
#181=ORIENTED_EDGE('',*,*,#445,.F.);
#182=ORIENTED_EDGE('',*,*,#347,.F.);
#183=ORIENTED_EDGE('',*,*,#444,.T.);
#184=ORIENTED_EDGE('',*,*,#417,.T.);
#185=ORIENTED_EDGE('',*,*,#446,.F.);
#186=ORIENTED_EDGE('',*,*,#348,.F.);
#187=ORIENTED_EDGE('',*,*,#445,.T.);
#188=ORIENTED_EDGE('',*,*,#416,.F.);
#189=ORIENTED_EDGE('',*,*,#447,.F.);
#190=ORIENTED_EDGE('',*,*,#349,.T.);
#191=ORIENTED_EDGE('',*,*,#446,.T.);
#192=ORIENTED_EDGE('',*,*,#350,.F.);
#193=ORIENTED_EDGE('',*,*,#447,.T.);
#194=ORIENTED_EDGE('',*,*,#415,.T.);
#195=ORIENTED_EDGE('',*,*,#448,.F.);
#196=ORIENTED_EDGE('',*,*,#414,.T.);
#197=ORIENTED_EDGE('',*,*,#449,.F.);
#198=ORIENTED_EDGE('',*,*,#351,.F.);
#199=ORIENTED_EDGE('',*,*,#448,.T.);
#200=ORIENTED_EDGE('',*,*,#413,.T.);
#201=ORIENTED_EDGE('',*,*,#450,.F.);
#202=ORIENTED_EDGE('',*,*,#352,.F.);
#203=ORIENTED_EDGE('',*,*,#449,.T.);
#204=ORIENTED_EDGE('',*,*,#412,.F.);
#205=ORIENTED_EDGE('',*,*,#451,.F.);
#206=ORIENTED_EDGE('',*,*,#353,.T.);
#207=ORIENTED_EDGE('',*,*,#450,.T.);
#208=ORIENTED_EDGE('',*,*,#354,.F.);
#209=ORIENTED_EDGE('',*,*,#451,.T.);
#210=ORIENTED_EDGE('',*,*,#411,.T.);
#211=ORIENTED_EDGE('',*,*,#452,.F.);
#212=ORIENTED_EDGE('',*,*,#410,.T.);
#213=ORIENTED_EDGE('',*,*,#453,.F.);
#214=ORIENTED_EDGE('',*,*,#355,.F.);
#215=ORIENTED_EDGE('',*,*,#452,.T.);
#216=ORIENTED_EDGE('',*,*,#409,.T.);
#217=ORIENTED_EDGE('',*,*,#454,.F.);
#218=ORIENTED_EDGE('',*,*,#356,.F.);
#219=ORIENTED_EDGE('',*,*,#453,.T.);
#220=ORIENTED_EDGE('',*,*,#408,.F.);
#221=ORIENTED_EDGE('',*,*,#455,.F.);
#222=ORIENTED_EDGE('',*,*,#357,.T.);
#223=ORIENTED_EDGE('',*,*,#454,.T.);
#224=ORIENTED_EDGE('',*,*,#358,.F.);
#225=ORIENTED_EDGE('',*,*,#455,.T.);
#226=ORIENTED_EDGE('',*,*,#407,.T.);
#227=ORIENTED_EDGE('',*,*,#456,.F.);
#228=ORIENTED_EDGE('',*,*,#406,.T.);
#229=ORIENTED_EDGE('',*,*,#457,.F.);
#230=ORIENTED_EDGE('',*,*,#359,.F.);
#231=ORIENTED_EDGE('',*,*,#456,.T.);
#232=ORIENTED_EDGE('',*,*,#405,.T.);
#233=ORIENTED_EDGE('',*,*,#458,.F.);
#234=ORIENTED_EDGE('',*,*,#360,.F.);
#235=ORIENTED_EDGE('',*,*,#457,.T.);
#236=ORIENTED_EDGE('',*,*,#404,.F.);
#237=ORIENTED_EDGE('',*,*,#459,.F.);
#238=ORIENTED_EDGE('',*,*,#361,.T.);
#239=ORIENTED_EDGE('',*,*,#458,.T.);
#240=ORIENTED_EDGE('',*,*,#362,.F.);
#241=ORIENTED_EDGE('',*,*,#459,.T.);
#242=ORIENTED_EDGE('',*,*,#403,.T.);
#243=ORIENTED_EDGE('',*,*,#460,.F.);
#244=ORIENTED_EDGE('',*,*,#402,.T.);
#245=ORIENTED_EDGE('',*,*,#461,.F.);
#246=ORIENTED_EDGE('',*,*,#363,.F.);
#247=ORIENTED_EDGE('',*,*,#460,.T.);
#248=ORIENTED_EDGE('',*,*,#401,.T.);
#249=ORIENTED_EDGE('',*,*,#462,.F.);
#250=ORIENTED_EDGE('',*,*,#364,.F.);
#251=ORIENTED_EDGE('',*,*,#461,.T.);
#252=ORIENTED_EDGE('',*,*,#400,.F.);
#253=ORIENTED_EDGE('',*,*,#463,.F.);
#254=ORIENTED_EDGE('',*,*,#365,.T.);
#255=ORIENTED_EDGE('',*,*,#462,.T.);
#256=ORIENTED_EDGE('',*,*,#366,.F.);
#257=ORIENTED_EDGE('',*,*,#463,.T.);
#258=ORIENTED_EDGE('',*,*,#399,.T.);
#259=ORIENTED_EDGE('',*,*,#464,.F.);
#260=ORIENTED_EDGE('',*,*,#398,.T.);
#261=ORIENTED_EDGE('',*,*,#465,.F.);
#262=ORIENTED_EDGE('',*,*,#367,.F.);
#263=ORIENTED_EDGE('',*,*,#464,.T.);
#264=ORIENTED_EDGE('',*,*,#397,.T.);
#265=ORIENTED_EDGE('',*,*,#466,.F.);
#266=ORIENTED_EDGE('',*,*,#368,.F.);
#267=ORIENTED_EDGE('',*,*,#465,.T.);
#268=ORIENTED_EDGE('',*,*,#396,.F.);
#269=ORIENTED_EDGE('',*,*,#467,.F.);
#270=ORIENTED_EDGE('',*,*,#369,.T.);
#271=ORIENTED_EDGE('',*,*,#466,.T.);
#272=ORIENTED_EDGE('',*,*,#370,.F.);
#273=ORIENTED_EDGE('',*,*,#467,.T.);
#274=ORIENTED_EDGE('',*,*,#395,.T.);
#275=ORIENTED_EDGE('',*,*,#468,.F.);
#276=ORIENTED_EDGE('',*,*,#394,.T.);
#277=ORIENTED_EDGE('',*,*,#469,.F.);
#278=ORIENTED_EDGE('',*,*,#371,.F.);
#279=ORIENTED_EDGE('',*,*,#468,.T.);
#280=ORIENTED_EDGE('',*,*,#393,.T.);
#281=ORIENTED_EDGE('',*,*,#470,.F.);
#282=ORIENTED_EDGE('',*,*,#372,.F.);
#283=ORIENTED_EDGE('',*,*,#469,.T.);
#284=ORIENTED_EDGE('',*,*,#392,.F.);
#285=ORIENTED_EDGE('',*,*,#471,.F.);
#286=ORIENTED_EDGE('',*,*,#373,.T.);
#287=ORIENTED_EDGE('',*,*,#470,.T.);
#288=ORIENTED_EDGE('',*,*,#374,.F.);
#289=ORIENTED_EDGE('',*,*,#471,.T.);
#290=ORIENTED_EDGE('',*,*,#391,.T.);
#291=ORIENTED_EDGE('',*,*,#472,.F.);
#292=ORIENTED_EDGE('',*,*,#390,.T.);
#293=ORIENTED_EDGE('',*,*,#473,.F.);
#294=ORIENTED_EDGE('',*,*,#375,.F.);
#295=ORIENTED_EDGE('',*,*,#472,.T.);
#296=ORIENTED_EDGE('',*,*,#389,.T.);
#297=ORIENTED_EDGE('',*,*,#474,.F.);
#298=ORIENTED_EDGE('',*,*,#376,.F.);
#299=ORIENTED_EDGE('',*,*,#473,.T.);
#300=ORIENTED_EDGE('',*,*,#388,.F.);
#301=ORIENTED_EDGE('',*,*,#475,.F.);
#302=ORIENTED_EDGE('',*,*,#377,.T.);
#303=ORIENTED_EDGE('',*,*,#474,.T.);
#304=ORIENTED_EDGE('',*,*,#378,.F.);
#305=ORIENTED_EDGE('',*,*,#475,.T.);
#306=ORIENTED_EDGE('',*,*,#387,.T.);
#307=ORIENTED_EDGE('',*,*,#476,.F.);
#308=ORIENTED_EDGE('',*,*,#386,.T.);
#309=ORIENTED_EDGE('',*,*,#477,.F.);
#310=ORIENTED_EDGE('',*,*,#379,.F.);
#311=ORIENTED_EDGE('',*,*,#476,.T.);
#312=ORIENTED_EDGE('',*,*,#385,.T.);
#313=ORIENTED_EDGE('',*,*,#478,.F.);
#314=ORIENTED_EDGE('',*,*,#380,.F.);
#315=ORIENTED_EDGE('',*,*,#477,.T.);
#316=ORIENTED_EDGE('',*,*,#384,.F.);
#317=ORIENTED_EDGE('',*,*,#479,.F.);
#318=ORIENTED_EDGE('',*,*,#381,.T.);
#319=ORIENTED_EDGE('',*,*,#478,.T.);
#320=ORIENTED_EDGE('',*,*,#383,.F.);
#321=ORIENTED_EDGE('',*,*,#327,.F.);
#322=ORIENTED_EDGE('',*,*,#382,.T.);
#323=ORIENTED_EDGE('',*,*,#479,.T.);
#324=EDGE_CURVE('',#480,#481,#584,.T.);
#325=EDGE_CURVE('',#482,#481,#585,.T.);
#326=EDGE_CURVE('',#483,#482,#586,.T.);
#327=EDGE_CURVE('',#483,#480,#587,.T.);
#328=EDGE_CURVE('',#481,#484,#588,.T.);
#329=EDGE_CURVE('',#485,#484,#589,.T.);
#330=EDGE_CURVE('',#482,#485,#590,.T.);
#331=EDGE_CURVE('',#486,#484,#591,.T.);
#332=EDGE_CURVE('',#487,#486,#592,.T.);
#333=EDGE_CURVE('',#487,#485,#593,.T.);
#334=EDGE_CURVE('',#487,#488,#594,.T.);
#335=EDGE_CURVE('',#488,#489,#595,.T.);
#336=EDGE_CURVE('',#489,#490,#596,.T.);
#337=EDGE_CURVE('',#491,#490,#597,.T.);
#338=EDGE_CURVE('',#491,#492,#598,.T.);
#339=EDGE_CURVE('',#492,#493,#599,.T.);
#340=EDGE_CURVE('',#493,#494,#600,.T.);
#341=EDGE_CURVE('',#495,#494,#601,.T.);
#342=EDGE_CURVE('',#495,#496,#602,.T.);
#343=EDGE_CURVE('',#496,#497,#603,.T.);
#344=EDGE_CURVE('',#497,#498,#604,.T.);
#345=EDGE_CURVE('',#499,#498,#605,.T.);
#346=EDGE_CURVE('',#499,#500,#606,.T.);
#347=EDGE_CURVE('',#500,#501,#607,.T.);
#348=EDGE_CURVE('',#501,#502,#608,.T.);
#349=EDGE_CURVE('',#503,#502,#609,.T.);
#350=EDGE_CURVE('',#503,#504,#610,.T.);
#351=EDGE_CURVE('',#504,#505,#611,.T.);
#352=EDGE_CURVE('',#505,#506,#612,.T.);
#353=EDGE_CURVE('',#507,#506,#613,.T.);
#354=EDGE_CURVE('',#507,#508,#614,.T.);
#355=EDGE_CURVE('',#508,#509,#615,.T.);
#356=EDGE_CURVE('',#509,#510,#616,.T.);
#357=EDGE_CURVE('',#511,#510,#617,.T.);
#358=EDGE_CURVE('',#511,#512,#618,.T.);
#359=EDGE_CURVE('',#512,#513,#619,.T.);
#360=EDGE_CURVE('',#513,#514,#620,.T.);
#361=EDGE_CURVE('',#515,#514,#621,.T.);
#362=EDGE_CURVE('',#515,#516,#622,.T.);
#363=EDGE_CURVE('',#516,#517,#623,.T.);
#364=EDGE_CURVE('',#517,#518,#624,.T.);
#365=EDGE_CURVE('',#519,#518,#625,.T.);
#366=EDGE_CURVE('',#519,#520,#626,.T.);
#367=EDGE_CURVE('',#520,#521,#627,.T.);
#368=EDGE_CURVE('',#521,#522,#628,.T.);
#369=EDGE_CURVE('',#523,#522,#629,.T.);
#370=EDGE_CURVE('',#523,#524,#630,.T.);
#371=EDGE_CURVE('',#524,#525,#631,.T.);
#372=EDGE_CURVE('',#525,#526,#632,.T.);
#373=EDGE_CURVE('',#527,#526,#633,.T.);
#374=EDGE_CURVE('',#527,#528,#634,.T.);
#375=EDGE_CURVE('',#528,#529,#635,.T.);
#376=EDGE_CURVE('',#529,#530,#636,.T.);
#377=EDGE_CURVE('',#531,#530,#637,.T.);
#378=EDGE_CURVE('',#531,#532,#638,.T.);
#379=EDGE_CURVE('',#532,#533,#639,.T.);
#380=EDGE_CURVE('',#533,#534,#640,.T.);
#381=EDGE_CURVE('',#535,#534,#641,.T.);
#382=EDGE_CURVE('',#483,#535,#642,.T.);
#383=EDGE_CURVE('',#480,#536,#643,.T.);
#384=EDGE_CURVE('',#536,#537,#644,.T.);
#385=EDGE_CURVE('',#538,#537,#645,.T.);
#386=EDGE_CURVE('',#539,#538,#646,.T.);
#387=EDGE_CURVE('',#540,#539,#647,.T.);
#388=EDGE_CURVE('',#540,#541,#648,.T.);
#389=EDGE_CURVE('',#542,#541,#649,.T.);
#390=EDGE_CURVE('',#543,#542,#650,.T.);
#391=EDGE_CURVE('',#544,#543,#651,.T.);
#392=EDGE_CURVE('',#544,#545,#652,.T.);
#393=EDGE_CURVE('',#546,#545,#653,.T.);
#394=EDGE_CURVE('',#547,#546,#654,.T.);
#395=EDGE_CURVE('',#548,#547,#655,.T.);
#396=EDGE_CURVE('',#548,#549,#656,.T.);
#397=EDGE_CURVE('',#550,#549,#657,.T.);
#398=EDGE_CURVE('',#551,#550,#658,.T.);
#399=EDGE_CURVE('',#552,#551,#659,.T.);
#400=EDGE_CURVE('',#552,#553,#660,.T.);
#401=EDGE_CURVE('',#554,#553,#661,.T.);
#402=EDGE_CURVE('',#555,#554,#662,.T.);
#403=EDGE_CURVE('',#556,#555,#663,.T.);
#404=EDGE_CURVE('',#556,#557,#664,.T.);
#405=EDGE_CURVE('',#558,#557,#665,.T.);
#406=EDGE_CURVE('',#559,#558,#666,.T.);
#407=EDGE_CURVE('',#560,#559,#667,.T.);
#408=EDGE_CURVE('',#560,#561,#668,.T.);
#409=EDGE_CURVE('',#562,#561,#669,.T.);
#410=EDGE_CURVE('',#563,#562,#670,.T.);
#411=EDGE_CURVE('',#564,#563,#671,.T.);
#412=EDGE_CURVE('',#564,#565,#672,.T.);
#413=EDGE_CURVE('',#566,#565,#673,.T.);
#414=EDGE_CURVE('',#567,#566,#674,.T.);
#415=EDGE_CURVE('',#568,#567,#675,.T.);
#416=EDGE_CURVE('',#568,#569,#676,.T.);
#417=EDGE_CURVE('',#570,#569,#677,.T.);
#418=EDGE_CURVE('',#571,#570,#678,.T.);
#419=EDGE_CURVE('',#572,#571,#679,.T.);
#420=EDGE_CURVE('',#572,#573,#680,.T.);
#421=EDGE_CURVE('',#574,#573,#681,.T.);
#422=EDGE_CURVE('',#575,#574,#682,.T.);
#423=EDGE_CURVE('',#576,#575,#683,.T.);
#424=EDGE_CURVE('',#576,#577,#684,.T.);
#425=EDGE_CURVE('',#578,#577,#685,.T.);
#426=EDGE_CURVE('',#579,#578,#686,.T.);
#427=EDGE_CURVE('',#580,#579,#687,.T.);
#428=EDGE_CURVE('',#580,#581,#688,.T.);
#429=EDGE_CURVE('',#582,#581,#689,.T.);
#430=EDGE_CURVE('',#583,#582,#690,.T.);
#431=EDGE_CURVE('',#486,#583,#691,.T.);
#432=EDGE_CURVE('',#488,#583,#692,.T.);
#433=EDGE_CURVE('',#489,#582,#693,.T.);
#434=EDGE_CURVE('',#490,#581,#694,.T.);
#435=EDGE_CURVE('',#491,#580,#695,.T.);
#436=EDGE_CURVE('',#492,#579,#696,.T.);
#437=EDGE_CURVE('',#493,#578,#697,.T.);
#438=EDGE_CURVE('',#494,#577,#698,.T.);
#439=EDGE_CURVE('',#495,#576,#699,.T.);
#440=EDGE_CURVE('',#496,#575,#700,.T.);
#441=EDGE_CURVE('',#497,#574,#701,.T.);
#442=EDGE_CURVE('',#498,#573,#702,.T.);
#443=EDGE_CURVE('',#499,#572,#703,.T.);
#444=EDGE_CURVE('',#500,#571,#704,.T.);
#445=EDGE_CURVE('',#501,#570,#705,.T.);
#446=EDGE_CURVE('',#502,#569,#706,.T.);
#447=EDGE_CURVE('',#503,#568,#707,.T.);
#448=EDGE_CURVE('',#504,#567,#708,.T.);
#449=EDGE_CURVE('',#505,#566,#709,.T.);
#450=EDGE_CURVE('',#506,#565,#710,.T.);
#451=EDGE_CURVE('',#507,#564,#711,.T.);
#452=EDGE_CURVE('',#508,#563,#712,.T.);
#453=EDGE_CURVE('',#509,#562,#713,.T.);
#454=EDGE_CURVE('',#510,#561,#714,.T.);
#455=EDGE_CURVE('',#511,#560,#715,.T.);
#456=EDGE_CURVE('',#512,#559,#716,.T.);
#457=EDGE_CURVE('',#513,#558,#717,.T.);
#458=EDGE_CURVE('',#514,#557,#718,.T.);
#459=EDGE_CURVE('',#515,#556,#719,.T.);
#460=EDGE_CURVE('',#516,#555,#720,.T.);
#461=EDGE_CURVE('',#517,#554,#721,.T.);
#462=EDGE_CURVE('',#518,#553,#722,.T.);
#463=EDGE_CURVE('',#519,#552,#723,.T.);
#464=EDGE_CURVE('',#520,#551,#724,.T.);
#465=EDGE_CURVE('',#521,#550,#725,.T.);
#466=EDGE_CURVE('',#522,#549,#726,.T.);
#467=EDGE_CURVE('',#523,#548,#727,.T.);
#468=EDGE_CURVE('',#524,#547,#728,.T.);
#469=EDGE_CURVE('',#525,#546,#729,.T.);
#470=EDGE_CURVE('',#526,#545,#730,.T.);
#471=EDGE_CURVE('',#527,#544,#731,.T.);
#472=EDGE_CURVE('',#528,#543,#732,.T.);
#473=EDGE_CURVE('',#529,#542,#733,.T.);
#474=EDGE_CURVE('',#530,#541,#734,.T.);
#475=EDGE_CURVE('',#531,#540,#735,.T.);
#476=EDGE_CURVE('',#532,#539,#736,.T.);
#477=EDGE_CURVE('',#533,#538,#737,.T.);
#478=EDGE_CURVE('',#534,#537,#738,.T.);
#479=EDGE_CURVE('',#535,#536,#739,.T.);
#480=VERTEX_POINT('',#1448);
#481=VERTEX_POINT('',#1449);
#482=VERTEX_POINT('',#1451);
#483=VERTEX_POINT('',#1453);
#484=VERTEX_POINT('',#1457);
#485=VERTEX_POINT('',#1459);
#486=VERTEX_POINT('',#1463);
#487=VERTEX_POINT('',#1465);
#488=VERTEX_POINT('',#1469);
#489=VERTEX_POINT('',#1471);
#490=VERTEX_POINT('',#1473);
#491=VERTEX_POINT('',#1475);
#492=VERTEX_POINT('',#1477);
#493=VERTEX_POINT('',#1479);
#494=VERTEX_POINT('',#1481);
#495=VERTEX_POINT('',#1483);
#496=VERTEX_POINT('',#1485);
#497=VERTEX_POINT('',#1487);
#498=VERTEX_POINT('',#1489);
#499=VERTEX_POINT('',#1491);
#500=VERTEX_POINT('',#1493);
#501=VERTEX_POINT('',#1495);
#502=VERTEX_POINT('',#1497);
#503=VERTEX_POINT('',#1499);
#504=VERTEX_POINT('',#1501);
#505=VERTEX_POINT('',#1503);
#506=VERTEX_POINT('',#1505);
#507=VERTEX_POINT('',#1507);
#508=VERTEX_POINT('',#1509);
#509=VERTEX_POINT('',#1511);
#510=VERTEX_POINT('',#1513);
#511=VERTEX_POINT('',#1515);
#512=VERTEX_POINT('',#1517);
#513=VERTEX_POINT('',#1519);
#514=VERTEX_POINT('',#1521);
#515=VERTEX_POINT('',#1523);
#516=VERTEX_POINT('',#1525);
#517=VERTEX_POINT('',#1527);
#518=VERTEX_POINT('',#1529);
#519=VERTEX_POINT('',#1531);
#520=VERTEX_POINT('',#1533);
#521=VERTEX_POINT('',#1535);
#522=VERTEX_POINT('',#1537);
#523=VERTEX_POINT('',#1539);
#524=VERTEX_POINT('',#1541);
#525=VERTEX_POINT('',#1543);
#526=VERTEX_POINT('',#1545);
#527=VERTEX_POINT('',#1547);
#528=VERTEX_POINT('',#1549);
#529=VERTEX_POINT('',#1551);
#530=VERTEX_POINT('',#1553);
#531=VERTEX_POINT('',#1555);
#532=VERTEX_POINT('',#1557);
#533=VERTEX_POINT('',#1559);
#534=VERTEX_POINT('',#1561);
#535=VERTEX_POINT('',#1563);
#536=VERTEX_POINT('',#1567);
#537=VERTEX_POINT('',#1569);
#538=VERTEX_POINT('',#1571);
#539=VERTEX_POINT('',#1573);
#540=VERTEX_POINT('',#1575);
#541=VERTEX_POINT('',#1577);
#542=VERTEX_POINT('',#1579);
#543=VERTEX_POINT('',#1581);
#544=VERTEX_POINT('',#1583);
#545=VERTEX_POINT('',#1585);
#546=VERTEX_POINT('',#1587);
#547=VERTEX_POINT('',#1589);
#548=VERTEX_POINT('',#1591);
#549=VERTEX_POINT('',#1593);
#550=VERTEX_POINT('',#1595);
#551=VERTEX_POINT('',#1597);
#552=VERTEX_POINT('',#1599);
#553=VERTEX_POINT('',#1601);
#554=VERTEX_POINT('',#1603);
#555=VERTEX_POINT('',#1605);
#556=VERTEX_POINT('',#1607);
#557=VERTEX_POINT('',#1609);
#558=VERTEX_POINT('',#1611);
#559=VERTEX_POINT('',#1613);
#560=VERTEX_POINT('',#1615);
#561=VERTEX_POINT('',#1617);
#562=VERTEX_POINT('',#1619);
#563=VERTEX_POINT('',#1621);
#564=VERTEX_POINT('',#1623);
#565=VERTEX_POINT('',#1625);
#566=VERTEX_POINT('',#1627);
#567=VERTEX_POINT('',#1629);
#568=VERTEX_POINT('',#1631);
#569=VERTEX_POINT('',#1633);
#570=VERTEX_POINT('',#1635);
#571=VERTEX_POINT('',#1637);
#572=VERTEX_POINT('',#1639);
#573=VERTEX_POINT('',#1641);
#574=VERTEX_POINT('',#1643);
#575=VERTEX_POINT('',#1645);
#576=VERTEX_POINT('',#1647);
#577=VERTEX_POINT('',#1649);
#578=VERTEX_POINT('',#1651);
#579=VERTEX_POINT('',#1653);
#580=VERTEX_POINT('',#1655);
#581=VERTEX_POINT('',#1657);
#582=VERTEX_POINT('',#1659);
#583=VERTEX_POINT('',#1661);
#584=LINE('',#1447,#740);
#585=LINE('',#1450,#741);
#586=LINE('',#1452,#742);
#587=LINE('',#1454,#743);
#588=LINE('',#1456,#744);
#589=LINE('',#1458,#745);
#590=LINE('',#1460,#746);
#591=LINE('',#1462,#747);
#592=LINE('',#1464,#748);
#593=LINE('',#1466,#749);
#594=LINE('',#1468,#750);
#595=LINE('',#1470,#751);
#596=LINE('',#1472,#752);
#597=LINE('',#1474,#753);
#598=LINE('',#1476,#754);
#599=LINE('',#1478,#755);
#600=LINE('',#1480,#756);
#601=LINE('',#1482,#757);
#602=LINE('',#1484,#758);
#603=LINE('',#1486,#759);
#604=LINE('',#1488,#760);
#605=LINE('',#1490,#761);
#606=LINE('',#1492,#762);
#607=LINE('',#1494,#763);
#608=LINE('',#1496,#764);
#609=LINE('',#1498,#765);
#610=LINE('',#1500,#766);
#611=LINE('',#1502,#767);
#612=LINE('',#1504,#768);
#613=LINE('',#1506,#769);
#614=LINE('',#1508,#770);
#615=LINE('',#1510,#771);
#616=LINE('',#1512,#772);
#617=LINE('',#1514,#773);
#618=LINE('',#1516,#774);
#619=LINE('',#1518,#775);
#620=LINE('',#1520,#776);
#621=LINE('',#1522,#777);
#622=LINE('',#1524,#778);
#623=LINE('',#1526,#779);
#624=LINE('',#1528,#780);
#625=LINE('',#1530,#781);
#626=LINE('',#1532,#782);
#627=LINE('',#1534,#783);
#628=LINE('',#1536,#784);
#629=LINE('',#1538,#785);
#630=LINE('',#1540,#786);
#631=LINE('',#1542,#787);
#632=LINE('',#1544,#788);
#633=LINE('',#1546,#789);
#634=LINE('',#1548,#790);
#635=LINE('',#1550,#791);
#636=LINE('',#1552,#792);
#637=LINE('',#1554,#793);
#638=LINE('',#1556,#794);
#639=LINE('',#1558,#795);
#640=LINE('',#1560,#796);
#641=LINE('',#1562,#797);
#642=LINE('',#1564,#798);
#643=LINE('',#1566,#799);
#644=LINE('',#1568,#800);
#645=LINE('',#1570,#801);
#646=LINE('',#1572,#802);
#647=LINE('',#1574,#803);
#648=LINE('',#1576,#804);
#649=LINE('',#1578,#805);
#650=LINE('',#1580,#806);
#651=LINE('',#1582,#807);
#652=LINE('',#1584,#808);
#653=LINE('',#1586,#809);
#654=LINE('',#1588,#810);
#655=LINE('',#1590,#811);
#656=LINE('',#1592,#812);
#657=LINE('',#1594,#813);
#658=LINE('',#1596,#814);
#659=LINE('',#1598,#815);
#660=LINE('',#1600,#816);
#661=LINE('',#1602,#817);
#662=LINE('',#1604,#818);
#663=LINE('',#1606,#819);
#664=LINE('',#1608,#820);
#665=LINE('',#1610,#821);
#666=LINE('',#1612,#822);
#667=LINE('',#1614,#823);
#668=LINE('',#1616,#824);
#669=LINE('',#1618,#825);
#670=LINE('',#1620,#826);
#671=LINE('',#1622,#827);
#672=LINE('',#1624,#828);
#673=LINE('',#1626,#829);
#674=LINE('',#1628,#830);
#675=LINE('',#1630,#831);
#676=LINE('',#1632,#832);
#677=LINE('',#1634,#833);
#678=LINE('',#1636,#834);
#679=LINE('',#1638,#835);
#680=LINE('',#1640,#836);
#681=LINE('',#1642,#837);
#682=LINE('',#1644,#838);
#683=LINE('',#1646,#839);
#684=LINE('',#1648,#840);
#685=LINE('',#1650,#841);
#686=LINE('',#1652,#842);
#687=LINE('',#1654,#843);
#688=LINE('',#1656,#844);
#689=LINE('',#1658,#845);
#690=LINE('',#1660,#846);
#691=LINE('',#1662,#847);
#692=LINE('',#1664,#848);
#693=LINE('',#1666,#849);
#694=LINE('',#1668,#850);
#695=LINE('',#1670,#851);
#696=LINE('',#1672,#852);
#697=LINE('',#1674,#853);
#698=LINE('',#1676,#854);
#699=LINE('',#1678,#855);
#700=LINE('',#1680,#856);
#701=LINE('',#1682,#857);
#702=LINE('',#1684,#858);
#703=LINE('',#1686,#859);
#704=LINE('',#1688,#860);
#705=LINE('',#1690,#861);
#706=LINE('',#1692,#862);
#707=LINE('',#1694,#863);
#708=LINE('',#1696,#864);
#709=LINE('',#1698,#865);
#710=LINE('',#1700,#866);
#711=LINE('',#1702,#867);
#712=LINE('',#1704,#868);
#713=LINE('',#1706,#869);
#714=LINE('',#1708,#870);
#715=LINE('',#1710,#871);
#716=LINE('',#1712,#872);
#717=LINE('',#1714,#873);
#718=LINE('',#1716,#874);
#719=LINE('',#1718,#875);
#720=LINE('',#1720,#876);
#721=LINE('',#1722,#877);
#722=LINE('',#1724,#878);
#723=LINE('',#1726,#879);
#724=LINE('',#1728,#880);
#725=LINE('',#1730,#881);
#726=LINE('',#1732,#882);
#727=LINE('',#1734,#883);
#728=LINE('',#1736,#884);
#729=LINE('',#1738,#885);
#730=LINE('',#1740,#886);
#731=LINE('',#1742,#887);
#732=LINE('',#1744,#888);
#733=LINE('',#1746,#889);
#734=LINE('',#1748,#890);
#735=LINE('',#1750,#891);
#736=LINE('',#1752,#892);
#737=LINE('',#1754,#893);
#738=LINE('',#1756,#894);
#739=LINE('',#1758,#895);
#740=VECTOR('',#1183,1.);
#741=VECTOR('',#1184,1.);
#742=VECTOR('',#1185,1.);
#743=VECTOR('',#1186,1.);
#744=VECTOR('',#1189,1.);
#745=VECTOR('',#1190,1.);
#746=VECTOR('',#1191,1.);
#747=VECTOR('',#1194,1.);
#748=VECTOR('',#1195,1.);
#749=VECTOR('',#1196,1.);
#750=VECTOR('',#1199,1.);
#751=VECTOR('',#1200,1.);
#752=VECTOR('',#1201,1.);
#753=VECTOR('',#1202,1.);
#754=VECTOR('',#1203,1.);
#755=VECTOR('',#1204,1.);
#756=VECTOR('',#1205,1.);
#757=VECTOR('',#1206,1.);
#758=VECTOR('',#1207,1.);
#759=VECTOR('',#1208,1.);
#760=VECTOR('',#1209,1.);
#761=VECTOR('',#1210,1.);
#762=VECTOR('',#1211,1.);
#763=VECTOR('',#1212,1.);
#764=VECTOR('',#1213,1.);
#765=VECTOR('',#1214,1.);
#766=VECTOR('',#1215,1.);
#767=VECTOR('',#1216,1.);
#768=VECTOR('',#1217,1.);
#769=VECTOR('',#1218,1.);
#770=VECTOR('',#1219,1.);
#771=VECTOR('',#1220,1.);
#772=VECTOR('',#1221,1.);
#773=VECTOR('',#1222,1.);
#774=VECTOR('',#1223,1.);
#775=VECTOR('',#1224,1.);
#776=VECTOR('',#1225,1.);
#777=VECTOR('',#1226,1.);
#778=VECTOR('',#1227,1.);
#779=VECTOR('',#1228,1.);
#780=VECTOR('',#1229,1.);
#781=VECTOR('',#1230,1.);
#782=VECTOR('',#1231,1.);
#783=VECTOR('',#1232,1.);
#784=VECTOR('',#1233,1.);
#785=VECTOR('',#1234,1.);
#786=VECTOR('',#1235,1.);
#787=VECTOR('',#1236,1.);
#788=VECTOR('',#1237,1.);
#789=VECTOR('',#1238,1.);
#790=VECTOR('',#1239,1.);
#791=VECTOR('',#1240,1.);
#792=VECTOR('',#1241,1.);
#793=VECTOR('',#1242,1.);
#794=VECTOR('',#1243,1.);
#795=VECTOR('',#1244,1.);
#796=VECTOR('',#1245,1.);
#797=VECTOR('',#1246,1.);
#798=VECTOR('',#1247,1.);
#799=VECTOR('',#1250,1.);
#800=VECTOR('',#1251,1.);
#801=VECTOR('',#1252,1.);
#802=VECTOR('',#1253,1.);
#803=VECTOR('',#1254,1.);
#804=VECTOR('',#1255,1.);
#805=VECTOR('',#1256,1.);
#806=VECTOR('',#1257,1.);
#807=VECTOR('',#1258,1.);
#808=VECTOR('',#1259,1.);
#809=VECTOR('',#1260,1.);
#810=VECTOR('',#1261,1.);
#811=VECTOR('',#1262,1.);
#812=VECTOR('',#1263,1.);
#813=VECTOR('',#1264,1.);
#814=VECTOR('',#1265,1.);
#815=VECTOR('',#1266,1.);
#816=VECTOR('',#1267,1.);
#817=VECTOR('',#1268,1.);
#818=VECTOR('',#1269,1.);
#819=VECTOR('',#1270,1.);
#820=VECTOR('',#1271,1.);
#821=VECTOR('',#1272,1.);
#822=VECTOR('',#1273,1.);
#823=VECTOR('',#1274,1.);
#824=VECTOR('',#1275,1.);
#825=VECTOR('',#1276,1.);
#826=VECTOR('',#1277,1.);
#827=VECTOR('',#1278,1.);
#828=VECTOR('',#1279,1.);
#829=VECTOR('',#1280,1.);
#830=VECTOR('',#1281,1.);
#831=VECTOR('',#1282,1.);
#832=VECTOR('',#1283,1.);
#833=VECTOR('',#1284,1.);
#834=VECTOR('',#1285,1.);
#835=VECTOR('',#1286,1.);
#836=VECTOR('',#1287,1.);
#837=VECTOR('',#1288,1.);
#838=VECTOR('',#1289,1.);
#839=VECTOR('',#1290,1.);
#840=VECTOR('',#1291,1.);
#841=VECTOR('',#1292,1.);
#842=VECTOR('',#1293,1.);
#843=VECTOR('',#1294,1.);
#844=VECTOR('',#1295,1.);
#845=VECTOR('',#1296,1.);
#846=VECTOR('',#1297,1.);
#847=VECTOR('',#1298,1.);
#848=VECTOR('',#1301,1.);
#849=VECTOR('',#1304,1.);
#850=VECTOR('',#1307,1.);
#851=VECTOR('',#1310,1.);
#852=VECTOR('',#1313,1.);
#853=VECTOR('',#1316,1.);
#854=VECTOR('',#1319,1.);
#855=VECTOR('',#1322,1.);
#856=VECTOR('',#1325,1.);
#857=VECTOR('',#1328,1.);
#858=VECTOR('',#1331,1.);
#859=VECTOR('',#1334,1.);
#860=VECTOR('',#1337,1.);
#861=VECTOR('',#1340,1.);
#862=VECTOR('',#1343,1.);
#863=VECTOR('',#1346,1.);
#864=VECTOR('',#1349,1.);
#865=VECTOR('',#1352,1.);
#866=VECTOR('',#1355,1.);
#867=VECTOR('',#1358,1.);
#868=VECTOR('',#1361,1.);
#869=VECTOR('',#1364,1.);
#870=VECTOR('',#1367,1.);
#871=VECTOR('',#1370,1.);
#872=VECTOR('',#1373,1.);
#873=VECTOR('',#1376,1.);
#874=VECTOR('',#1379,1.);
#875=VECTOR('',#1382,1.);
#876=VECTOR('',#1385,1.);
#877=VECTOR('',#1388,1.);
#878=VECTOR('',#1391,1.);
#879=VECTOR('',#1394,1.);
#880=VECTOR('',#1397,1.);
#881=VECTOR('',#1400,1.);
#882=VECTOR('',#1403,1.);
#883=VECTOR('',#1406,1.);
#884=VECTOR('',#1409,1.);
#885=VECTOR('',#1412,1.);
#886=VECTOR('',#1415,1.);
#887=VECTOR('',#1418,1.);
#888=VECTOR('',#1421,1.);
#889=VECTOR('',#1424,1.);
#890=VECTOR('',#1427,1.);
#891=VECTOR('',#1430,1.);
#892=VECTOR('',#1433,1.);
#893=VECTOR('',#1436,1.);
#894=VECTOR('',#1439,1.);
#895=VECTOR('',#1442,1.);
#896=EDGE_LOOP('',(#12,#13,#14,#15));
#897=EDGE_LOOP('',(#16,#17,#18,#19));
#898=EDGE_LOOP('',(#20,#21,#22,#23));
#899=EDGE_LOOP('',(#24,#25,#26,#27,#28,#29,#30,#31,#32,#33,#34,#35,#36,#37,#38,#39,#40,#41,#42,#43,#44,#45,#46,#47,#48,#49,#50,#51,#52,#53,#54,#55,#56,#57,#58,#59,#60,#61,#62,#63,#64,#65,#66,#67,#68,#69,#70,#71,#72,#73,#74,#75));
#900=EDGE_LOOP('',(#76,#77,#78,#79,#80,#81,#82,#83,#84,#85,#86,#87,#88,#89,#90,#91,#92,#93,#94,#95,#96,#97,#98,#99,#100,#101,#102,#103,#104,#105,#106,#107,#108,#109,#110,#111,#112,#113,#114,#115,#116,#117,#118,#119,#120,#121,#122,#123,#124,#125,#126,#127));
#901=EDGE_LOOP('',(#128,#129,#130,#131));
#902=EDGE_LOOP('',(#132,#133,#134,#135));
#903=EDGE_LOOP('',(#136,#137,#138,#139));
#904=EDGE_LOOP('',(#140,#141,#142,#143));
#905=EDGE_LOOP('',(#144,#145,#146,#147));
#906=EDGE_LOOP('',(#148,#149,#150,#151));
#907=EDGE_LOOP('',(#152,#153,#154,#155));
#908=EDGE_LOOP('',(#156,#157,#158,#159));
#909=EDGE_LOOP('',(#160,#161,#162,#163));
#910=EDGE_LOOP('',(#164,#165,#166,#167));
#911=EDGE_LOOP('',(#168,#169,#170,#171));
#912=EDGE_LOOP('',(#172,#173,#174,#175));
#913=EDGE_LOOP('',(#176,#177,#178,#179));
#914=EDGE_LOOP('',(#180,#181,#182,#183));
#915=EDGE_LOOP('',(#184,#185,#186,#187));
#916=EDGE_LOOP('',(#188,#189,#190,#191));
#917=EDGE_LOOP('',(#192,#193,#194,#195));
#918=EDGE_LOOP('',(#196,#197,#198,#199));
#919=EDGE_LOOP('',(#200,#201,#202,#203));
#920=EDGE_LOOP('',(#204,#205,#206,#207));
#921=EDGE_LOOP('',(#208,#209,#210,#211));
#922=EDGE_LOOP('',(#212,#213,#214,#215));
#923=EDGE_LOOP('',(#216,#217,#218,#219));
#924=EDGE_LOOP('',(#220,#221,#222,#223));
#925=EDGE_LOOP('',(#224,#225,#226,#227));
#926=EDGE_LOOP('',(#228,#229,#230,#231));
#927=EDGE_LOOP('',(#232,#233,#234,#235));
#928=EDGE_LOOP('',(#236,#237,#238,#239));
#929=EDGE_LOOP('',(#240,#241,#242,#243));
#930=EDGE_LOOP('',(#244,#245,#246,#247));
#931=EDGE_LOOP('',(#248,#249,#250,#251));
#932=EDGE_LOOP('',(#252,#253,#254,#255));
#933=EDGE_LOOP('',(#256,#257,#258,#259));
#934=EDGE_LOOP('',(#260,#261,#262,#263));
#935=EDGE_LOOP('',(#264,#265,#266,#267));
#936=EDGE_LOOP('',(#268,#269,#270,#271));
#937=EDGE_LOOP('',(#272,#273,#274,#275));
#938=EDGE_LOOP('',(#276,#277,#278,#279));
#939=EDGE_LOOP('',(#280,#281,#282,#283));
#940=EDGE_LOOP('',(#284,#285,#286,#287));
#941=EDGE_LOOP('',(#288,#289,#290,#291));
#942=EDGE_LOOP('',(#292,#293,#294,#295));
#943=EDGE_LOOP('',(#296,#297,#298,#299));
#944=EDGE_LOOP('',(#300,#301,#302,#303));
#945=EDGE_LOOP('',(#304,#305,#306,#307));
#946=EDGE_LOOP('',(#308,#309,#310,#311));
#947=EDGE_LOOP('',(#312,#313,#314,#315));
#948=EDGE_LOOP('',(#316,#317,#318,#319));
#949=EDGE_LOOP('',(#320,#321,#322,#323));
#950=FACE_BOUND('',#896,.T.);
#951=FACE_BOUND('',#897,.T.);
#952=FACE_BOUND('',#898,.T.);
#953=FACE_BOUND('',#899,.T.);
#954=FACE_BOUND('',#900,.T.);
#955=FACE_BOUND('',#901,.T.);
#956=FACE_BOUND('',#902,.T.);
#957=FACE_BOUND('',#903,.T.);
#958=FACE_BOUND('',#904,.T.);
#959=FACE_BOUND('',#905,.T.);
#960=FACE_BOUND('',#906,.T.);
#961=FACE_BOUND('',#907,.T.);
#962=FACE_BOUND('',#908,.T.);
#963=FACE_BOUND('',#909,.T.);
#964=FACE_BOUND('',#910,.T.);
#965=FACE_BOUND('',#911,.T.);
#966=FACE_BOUND('',#912,.T.);
#967=FACE_BOUND('',#913,.T.);
#968=FACE_BOUND('',#914,.T.);
#969=FACE_BOUND('',#915,.T.);
#970=FACE_BOUND('',#916,.T.);
#971=FACE_BOUND('',#917,.T.);
#972=FACE_BOUND('',#918,.T.);
#973=FACE_BOUND('',#919,.T.);
#974=FACE_BOUND('',#920,.T.);
#975=FACE_BOUND('',#921,.T.);
#976=FACE_BOUND('',#922,.T.);
#977=FACE_BOUND('',#923,.T.);
#978=FACE_BOUND('',#924,.T.);
#979=FACE_BOUND('',#925,.T.);
#980=FACE_BOUND('',#926,.T.);
#981=FACE_BOUND('',#927,.T.);
#982=FACE_BOUND('',#928,.T.);
#983=FACE_BOUND('',#929,.T.);
#984=FACE_BOUND('',#930,.T.);
#985=FACE_BOUND('',#931,.T.);
#986=FACE_BOUND('',#932,.T.);
#987=FACE_BOUND('',#933,.T.);
#988=FACE_BOUND('',#934,.T.);
#989=FACE_BOUND('',#935,.T.);
#990=FACE_BOUND('',#936,.T.);
#991=FACE_BOUND('',#937,.T.);
#992=FACE_BOUND('',#938,.T.);
#993=FACE_BOUND('',#939,.T.);
#994=FACE_BOUND('',#940,.T.);
#995=FACE_BOUND('',#941,.T.);
#996=FACE_BOUND('',#942,.T.);
#997=FACE_BOUND('',#943,.T.);
#998=FACE_BOUND('',#944,.T.);
#999=FACE_BOUND('',#945,.T.);
#1000=FACE_BOUND('',#946,.T.);
#1001=FACE_BOUND('',#947,.T.);
#1002=FACE_BOUND('',#948,.T.);
#1003=FACE_BOUND('',#949,.T.);
#1004=PLANE('',#1125);
#1005=PLANE('',#1126);
#1006=PLANE('',#1127);
#1007=PLANE('',#1128);
#1008=PLANE('',#1129);
#1009=PLANE('',#1130);
#1010=PLANE('',#1131);
#1011=PLANE('',#1132);
#1012=PLANE('',#1133);
#1013=PLANE('',#1134);
#1014=PLANE('',#1135);
#1015=PLANE('',#1136);
#1016=PLANE('',#1137);
#1017=PLANE('',#1138);
#1018=PLANE('',#1139);
#1019=PLANE('',#1140);
#1020=PLANE('',#1141);
#1021=PLANE('',#1142);
#1022=PLANE('',#1143);
#1023=PLANE('',#1144);
#1024=PLANE('',#1145);
#1025=PLANE('',#1146);
#1026=PLANE('',#1147);
#1027=PLANE('',#1148);
#1028=PLANE('',#1149);
#1029=PLANE('',#1150);
#1030=PLANE('',#1151);
#1031=PLANE('',#1152);
#1032=PLANE('',#1153);
#1033=PLANE('',#1154);
#1034=PLANE('',#1155);
#1035=PLANE('',#1156);
#1036=PLANE('',#1157);
#1037=PLANE('',#1158);
#1038=PLANE('',#1159);
#1039=PLANE('',#1160);
#1040=PLANE('',#1161);
#1041=PLANE('',#1162);
#1042=PLANE('',#1163);
#1043=PLANE('',#1164);
#1044=PLANE('',#1165);
#1045=PLANE('',#1166);
#1046=PLANE('',#1167);
#1047=PLANE('',#1168);
#1048=PLANE('',#1169);
#1049=PLANE('',#1170);
#1050=PLANE('',#1171);
#1051=PLANE('',#1172);
#1052=PLANE('',#1173);
#1053=PLANE('',#1174);
#1054=PLANE('',#1175);
#1055=PLANE('',#1176);
#1056=PLANE('',#1177);
#1057=PLANE('',#1178);
#1058=ADVANCED_FACE('',(#950),#1004,.F.);
#1059=ADVANCED_FACE('',(#951),#1005,.F.);
#1060=ADVANCED_FACE('',(#952),#1006,.T.);
#1061=ADVANCED_FACE('',(#953),#1007,.T.);
#1062=ADVANCED_FACE('',(#954),#1008,.F.);
#1063=ADVANCED_FACE('',(#955),#1009,.F.);
#1064=ADVANCED_FACE('',(#956),#1010,.F.);
#1065=ADVANCED_FACE('',(#957),#1011,.F.);
#1066=ADVANCED_FACE('',(#958),#1012,.T.);
#1067=ADVANCED_FACE('',(#959),#1013,.F.);
#1068=ADVANCED_FACE('',(#960),#1014,.F.);
#1069=ADVANCED_FACE('',(#961),#1015,.F.);
#1070=ADVANCED_FACE('',(#962),#1016,.T.);
#1071=ADVANCED_FACE('',(#963),#1017,.F.);
#1072=ADVANCED_FACE('',(#964),#1018,.F.);
#1073=ADVANCED_FACE('',(#965),#1019,.F.);
#1074=ADVANCED_FACE('',(#966),#1020,.T.);
#1075=ADVANCED_FACE('',(#967),#1021,.F.);
#1076=ADVANCED_FACE('',(#968),#1022,.F.);
#1077=ADVANCED_FACE('',(#969),#1023,.F.);
#1078=ADVANCED_FACE('',(#970),#1024,.T.);
#1079=ADVANCED_FACE('',(#971),#1025,.F.);
#1080=ADVANCED_FACE('',(#972),#1026,.F.);
#1081=ADVANCED_FACE('',(#973),#1027,.F.);
#1082=ADVANCED_FACE('',(#974),#1028,.T.);
#1083=ADVANCED_FACE('',(#975),#1029,.F.);
#1084=ADVANCED_FACE('',(#976),#1030,.F.);
#1085=ADVANCED_FACE('',(#977),#1031,.F.);
#1086=ADVANCED_FACE('',(#978),#1032,.T.);
#1087=ADVANCED_FACE('',(#979),#1033,.F.);
#1088=ADVANCED_FACE('',(#980),#1034,.F.);
#1089=ADVANCED_FACE('',(#981),#1035,.F.);
#1090=ADVANCED_FACE('',(#982),#1036,.T.);
#1091=ADVANCED_FACE('',(#983),#1037,.F.);
#1092=ADVANCED_FACE('',(#984),#1038,.F.);
#1093=ADVANCED_FACE('',(#985),#1039,.F.);
#1094=ADVANCED_FACE('',(#986),#1040,.T.);
#1095=ADVANCED_FACE('',(#987),#1041,.F.);
#1096=ADVANCED_FACE('',(#988),#1042,.F.);
#1097=ADVANCED_FACE('',(#989),#1043,.F.);
#1098=ADVANCED_FACE('',(#990),#1044,.T.);
#1099=ADVANCED_FACE('',(#991),#1045,.F.);
#1100=ADVANCED_FACE('',(#992),#1046,.F.);
#1101=ADVANCED_FACE('',(#993),#1047,.F.);
#1102=ADVANCED_FACE('',(#994),#1048,.T.);
#1103=ADVANCED_FACE('',(#995),#1049,.F.);
#1104=ADVANCED_FACE('',(#996),#1050,.F.);
#1105=ADVANCED_FACE('',(#997),#1051,.F.);
#1106=ADVANCED_FACE('',(#998),#1052,.T.);
#1107=ADVANCED_FACE('',(#999),#1053,.F.);
#1108=ADVANCED_FACE('',(#1000),#1054,.F.);
#1109=ADVANCED_FACE('',(#1001),#1055,.F.);
#1110=ADVANCED_FACE('',(#1002),#1056,.T.);
#1111=ADVANCED_FACE('',(#1003),#1057,.T.);
#1112=CLOSED_SHELL('',(#1058,#1059,#1060,#1061,#1062,#1063,#1064,#1065,#1066,#1067,#1068,#1069,#1070,#1071,#1072,#1073,#1074,#1075,#1076,#1077,#1078,#1079,#1080,#1081,#1082,#1083,#1084,#1085,#1086,#1087,#1088,#1089,#1090,#1091,#1092,#1093,#1094,#1095,#1096,#1097,#1098,#1099,#1100,#1101,#1102,#1103,#1104,#1105,#1106,#1107,#1108,#1109,#1110,#1111));
#1113=STYLED_ITEM('',(#1114),#1121);
#1114=PRESENTATION_STYLE_ASSIGNMENT((#1115));
#1115=SURFACE_STYLE_USAGE(.BOTH.,#1116);
#1116=SURFACE_SIDE_STYLE('',(#1117));
#1117=SURFACE_STYLE_FILL_AREA(#1118);
#1118=FILL_AREA_STYLE('',(#1119));
#1119=FILL_AREA_STYLE_COLOUR('',#1120);
#1120=COLOUR_RGB('',0.96078431372549,0.901960784313726,0.862745098039216);
#1121=MANIFOLD_SOLID_BREP('Part 2',#1112);
#1122=SHAPE_DEFINITION_REPRESENTATION(#1766,#1123);
#1123=SHAPE_REPRESENTATION('Part 2',(#1124),#1761);
#1124=AXIS2_PLACEMENT_3D('',#1445,#1179,#1180);
#1125=AXIS2_PLACEMENT_3D('',#1446,#1181,#1182);
#1126=AXIS2_PLACEMENT_3D('',#1455,#1187,#1188);
#1127=AXIS2_PLACEMENT_3D('',#1461,#1192,#1193);
#1128=AXIS2_PLACEMENT_3D('',#1467,#1197,#1198);
#1129=AXIS2_PLACEMENT_3D('',#1565,#1248,#1249);
#1130=AXIS2_PLACEMENT_3D('',#1663,#1299,#1300);
#1131=AXIS2_PLACEMENT_3D('',#1665,#1302,#1303);
#1132=AXIS2_PLACEMENT_3D('',#1667,#1305,#1306);
#1133=AXIS2_PLACEMENT_3D('',#1669,#1308,#1309);
#1134=AXIS2_PLACEMENT_3D('',#1671,#1311,#1312);
#1135=AXIS2_PLACEMENT_3D('',#1673,#1314,#1315);
#1136=AXIS2_PLACEMENT_3D('',#1675,#1317,#1318);
#1137=AXIS2_PLACEMENT_3D('',#1677,#1320,#1321);
#1138=AXIS2_PLACEMENT_3D('',#1679,#1323,#1324);
#1139=AXIS2_PLACEMENT_3D('',#1681,#1326,#1327);
#1140=AXIS2_PLACEMENT_3D('',#1683,#1329,#1330);
#1141=AXIS2_PLACEMENT_3D('',#1685,#1332,#1333);
#1142=AXIS2_PLACEMENT_3D('',#1687,#1335,#1336);
#1143=AXIS2_PLACEMENT_3D('',#1689,#1338,#1339);
#1144=AXIS2_PLACEMENT_3D('',#1691,#1341,#1342);
#1145=AXIS2_PLACEMENT_3D('',#1693,#1344,#1345);
#1146=AXIS2_PLACEMENT_3D('',#1695,#1347,#1348);
#1147=AXIS2_PLACEMENT_3D('',#1697,#1350,#1351);
#1148=AXIS2_PLACEMENT_3D('',#1699,#1353,#1354);
#1149=AXIS2_PLACEMENT_3D('',#1701,#1356,#1357);
#1150=AXIS2_PLACEMENT_3D('',#1703,#1359,#1360);
#1151=AXIS2_PLACEMENT_3D('',#1705,#1362,#1363);
#1152=AXIS2_PLACEMENT_3D('',#1707,#1365,#1366);
#1153=AXIS2_PLACEMENT_3D('',#1709,#1368,#1369);
#1154=AXIS2_PLACEMENT_3D('',#1711,#1371,#1372);
#1155=AXIS2_PLACEMENT_3D('',#1713,#1374,#1375);
#1156=AXIS2_PLACEMENT_3D('',#1715,#1377,#1378);
#1157=AXIS2_PLACEMENT_3D('',#1717,#1380,#1381);
#1158=AXIS2_PLACEMENT_3D('',#1719,#1383,#1384);
#1159=AXIS2_PLACEMENT_3D('',#1721,#1386,#1387);
#1160=AXIS2_PLACEMENT_3D('',#1723,#1389,#1390);
#1161=AXIS2_PLACEMENT_3D('',#1725,#1392,#1393);
#1162=AXIS2_PLACEMENT_3D('',#1727,#1395,#1396);
#1163=AXIS2_PLACEMENT_3D('',#1729,#1398,#1399);
#1164=AXIS2_PLACEMENT_3D('',#1731,#1401,#1402);
#1165=AXIS2_PLACEMENT_3D('',#1733,#1404,#1405);
#1166=AXIS2_PLACEMENT_3D('',#1735,#1407,#1408);
#1167=AXIS2_PLACEMENT_3D('',#1737,#1410,#1411);
#1168=AXIS2_PLACEMENT_3D('',#1739,#1413,#1414);
#1169=AXIS2_PLACEMENT_3D('',#1741,#1416,#1417);
#1170=AXIS2_PLACEMENT_3D('',#1743,#1419,#1420);
#1171=AXIS2_PLACEMENT_3D('',#1745,#1422,#1423);
#1172=AXIS2_PLACEMENT_3D('',#1747,#1425,#1426);
#1173=AXIS2_PLACEMENT_3D('',#1749,#1428,#1429);
#1174=AXIS2_PLACEMENT_3D('',#1751,#1431,#1432);
#1175=AXIS2_PLACEMENT_3D('',#1753,#1434,#1435);
#1176=AXIS2_PLACEMENT_3D('',#1755,#1437,#1438);
#1177=AXIS2_PLACEMENT_3D('',#1757,#1440,#1441);
#1178=AXIS2_PLACEMENT_3D('',#1759,#1443,#1444);
#1179=DIRECTION('',(0.,0.,1.));
#1180=DIRECTION('',(1.,0.,0.));
#1181=DIRECTION('',(1.,0.,0.));
#1182=DIRECTION('',(0.,0.,-1.));
#1183=DIRECTION('',(0.,0.,-1.));
#1184=DIRECTION('',(0.,1.,0.));
#1185=DIRECTION('',(0.,0.,-1.));
#1186=DIRECTION('',(0.,1.,0.));
#1187=DIRECTION('',(0.,0.,1.));
#1188=DIRECTION('',(1.,0.,0.));
#1189=DIRECTION('',(1.,0.,0.));
#1190=DIRECTION('',(0.,1.,0.));
#1191=DIRECTION('',(1.,0.,0.));
#1192=DIRECTION('',(1.,0.,0.));
#1193=DIRECTION('',(0.,0.,-1.));
#1194=DIRECTION('',(0.,0.,-1.));
#1195=DIRECTION('',(0.,1.,0.));
#1196=DIRECTION('',(0.,0.,-1.));
#1197=DIRECTION('',(0.,-1.,0.));
#1198=DIRECTION('',(1.,0.,0.));
#1199=DIRECTION('',(1.,0.,0.));
#1200=DIRECTION('',(0.,0.,-1.));
#1201=DIRECTION('',(1.,0.,0.));
#1202=DIRECTION('',(0.,0.,-1.));
#1203=DIRECTION('',(1.,0.,0.));
#1204=DIRECTION('',(0.,0.,-1.));
#1205=DIRECTION('',(1.,0.,0.));
#1206=DIRECTION('',(0.,0.,-1.));
#1207=DIRECTION('',(1.,0.,0.));
#1208=DIRECTION('',(0.,0.,-1.));
#1209=DIRECTION('',(1.,0.,0.));
#1210=DIRECTION('',(0.,0.,-1.));
#1211=DIRECTION('',(1.,0.,0.));
#1212=DIRECTION('',(0.,0.,-1.));
#1213=DIRECTION('',(1.,0.,0.));
#1214=DIRECTION('',(0.,0.,-1.));
#1215=DIRECTION('',(1.,0.,0.));
#1216=DIRECTION('',(0.,0.,-1.));
#1217=DIRECTION('',(1.,0.,0.));
#1218=DIRECTION('',(0.,0.,-1.));
#1219=DIRECTION('',(1.,0.,0.));
#1220=DIRECTION('',(0.,0.,-1.));
#1221=DIRECTION('',(1.,0.,0.));
#1222=DIRECTION('',(0.,0.,-1.));
#1223=DIRECTION('',(1.,0.,0.));
#1224=DIRECTION('',(0.,0.,-1.));
#1225=DIRECTION('',(1.,0.,0.));
#1226=DIRECTION('',(0.,0.,-1.));
#1227=DIRECTION('',(1.,0.,0.));
#1228=DIRECTION('',(0.,0.,-1.));
#1229=DIRECTION('',(1.,0.,0.));
#1230=DIRECTION('',(0.,0.,-1.));
#1231=DIRECTION('',(1.,0.,0.));
#1232=DIRECTION('',(0.,0.,-1.));
#1233=DIRECTION('',(1.,0.,0.));
#1234=DIRECTION('',(0.,0.,-1.));
#1235=DIRECTION('',(1.,0.,0.));
#1236=DIRECTION('',(0.,0.,-1.));
#1237=DIRECTION('',(1.,0.,0.));
#1238=DIRECTION('',(0.,0.,-1.));
#1239=DIRECTION('',(1.,0.,0.));
#1240=DIRECTION('',(0.,0.,-1.));
#1241=DIRECTION('',(1.,0.,0.));
#1242=DIRECTION('',(0.,0.,-1.));
#1243=DIRECTION('',(1.,0.,0.));
#1244=DIRECTION('',(0.,0.,-1.));
#1245=DIRECTION('',(1.,0.,0.));
#1246=DIRECTION('',(0.,0.,-1.));
#1247=DIRECTION('',(1.,0.,0.));
#1248=DIRECTION('',(0.,-1.,0.));
#1249=DIRECTION('',(1.,0.,0.));
#1250=DIRECTION('',(1.,0.,0.));
#1251=DIRECTION('',(0.,0.,-1.));
#1252=DIRECTION('',(1.,0.,0.));
#1253=DIRECTION('',(0.,0.,-1.));
#1254=DIRECTION('',(1.,0.,0.));
#1255=DIRECTION('',(0.,0.,-1.));
#1256=DIRECTION('',(1.,0.,0.));
#1257=DIRECTION('',(0.,0.,-1.));
#1258=DIRECTION('',(1.,0.,0.));
#1259=DIRECTION('',(0.,0.,-1.));
#1260=DIRECTION('',(1.,0.,0.));
#1261=DIRECTION('',(0.,0.,-1.));
#1262=DIRECTION('',(1.,0.,0.));
#1263=DIRECTION('',(0.,0.,-1.));
#1264=DIRECTION('',(1.,0.,0.));
#1265=DIRECTION('',(0.,0.,-1.));
#1266=DIRECTION('',(1.,0.,0.));
#1267=DIRECTION('',(0.,0.,-1.));
#1268=DIRECTION('',(1.,0.,0.));
#1269=DIRECTION('',(0.,0.,-1.));
#1270=DIRECTION('',(1.,0.,0.));
#1271=DIRECTION('',(0.,0.,-1.));
#1272=DIRECTION('',(1.,0.,0.));
#1273=DIRECTION('',(0.,0.,-1.));
#1274=DIRECTION('',(1.,0.,0.));
#1275=DIRECTION('',(0.,0.,-1.));
#1276=DIRECTION('',(1.,0.,0.));
#1277=DIRECTION('',(0.,0.,-1.));
#1278=DIRECTION('',(1.,0.,0.));
#1279=DIRECTION('',(0.,0.,-1.));
#1280=DIRECTION('',(1.,0.,0.));
#1281=DIRECTION('',(0.,0.,-1.));
#1282=DIRECTION('',(1.,0.,0.));
#1283=DIRECTION('',(0.,0.,-1.));
#1284=DIRECTION('',(1.,0.,0.));
#1285=DIRECTION('',(0.,0.,-1.));
#1286=DIRECTION('',(1.,0.,0.));
#1287=DIRECTION('',(0.,0.,-1.));
#1288=DIRECTION('',(1.,0.,0.));
#1289=DIRECTION('',(0.,0.,-1.));
#1290=DIRECTION('',(1.,0.,0.));
#1291=DIRECTION('',(0.,0.,-1.));
#1292=DIRECTION('',(1.,0.,0.));
#1293=DIRECTION('',(0.,0.,-1.));
#1294=DIRECTION('',(1.,0.,0.));
#1295=DIRECTION('',(0.,0.,-1.));
#1296=DIRECTION('',(1.,0.,0.));
#1297=DIRECTION('',(0.,0.,-1.));
#1298=DIRECTION('',(1.,0.,0.));
#1299=DIRECTION('',(0.,0.,1.));
#1300=DIRECTION('',(1.,0.,0.));
#1301=DIRECTION('',(0.,1.,0.));
#1302=DIRECTION('',(1.,0.,0.));
#1303=DIRECTION('',(0.,0.,-1.));
#1304=DIRECTION('',(0.,1.,0.));
#1305=DIRECTION('',(0.,0.,1.));
#1306=DIRECTION('',(1.,0.,0.));
#1307=DIRECTION('',(0.,1.,0.));
#1308=DIRECTION('',(1.,0.,0.));
#1309=DIRECTION('',(0.,0.,-1.));
#1310=DIRECTION('',(0.,1.,0.));
#1311=DIRECTION('',(0.,0.,1.));
#1312=DIRECTION('',(1.,0.,0.));
#1313=DIRECTION('',(0.,1.,0.));
#1314=DIRECTION('',(1.,0.,0.));
#1315=DIRECTION('',(0.,0.,-1.));
#1316=DIRECTION('',(0.,1.,0.));
#1317=DIRECTION('',(0.,0.,1.));
#1318=DIRECTION('',(1.,0.,0.));
#1319=DIRECTION('',(0.,1.,0.));
#1320=DIRECTION('',(1.,0.,0.));
#1321=DIRECTION('',(0.,0.,-1.));
#1322=DIRECTION('',(0.,1.,0.));
#1323=DIRECTION('',(0.,0.,1.));
#1324=DIRECTION('',(1.,0.,0.));
#1325=DIRECTION('',(0.,1.,0.));
#1326=DIRECTION('',(1.,0.,0.));
#1327=DIRECTION('',(0.,0.,-1.));
#1328=DIRECTION('',(0.,1.,0.));
#1329=DIRECTION('',(0.,0.,1.));
#1330=DIRECTION('',(1.,0.,0.));
#1331=DIRECTION('',(0.,1.,0.));
#1332=DIRECTION('',(1.,0.,0.));
#1333=DIRECTION('',(0.,0.,-1.));
#1334=DIRECTION('',(0.,1.,0.));
#1335=DIRECTION('',(0.,0.,1.));
#1336=DIRECTION('',(1.,0.,0.));
#1337=DIRECTION('',(0.,1.,0.));
#1338=DIRECTION('',(1.,0.,0.));
#1339=DIRECTION('',(0.,0.,-1.));
#1340=DIRECTION('',(0.,1.,0.));
#1341=DIRECTION('',(0.,0.,1.));
#1342=DIRECTION('',(1.,0.,0.));
#1343=DIRECTION('',(0.,1.,0.));
#1344=DIRECTION('',(1.,0.,0.));
#1345=DIRECTION('',(0.,0.,-1.));
#1346=DIRECTION('',(0.,1.,0.));
#1347=DIRECTION('',(0.,0.,1.));
#1348=DIRECTION('',(1.,0.,0.));
#1349=DIRECTION('',(0.,1.,0.));
#1350=DIRECTION('',(1.,0.,0.));
#1351=DIRECTION('',(0.,0.,-1.));
#1352=DIRECTION('',(0.,1.,0.));
#1353=DIRECTION('',(0.,0.,1.));
#1354=DIRECTION('',(1.,0.,0.));
#1355=DIRECTION('',(0.,1.,0.));
#1356=DIRECTION('',(1.,0.,0.));
#1357=DIRECTION('',(0.,0.,-1.));
#1358=DIRECTION('',(0.,1.,0.));
#1359=DIRECTION('',(0.,0.,1.));
#1360=DIRECTION('',(1.,0.,0.));
#1361=DIRECTION('',(0.,1.,0.));
#1362=DIRECTION('',(1.,0.,0.));
#1363=DIRECTION('',(0.,0.,-1.));
#1364=DIRECTION('',(0.,1.,0.));
#1365=DIRECTION('',(0.,0.,1.));
#1366=DIRECTION('',(1.,0.,0.));
#1367=DIRECTION('',(0.,1.,0.));
#1368=DIRECTION('',(1.,0.,0.));
#1369=DIRECTION('',(0.,0.,-1.));
#1370=DIRECTION('',(0.,1.,0.));
#1371=DIRECTION('',(0.,0.,1.));
#1372=DIRECTION('',(1.,0.,0.));
#1373=DIRECTION('',(0.,1.,0.));
#1374=DIRECTION('',(1.,0.,0.));
#1375=DIRECTION('',(0.,0.,-1.));
#1376=DIRECTION('',(0.,1.,0.));
#1377=DIRECTION('',(0.,0.,1.));
#1378=DIRECTION('',(1.,0.,0.));
#1379=DIRECTION('',(0.,1.,0.));
#1380=DIRECTION('',(1.,0.,0.));
#1381=DIRECTION('',(0.,0.,-1.));
#1382=DIRECTION('',(0.,1.,0.));
#1383=DIRECTION('',(0.,0.,1.));
#1384=DIRECTION('',(1.,0.,0.));
#1385=DIRECTION('',(0.,1.,0.));
#1386=DIRECTION('',(1.,0.,0.));
#1387=DIRECTION('',(0.,0.,-1.));
#1388=DIRECTION('',(0.,1.,0.));
#1389=DIRECTION('',(0.,0.,1.));
#1390=DIRECTION('',(1.,0.,0.));
#1391=DIRECTION('',(0.,1.,0.));
#1392=DIRECTION('',(1.,0.,0.));
#1393=DIRECTION('',(0.,0.,-1.));
#1394=DIRECTION('',(0.,1.,0.));
#1395=DIRECTION('',(0.,0.,1.));
#1396=DIRECTION('',(1.,0.,0.));
#1397=DIRECTION('',(0.,1.,0.));
#1398=DIRECTION('',(1.,0.,0.));
#1399=DIRECTION('',(0.,0.,-1.));
#1400=DIRECTION('',(0.,1.,0.));
#1401=DIRECTION('',(0.,0.,1.));
#1402=DIRECTION('',(1.,0.,0.));
#1403=DIRECTION('',(0.,1.,0.));
#1404=DIRECTION('',(1.,0.,0.));
#1405=DIRECTION('',(0.,0.,-1.));
#1406=DIRECTION('',(0.,1.,0.));
#1407=DIRECTION('',(0.,0.,1.));
#1408=DIRECTION('',(1.,0.,0.));
#1409=DIRECTION('',(0.,1.,0.));
#1410=DIRECTION('',(1.,0.,0.));
#1411=DIRECTION('',(0.,0.,-1.));
#1412=DIRECTION('',(0.,1.,0.));
#1413=DIRECTION('',(0.,0.,1.));
#1414=DIRECTION('',(1.,0.,0.));
#1415=DIRECTION('',(0.,1.,0.));
#1416=DIRECTION('',(1.,0.,0.));
#1417=DIRECTION('',(0.,0.,-1.));
#1418=DIRECTION('',(0.,1.,0.));
#1419=DIRECTION('',(0.,0.,1.));
#1420=DIRECTION('',(1.,0.,0.));
#1421=DIRECTION('',(0.,1.,0.));
#1422=DIRECTION('',(1.,0.,0.));
#1423=DIRECTION('',(0.,0.,-1.));
#1424=DIRECTION('',(0.,1.,0.));
#1425=DIRECTION('',(0.,0.,1.));
#1426=DIRECTION('',(1.,0.,0.));
#1427=DIRECTION('',(0.,1.,0.));
#1428=DIRECTION('',(1.,0.,0.));
#1429=DIRECTION('',(0.,0.,-1.));
#1430=DIRECTION('',(0.,1.,0.));
#1431=DIRECTION('',(0.,0.,1.));
#1432=DIRECTION('',(1.,0.,0.));
#1433=DIRECTION('',(0.,1.,0.));
#1434=DIRECTION('',(1.,0.,0.));
#1435=DIRECTION('',(0.,0.,-1.));
#1436=DIRECTION('',(0.,1.,0.));
#1437=DIRECTION('',(0.,0.,1.));
#1438=DIRECTION('',(1.,0.,0.));
#1439=DIRECTION('',(0.,1.,0.));
#1440=DIRECTION('',(1.,0.,0.));
#1441=DIRECTION('',(0.,0.,-1.));
#1442=DIRECTION('',(0.,1.,0.));
#1443=DIRECTION('',(0.,0.,1.));
#1444=DIRECTION('',(1.,0.,0.));
#1445=CARTESIAN_POINT('',(0.,0.,0.));
#1446=CARTESIAN_POINT('',(-0.06875,-0.003,-0.05125));
#1447=CARTESIAN_POINT('',(-0.06875,0.,-0.05125));
#1448=CARTESIAN_POINT('',(-0.06875,0.,-0.02875));
#1449=CARTESIAN_POINT('',(-0.06875,0.,-0.06875));
#1450=CARTESIAN_POINT('',(-0.06875,-0.003,-0.06875));
#1451=CARTESIAN_POINT('',(-0.06875,-0.003,-0.06875));
#1452=CARTESIAN_POINT('',(-0.06875,-0.003,-0.05125));
#1453=CARTESIAN_POINT('',(-0.06875,-0.003,-0.02875));
#1454=CARTESIAN_POINT('',(-0.06875,-0.003,-0.02875));
#1455=CARTESIAN_POINT('',(-0.06375,-0.003,-0.06875));
#1456=CARTESIAN_POINT('',(-0.06375,0.,-0.06875));
#1457=CARTESIAN_POINT('',(-0.05875,0.,-0.06875));
#1458=CARTESIAN_POINT('',(-0.05875,-0.003,-0.06875));
#1459=CARTESIAN_POINT('',(-0.05875,-0.003,-0.06875));
#1460=CARTESIAN_POINT('',(-0.06375,-0.003,-0.06875));
#1461=CARTESIAN_POINT('',(-0.05875,-0.003,-0.05125));
#1462=CARTESIAN_POINT('',(-0.05875,0.,-0.05125));
#1463=CARTESIAN_POINT('',(-0.05875,0.,-0.03375));
#1464=CARTESIAN_POINT('',(-0.05875,-0.003,-0.03375));
#1465=CARTESIAN_POINT('',(-0.05875,-0.003,-0.03375));
#1466=CARTESIAN_POINT('',(-0.05875,-0.003,-0.05125));
#1467=CARTESIAN_POINT('',(-0.06375,-0.003,-0.05125));
#1468=CARTESIAN_POINT('',(0.,-0.003,-0.03375));
#1469=CARTESIAN_POINT('',(-0.05775,-0.003,-0.03375));
#1470=CARTESIAN_POINT('',(-0.05775,-0.003,-0.05125));
#1471=CARTESIAN_POINT('',(-0.05775,-0.003,-0.06875));
#1472=CARTESIAN_POINT('',(-0.05275,-0.003,-0.06875));
#1473=CARTESIAN_POINT('',(-0.04775,-0.003,-0.06875));
#1474=CARTESIAN_POINT('',(-0.04775,-0.003,-0.05125));
#1475=CARTESIAN_POINT('',(-0.04775,-0.003,-0.03375));
#1476=CARTESIAN_POINT('',(0.,-0.003,-0.03375));
#1477=CARTESIAN_POINT('',(-0.04675,-0.003,-0.03375));
#1478=CARTESIAN_POINT('',(-0.04675,-0.003,-0.05125));
#1479=CARTESIAN_POINT('',(-0.04675,-0.003,-0.06875));
#1480=CARTESIAN_POINT('',(-0.04175,-0.003,-0.06875));
#1481=CARTESIAN_POINT('',(-0.03675,-0.003,-0.06875));
#1482=CARTESIAN_POINT('',(-0.03675,-0.003,-0.05125));
#1483=CARTESIAN_POINT('',(-0.03675,-0.003,-0.03375));
#1484=CARTESIAN_POINT('',(0.,-0.003,-0.03375));
#1485=CARTESIAN_POINT('',(-0.03575,-0.003,-0.03375));
#1486=CARTESIAN_POINT('',(-0.03575,-0.003,-0.05125));
#1487=CARTESIAN_POINT('',(-0.03575,-0.003,-0.06875));
#1488=CARTESIAN_POINT('',(-0.03075,-0.003,-0.06875));
#1489=CARTESIAN_POINT('',(-0.02575,-0.003,-0.06875));
#1490=CARTESIAN_POINT('',(-0.02575,-0.003,-0.05125));
#1491=CARTESIAN_POINT('',(-0.02575,-0.003,-0.03375));
#1492=CARTESIAN_POINT('',(0.,-0.003,-0.03375));
#1493=CARTESIAN_POINT('',(-0.02475,-0.003,-0.03375));
#1494=CARTESIAN_POINT('',(-0.02475,-0.003,-0.05125));
#1495=CARTESIAN_POINT('',(-0.02475,-0.003,-0.06875));
#1496=CARTESIAN_POINT('',(-0.01975,-0.003,-0.06875));
#1497=CARTESIAN_POINT('',(-0.01475,-0.003,-0.06875));
#1498=CARTESIAN_POINT('',(-0.01475,-0.003,-0.05125));
#1499=CARTESIAN_POINT('',(-0.01475,-0.003,-0.03375));
#1500=CARTESIAN_POINT('',(0.,-0.003,-0.03375));
#1501=CARTESIAN_POINT('',(-0.01375,-0.003,-0.03375));
#1502=CARTESIAN_POINT('',(-0.01375,-0.003,-0.05125));
#1503=CARTESIAN_POINT('',(-0.01375,-0.003,-0.06875));
#1504=CARTESIAN_POINT('',(-0.00875,-0.003,-0.06875));
#1505=CARTESIAN_POINT('',(-0.00375,-0.003,-0.06875));
#1506=CARTESIAN_POINT('',(-0.00375,-0.003,-0.05125));
#1507=CARTESIAN_POINT('',(-0.00375,-0.003,-0.03375));
#1508=CARTESIAN_POINT('',(0.,-0.003,-0.03375));
#1509=CARTESIAN_POINT('',(-0.00275,-0.003,-0.03375));
#1510=CARTESIAN_POINT('',(-0.00275,-0.003,-0.05125));
#1511=CARTESIAN_POINT('',(-0.00275,-0.003,-0.06875));
#1512=CARTESIAN_POINT('',(0.00225,-0.003,-0.06875));
#1513=CARTESIAN_POINT('',(0.00725,-0.003,-0.06875));
#1514=CARTESIAN_POINT('',(0.00725,-0.003,-0.05125));
#1515=CARTESIAN_POINT('',(0.00725,-0.003,-0.03375));
#1516=CARTESIAN_POINT('',(0.,-0.003,-0.03375));
#1517=CARTESIAN_POINT('',(0.00825,-0.003,-0.03375));
#1518=CARTESIAN_POINT('',(0.00825,-0.003,-0.05125));
#1519=CARTESIAN_POINT('',(0.00825,-0.003,-0.06875));
#1520=CARTESIAN_POINT('',(0.01325,-0.003,-0.06875));
#1521=CARTESIAN_POINT('',(0.01825,-0.003,-0.06875));
#1522=CARTESIAN_POINT('',(0.01825,-0.003,-0.05125));
#1523=CARTESIAN_POINT('',(0.01825,-0.003,-0.03375));
#1524=CARTESIAN_POINT('',(0.,-0.003,-0.03375));
#1525=CARTESIAN_POINT('',(0.01925,-0.003,-0.03375));
#1526=CARTESIAN_POINT('',(0.01925,-0.003,-0.05125));
#1527=CARTESIAN_POINT('',(0.01925,-0.003,-0.06875));
#1528=CARTESIAN_POINT('',(0.02425,-0.003,-0.06875));
#1529=CARTESIAN_POINT('',(0.02925,-0.003,-0.06875));
#1530=CARTESIAN_POINT('',(0.02925,-0.003,-0.05125));
#1531=CARTESIAN_POINT('',(0.02925,-0.003,-0.03375));
#1532=CARTESIAN_POINT('',(0.,-0.003,-0.03375));
#1533=CARTESIAN_POINT('',(0.03025,-0.003,-0.03375));
#1534=CARTESIAN_POINT('',(0.03025,-0.003,-0.05125));
#1535=CARTESIAN_POINT('',(0.03025,-0.003,-0.06875));
#1536=CARTESIAN_POINT('',(0.03525,-0.003,-0.06875));
#1537=CARTESIAN_POINT('',(0.04025,-0.003,-0.06875));
#1538=CARTESIAN_POINT('',(0.04025,-0.003,-0.05125));
#1539=CARTESIAN_POINT('',(0.04025,-0.003,-0.03375));
#1540=CARTESIAN_POINT('',(0.,-0.003,-0.03375));
#1541=CARTESIAN_POINT('',(0.04125,-0.003,-0.03375));
#1542=CARTESIAN_POINT('',(0.04125,-0.003,-0.05125));
#1543=CARTESIAN_POINT('',(0.04125,-0.003,-0.06875));
#1544=CARTESIAN_POINT('',(0.04625,-0.003,-0.06875));
#1545=CARTESIAN_POINT('',(0.05125,-0.003,-0.06875));
#1546=CARTESIAN_POINT('',(0.05125,-0.003,-0.05125));
#1547=CARTESIAN_POINT('',(0.05125,-0.003,-0.03375));
#1548=CARTESIAN_POINT('',(0.,-0.003,-0.03375));
#1549=CARTESIAN_POINT('',(0.05225,-0.003,-0.03375));
#1550=CARTESIAN_POINT('',(0.05225,-0.003,-0.05125));
#1551=CARTESIAN_POINT('',(0.05225,-0.003,-0.06875));
#1552=CARTESIAN_POINT('',(0.05725,-0.003,-0.06875));
#1553=CARTESIAN_POINT('',(0.06225,-0.003,-0.06875));
#1554=CARTESIAN_POINT('',(0.06225,-0.003,-0.05125));
#1555=CARTESIAN_POINT('',(0.06225,-0.003,-0.03375));
#1556=CARTESIAN_POINT('',(0.,-0.003,-0.03375));
#1557=CARTESIAN_POINT('',(0.06475,-0.003,-0.03375));
#1558=CARTESIAN_POINT('',(0.06475,-0.003,-0.05125));
#1559=CARTESIAN_POINT('',(0.06475,-0.003,-0.06875));
#1560=CARTESIAN_POINT('',(0.06675,-0.003,-0.06875));
#1561=CARTESIAN_POINT('',(0.06875,-0.003,-0.06875));
#1562=CARTESIAN_POINT('',(0.06875,-0.003,-0.05125));
#1563=CARTESIAN_POINT('',(0.06875,-0.003,-0.02875));
#1564=CARTESIAN_POINT('',(0.,-0.003,-0.02875));
#1565=CARTESIAN_POINT('',(-0.06375,0.,-0.05125));
#1566=CARTESIAN_POINT('',(0.,0.,-0.02875));
#1567=CARTESIAN_POINT('',(0.06875,0.,-0.02875));
#1568=CARTESIAN_POINT('',(0.06875,0.,-0.05125));
#1569=CARTESIAN_POINT('',(0.06875,0.,-0.06875));
#1570=CARTESIAN_POINT('',(0.06675,0.,-0.06875));
#1571=CARTESIAN_POINT('',(0.06475,0.,-0.06875));
#1572=CARTESIAN_POINT('',(0.06475,0.,-0.05125));
#1573=CARTESIAN_POINT('',(0.06475,0.,-0.03375));
#1574=CARTESIAN_POINT('',(0.,0.,-0.03375));
#1575=CARTESIAN_POINT('',(0.06225,0.,-0.03375));
#1576=CARTESIAN_POINT('',(0.06225,0.,-0.05125));
#1577=CARTESIAN_POINT('',(0.06225,0.,-0.06875));
#1578=CARTESIAN_POINT('',(0.05725,0.,-0.06875));
#1579=CARTESIAN_POINT('',(0.05225,0.,-0.06875));
#1580=CARTESIAN_POINT('',(0.05225,0.,-0.05125));
#1581=CARTESIAN_POINT('',(0.05225,0.,-0.03375));
#1582=CARTESIAN_POINT('',(0.,0.,-0.03375));
#1583=CARTESIAN_POINT('',(0.05125,0.,-0.03375));
#1584=CARTESIAN_POINT('',(0.05125,0.,-0.05125));
#1585=CARTESIAN_POINT('',(0.05125,0.,-0.06875));
#1586=CARTESIAN_POINT('',(0.04625,0.,-0.06875));
#1587=CARTESIAN_POINT('',(0.04125,0.,-0.06875));
#1588=CARTESIAN_POINT('',(0.04125,0.,-0.05125));
#1589=CARTESIAN_POINT('',(0.04125,0.,-0.03375));
#1590=CARTESIAN_POINT('',(0.,0.,-0.03375));
#1591=CARTESIAN_POINT('',(0.04025,0.,-0.03375));
#1592=CARTESIAN_POINT('',(0.04025,0.,-0.05125));
#1593=CARTESIAN_POINT('',(0.04025,0.,-0.06875));
#1594=CARTESIAN_POINT('',(0.03525,0.,-0.06875));
#1595=CARTESIAN_POINT('',(0.03025,0.,-0.06875));
#1596=CARTESIAN_POINT('',(0.03025,0.,-0.05125));
#1597=CARTESIAN_POINT('',(0.03025,0.,-0.03375));
#1598=CARTESIAN_POINT('',(0.,0.,-0.03375));
#1599=CARTESIAN_POINT('',(0.02925,0.,-0.03375));
#1600=CARTESIAN_POINT('',(0.02925,0.,-0.05125));
#1601=CARTESIAN_POINT('',(0.02925,0.,-0.06875));
#1602=CARTESIAN_POINT('',(0.02425,0.,-0.06875));
#1603=CARTESIAN_POINT('',(0.01925,0.,-0.06875));
#1604=CARTESIAN_POINT('',(0.01925,0.,-0.05125));
#1605=CARTESIAN_POINT('',(0.01925,0.,-0.03375));
#1606=CARTESIAN_POINT('',(0.,0.,-0.03375));
#1607=CARTESIAN_POINT('',(0.01825,0.,-0.03375));
#1608=CARTESIAN_POINT('',(0.01825,0.,-0.05125));
#1609=CARTESIAN_POINT('',(0.01825,0.,-0.06875));
#1610=CARTESIAN_POINT('',(0.01325,0.,-0.06875));
#1611=CARTESIAN_POINT('',(0.00825,0.,-0.06875));
#1612=CARTESIAN_POINT('',(0.00825,0.,-0.05125));
#1613=CARTESIAN_POINT('',(0.00825,0.,-0.03375));
#1614=CARTESIAN_POINT('',(0.,0.,-0.03375));
#1615=CARTESIAN_POINT('',(0.00725,0.,-0.03375));
#1616=CARTESIAN_POINT('',(0.00725,0.,-0.05125));
#1617=CARTESIAN_POINT('',(0.00725,0.,-0.06875));
#1618=CARTESIAN_POINT('',(0.00225,0.,-0.06875));
#1619=CARTESIAN_POINT('',(-0.00275,0.,-0.06875));
#1620=CARTESIAN_POINT('',(-0.00275,0.,-0.05125));
#1621=CARTESIAN_POINT('',(-0.00275,0.,-0.03375));
#1622=CARTESIAN_POINT('',(0.,0.,-0.03375));
#1623=CARTESIAN_POINT('',(-0.00375,0.,-0.03375));
#1624=CARTESIAN_POINT('',(-0.00375,0.,-0.05125));
#1625=CARTESIAN_POINT('',(-0.00375,0.,-0.06875));
#1626=CARTESIAN_POINT('',(-0.00875,0.,-0.06875));
#1627=CARTESIAN_POINT('',(-0.01375,0.,-0.06875));
#1628=CARTESIAN_POINT('',(-0.01375,0.,-0.05125));
#1629=CARTESIAN_POINT('',(-0.01375,0.,-0.03375));
#1630=CARTESIAN_POINT('',(0.,0.,-0.03375));
#1631=CARTESIAN_POINT('',(-0.01475,0.,-0.03375));
#1632=CARTESIAN_POINT('',(-0.01475,0.,-0.05125));
#1633=CARTESIAN_POINT('',(-0.01475,0.,-0.06875));
#1634=CARTESIAN_POINT('',(-0.01975,0.,-0.06875));
#1635=CARTESIAN_POINT('',(-0.02475,0.,-0.06875));
#1636=CARTESIAN_POINT('',(-0.02475,0.,-0.05125));
#1637=CARTESIAN_POINT('',(-0.02475,0.,-0.03375));
#1638=CARTESIAN_POINT('',(0.,0.,-0.03375));
#1639=CARTESIAN_POINT('',(-0.02575,0.,-0.03375));
#1640=CARTESIAN_POINT('',(-0.02575,0.,-0.05125));
#1641=CARTESIAN_POINT('',(-0.02575,0.,-0.06875));
#1642=CARTESIAN_POINT('',(-0.03075,0.,-0.06875));
#1643=CARTESIAN_POINT('',(-0.03575,0.,-0.06875));
#1644=CARTESIAN_POINT('',(-0.03575,0.,-0.05125));
#1645=CARTESIAN_POINT('',(-0.03575,0.,-0.03375));
#1646=CARTESIAN_POINT('',(0.,0.,-0.03375));
#1647=CARTESIAN_POINT('',(-0.03675,0.,-0.03375));
#1648=CARTESIAN_POINT('',(-0.03675,0.,-0.05125));
#1649=CARTESIAN_POINT('',(-0.03675,0.,-0.06875));
#1650=CARTESIAN_POINT('',(-0.04175,0.,-0.06875));
#1651=CARTESIAN_POINT('',(-0.04675,0.,-0.06875));
#1652=CARTESIAN_POINT('',(-0.04675,0.,-0.05125));
#1653=CARTESIAN_POINT('',(-0.04675,0.,-0.03375));
#1654=CARTESIAN_POINT('',(0.,0.,-0.03375));
#1655=CARTESIAN_POINT('',(-0.04775,0.,-0.03375));
#1656=CARTESIAN_POINT('',(-0.04775,0.,-0.05125));
#1657=CARTESIAN_POINT('',(-0.04775,0.,-0.06875));
#1658=CARTESIAN_POINT('',(-0.05275,0.,-0.06875));
#1659=CARTESIAN_POINT('',(-0.05775,0.,-0.06875));
#1660=CARTESIAN_POINT('',(-0.05775,0.,-0.05125));
#1661=CARTESIAN_POINT('',(-0.05775,0.,-0.03375));
#1662=CARTESIAN_POINT('',(0.,0.,-0.03375));
#1663=CARTESIAN_POINT('',(0.,-0.003,-0.03375));
#1664=CARTESIAN_POINT('',(-0.05775,-0.003,-0.03375));
#1665=CARTESIAN_POINT('',(-0.05775,-0.003,-0.05125));
#1666=CARTESIAN_POINT('',(-0.05775,-0.003,-0.06875));
#1667=CARTESIAN_POINT('',(-0.05275,-0.003,-0.06875));
#1668=CARTESIAN_POINT('',(-0.04775,-0.003,-0.06875));
#1669=CARTESIAN_POINT('',(-0.04775,-0.003,-0.05125));
#1670=CARTESIAN_POINT('',(-0.04775,-0.003,-0.03375));
#1671=CARTESIAN_POINT('',(0.,-0.003,-0.03375));
#1672=CARTESIAN_POINT('',(-0.04675,-0.003,-0.03375));
#1673=CARTESIAN_POINT('',(-0.04675,-0.003,-0.05125));
#1674=CARTESIAN_POINT('',(-0.04675,-0.003,-0.06875));
#1675=CARTESIAN_POINT('',(-0.04175,-0.003,-0.06875));
#1676=CARTESIAN_POINT('',(-0.03675,-0.003,-0.06875));
#1677=CARTESIAN_POINT('',(-0.03675,-0.003,-0.05125));
#1678=CARTESIAN_POINT('',(-0.03675,-0.003,-0.03375));
#1679=CARTESIAN_POINT('',(0.,-0.003,-0.03375));
#1680=CARTESIAN_POINT('',(-0.03575,-0.003,-0.03375));
#1681=CARTESIAN_POINT('',(-0.03575,-0.003,-0.05125));
#1682=CARTESIAN_POINT('',(-0.03575,-0.003,-0.06875));
#1683=CARTESIAN_POINT('',(-0.03075,-0.003,-0.06875));
#1684=CARTESIAN_POINT('',(-0.02575,-0.003,-0.06875));
#1685=CARTESIAN_POINT('',(-0.02575,-0.003,-0.05125));
#1686=CARTESIAN_POINT('',(-0.02575,-0.003,-0.03375));
#1687=CARTESIAN_POINT('',(0.,-0.003,-0.03375));
#1688=CARTESIAN_POINT('',(-0.02475,-0.003,-0.03375));
#1689=CARTESIAN_POINT('',(-0.02475,-0.003,-0.05125));
#1690=CARTESIAN_POINT('',(-0.02475,-0.003,-0.06875));
#1691=CARTESIAN_POINT('',(-0.01975,-0.003,-0.06875));
#1692=CARTESIAN_POINT('',(-0.01475,-0.003,-0.06875));
#1693=CARTESIAN_POINT('',(-0.01475,-0.003,-0.05125));
#1694=CARTESIAN_POINT('',(-0.01475,-0.003,-0.03375));
#1695=CARTESIAN_POINT('',(0.,-0.003,-0.03375));
#1696=CARTESIAN_POINT('',(-0.01375,-0.003,-0.03375));
#1697=CARTESIAN_POINT('',(-0.01375,-0.003,-0.05125));
#1698=CARTESIAN_POINT('',(-0.01375,-0.003,-0.06875));
#1699=CARTESIAN_POINT('',(-0.00875,-0.003,-0.06875));
#1700=CARTESIAN_POINT('',(-0.00375,-0.003,-0.06875));
#1701=CARTESIAN_POINT('',(-0.00375,-0.003,-0.05125));
#1702=CARTESIAN_POINT('',(-0.00375,-0.003,-0.03375));
#1703=CARTESIAN_POINT('',(0.,-0.003,-0.03375));
#1704=CARTESIAN_POINT('',(-0.00275,-0.003,-0.03375));
#1705=CARTESIAN_POINT('',(-0.00275,-0.003,-0.05125));
#1706=CARTESIAN_POINT('',(-0.00275,-0.003,-0.06875));
#1707=CARTESIAN_POINT('',(0.00225,-0.003,-0.06875));
#1708=CARTESIAN_POINT('',(0.00725,-0.003,-0.06875));
#1709=CARTESIAN_POINT('',(0.00725,-0.003,-0.05125));
#1710=CARTESIAN_POINT('',(0.00725,-0.003,-0.03375));
#1711=CARTESIAN_POINT('',(0.,-0.003,-0.03375));
#1712=CARTESIAN_POINT('',(0.00825,-0.003,-0.03375));
#1713=CARTESIAN_POINT('',(0.00825,-0.003,-0.05125));
#1714=CARTESIAN_POINT('',(0.00825,-0.003,-0.06875));
#1715=CARTESIAN_POINT('',(0.01325,-0.003,-0.06875));
#1716=CARTESIAN_POINT('',(0.01825,-0.003,-0.06875));
#1717=CARTESIAN_POINT('',(0.01825,-0.003,-0.05125));
#1718=CARTESIAN_POINT('',(0.01825,-0.003,-0.03375));
#1719=CARTESIAN_POINT('',(0.,-0.003,-0.03375));
#1720=CARTESIAN_POINT('',(0.01925,-0.003,-0.03375));
#1721=CARTESIAN_POINT('',(0.01925,-0.003,-0.05125));
#1722=CARTESIAN_POINT('',(0.01925,-0.003,-0.06875));
#1723=CARTESIAN_POINT('',(0.02425,-0.003,-0.06875));
#1724=CARTESIAN_POINT('',(0.02925,-0.003,-0.06875));
#1725=CARTESIAN_POINT('',(0.02925,-0.003,-0.05125));
#1726=CARTESIAN_POINT('',(0.02925,-0.003,-0.03375));
#1727=CARTESIAN_POINT('',(0.,-0.003,-0.03375));
#1728=CARTESIAN_POINT('',(0.03025,-0.003,-0.03375));
#1729=CARTESIAN_POINT('',(0.03025,-0.003,-0.05125));
#1730=CARTESIAN_POINT('',(0.03025,-0.003,-0.06875));
#1731=CARTESIAN_POINT('',(0.03525,-0.003,-0.06875));
#1732=CARTESIAN_POINT('',(0.04025,-0.003,-0.06875));
#1733=CARTESIAN_POINT('',(0.04025,-0.003,-0.05125));
#1734=CARTESIAN_POINT('',(0.04025,-0.003,-0.03375));
#1735=CARTESIAN_POINT('',(0.,-0.003,-0.03375));
#1736=CARTESIAN_POINT('',(0.04125,-0.003,-0.03375));
#1737=CARTESIAN_POINT('',(0.04125,-0.003,-0.05125));
#1738=CARTESIAN_POINT('',(0.04125,-0.003,-0.06875));
#1739=CARTESIAN_POINT('',(0.04625,-0.003,-0.06875));
#1740=CARTESIAN_POINT('',(0.05125,-0.003,-0.06875));
#1741=CARTESIAN_POINT('',(0.05125,-0.003,-0.05125));
#1742=CARTESIAN_POINT('',(0.05125,-0.003,-0.03375));
#1743=CARTESIAN_POINT('',(0.,-0.003,-0.03375));
#1744=CARTESIAN_POINT('',(0.05225,-0.003,-0.03375));
#1745=CARTESIAN_POINT('',(0.05225,-0.003,-0.05125));
#1746=CARTESIAN_POINT('',(0.05225,-0.003,-0.06875));
#1747=CARTESIAN_POINT('',(0.05725,-0.003,-0.06875));
#1748=CARTESIAN_POINT('',(0.06225,-0.003,-0.06875));
#1749=CARTESIAN_POINT('',(0.06225,-0.003,-0.05125));
#1750=CARTESIAN_POINT('',(0.06225,-0.003,-0.03375));
#1751=CARTESIAN_POINT('',(0.,-0.003,-0.03375));
#1752=CARTESIAN_POINT('',(0.06475,-0.003,-0.03375));
#1753=CARTESIAN_POINT('',(0.06475,-0.003,-0.05125));
#1754=CARTESIAN_POINT('',(0.06475,-0.003,-0.06875));
#1755=CARTESIAN_POINT('',(0.06675,-0.003,-0.06875));
#1756=CARTESIAN_POINT('',(0.06875,-0.003,-0.06875));
#1757=CARTESIAN_POINT('',(0.06875,-0.003,-0.05125));
#1758=CARTESIAN_POINT('',(0.06875,-0.003,-0.02875));
#1759=CARTESIAN_POINT('',(0.,-0.003,-0.02875));
#1760=MECHANICAL_DESIGN_GEOMETRIC_PRESENTATION_REPRESENTATION('',(#1113),#1761);
#1761=(
GEOMETRIC_REPRESENTATION_CONTEXT(3)
GLOBAL_UNCERTAINTY_ASSIGNED_CONTEXT((#1762))
GLOBAL_UNIT_ASSIGNED_CONTEXT((#1765,#1764,#1763))
REPRESENTATION_CONTEXT('Part 2','TOP_LEVEL_ASSEMBLY_PART')
);
#1762=UNCERTAINTY_MEASURE_WITH_UNIT(LENGTH_MEASURE(1.E-08),#1765,'DISTANCE_ACCURACY_VALUE','Maximum Tolerance applied to model');
#1763=(
NAMED_UNIT(*)
SI_UNIT($,.STERADIAN.)
SOLID_ANGLE_UNIT()
);
#1764=(
NAMED_UNIT(*)
PLANE_ANGLE_UNIT()
SI_UNIT($,.RADIAN.)
);
#1765=(
LENGTH_UNIT()
NAMED_UNIT(*)
SI_UNIT($,.METRE.)
);
#1766=PRODUCT_DEFINITION_SHAPE('','',#1767);
#1767=PRODUCT_DEFINITION('','',#1769,#1768);
#1768=PRODUCT_DEFINITION_CONTEXT('',#1775,'design');
#1769=PRODUCT_DEFINITION_FORMATION_WITH_SPECIFIED_SOURCE('','',#1771,.NOT_KNOWN.);
#1770=PRODUCT_RELATED_PRODUCT_CATEGORY('','',(#1771));
#1771=PRODUCT('Part 2','Part 2','Part 2',(#1773));
#1772=PRODUCT_CATEGORY('','');
#1773=PRODUCT_CONTEXT('',#1775,'mechanical');
#1774=APPLICATION_PROTOCOL_DEFINITION('international standard','ap242_managed_model_based_3d_engineering',2020,#1775);
#1775=APPLICATION_CONTEXT('managed model based 3d engineering');
#1776=SHAPE_ASPECT('DISTANCE.F64M9bZhQdfEcXH_1',$,#1766,.T.);
#1777=GEOMETRIC_ITEM_SPECIFIC_USAGE('','',#1776,#11,#1062);
#1778=SHAPE_ASPECT('DISTANCE.F64M9bZhQdfEcXH_1',$,#1766,.T.);
#1779=GEOMETRIC_ITEM_SPECIFIC_USAGE('','',#1778,#11,#1061);
#1780=DIMENSIONAL_LOCATION('linear distance','DISTANCE.F64M9bZhQdfEcXH_1',#1776,#1778);
#1782=(
LENGTH_UNIT()
NAMED_UNIT(*)
SI_UNIT(.CENTI.,.METRE.)
);
#1783=PRECISION_QUALIFIER(3);
#1781=(
LENGTH_MEASURE_WITH_UNIT()
MEASURE_REPRESENTATION_ITEM()
MEASURE_WITH_UNIT(POSITIVE_LENGTH_MEASURE(0.3),#1782)
QUALIFIED_REPRESENTATION_ITEM((#1783))
REPRESENTATION_ITEM('nominal value')
);
#1784=SHAPE_DIMENSION_REPRESENTATION('',(#1781),#1761);
#1785=DIMENSIONAL_CHARACTERISTIC_REPRESENTATION(#1780,#1784);
#1786=PRESENTATION_STYLE_ASSIGNMENT((NULL_STYLE(.NULL.)));
#1787=CARTESIAN_POINT('',(-0.103125,-0.0015,-0.04875));
#1788=DIRECTION('',(0.,0.,-1.));
#1789=DIRECTION('',(0.,-1.,0.));
#1790=AXIS2_PLACEMENT_3D('',#1787,#1788,#1789);
#1791=PLANE('',#1790);
#1792=ANNOTATION_PLANE('',(#1786),#1791,(#1819));
#1793=CARTESIAN_POINT('',(0.,0.,0.));
#1794=DIRECTION('',(0.,0.,1.));
#1795=DIRECTION('',(1.,0.,0.));
#1796=AXIS2_PLACEMENT_3D('',#1793,#1794,#1795);
#1797=CARTESIAN_POINT('',(0.,0.,0.));
#1798=DIRECTION('',(0.,0.,1.));
#1799=DIRECTION('',(1.,0.,0.));
#1800=AXIS2_PLACEMENT_3D('',#1797,#1798,#1799);
#1801=SHAPE_REPRESENTATION('',(#1800,#1121),#1761);
#1802=REPRESENTATION_MAP(#1796,#1801);
#1803=MAPPED_ITEM('',#1802,#1796);
#1804=PRESENTATION_STYLE_ASSIGNMENT((NULL_STYLE(.NULL.)));
#1805=STYLED_ITEM('',(#1804),#1803);
#1806=DRAUGHTING_MODEL('',(#1792,#1796,#1803,#1805),#1761);
#1807=DRAUGHTING_PRE_DEFINED_CURVE_FONT('continuous');
#1808=COLOUR_RGB('',0.,0.,0.);
#1809=CURVE_STYLE('',#1807,POSITIVE_LENGTH_MEASURE(0.02),#1808);
#1810=PRESENTATION_STYLE_ASSIGNMENT((#1809));
#1811=COORDINATES_LIST('coordinates',852,((-0.1040194,-0.0026833,-0.0487500),(-0.1031250,0.,-0.0487500),(-0.1022306,-0.0026833,-0.0487500),(-0.1022306,-0.0003167,-0.0487500),(-0.1031250,-0.0030000,-0.0487500),(-0.1040194,-0.0003167,-0.0487500),(-0.1022343,-0.0007401,-0.0487500),(-0.1023667,-0.0007454,-0.0487500),(-0.1040569,-0.0007454,-0.0487500),(-0.1022343,-0.0007401,-0.0487500),(-0.1040569,-0.0007454,-0.0487500),(-0.1041875,-0.0007401,-0.0487500),(-0.1022343,-0.0007401,-0.0487500),(-0.1041875,-0.0007401,-0.0487500),(-0.1043121,-0.0007242,-0.0487500),(-0.1022343,-0.0007401,-0.0487500),(-0.1043121,-0.0007242,-0.0487500),(-0.1044308,-0.0006976,-0.0487500),(-0.1022343,-0.0007401,-0.0487500),(-0.1044308,-0.0006976,-0.0487500),(-0.1045434,-0.0006605,-0.0487500),(-0.1022343,-0.0007401,-0.0487500),(-0.1045434,-0.0006605,-0.0487500),(-0.1046501,-0.0006127,-0.0487500),(-0.1022343,-0.0007401,-0.0487500),(-0.1046501,-0.0006127,-0.0487500),(-0.1047508,-0.0005543,-0.0487500),(-0.1022343,-0.0007401,-0.0487500),(-0.1047508,-0.0005543,-0.0487500),(-0.1048455,-0.0004853,-0.0487500),(-0.1022343,-0.0007401,-0.0487500),(-0.1048455,-0.0004853,-0.0487500),(-0.1049342,-0.0004057,-0.0487500),(-0.1022343,-0.0007401,-0.0487500),(-0.1049342,-0.0004057,-0.0487500),(-0.1050059,-0.0003290,-0.0487500),(-0.1022343,-0.0007401,-0.0487500),(-0.1050059,-0.0003290,-0.0487500),(-0.1050680,-0.0002492,-0.0487500),(-0.1022343,-0.0007401,-0.0487500),(-0.1050680,-0.0002492,-0.0487500),(-0.1051206,-0.0001664,-0.0487500),(-0.1051206,-0.0001664,-0.0487500),(-0.1051636,-0.0000805,-0.0487500),(-0.1051971,0.0000085,-0.0487500),(-0.1051206,-0.0001664,-0.0487500),(-0.1051971,0.0000085,-0.0487500),(-0.1052210,0.0001005,-0.0487500),(-0.1051206,-0.0001664,-0.0487500),(-0.1052210,0.0001005,-0.0487500),(-0.1052353,0.0001957,-0.0487500),(-0.1051206,-0.0001664,-0.0487500),(-0.1052353,0.0001957,-0.0487500),(-0.1052401,0.0002939,-0.0487500),(-0.1051206,-0.0001664,-0.0487500),(-0.1052401,0.0002939,-0.0487500),(-0.1052353,0.0003910,-0.0487500),(-0.1051206,-0.0001664,-0.0487500),(-0.1052353,0.0003910,-0.0487500),(-0.1052210,0.0004854,-0.0487500),(-0.1051206,-0.0001664,-0.0487500),(-0.1052210,0.0004854,-0.0487500),(-0.1051971,0.0005771,-0.0487500),(-0.1051206,-0.0001664,-0.0487500),(-0.1051971,0.0005771,-0.0487500),(-0.1051636,0.0006661,-0.0487500),(-0.1051206,-0.0001664,-0.0487500),(-0.1051636,0.0006661,-0.0487500),(-0.1051206,0.0007525,-0.0487500),(-0.1051206,-0.0001664,-0.0487500),(-0.1051206,0.0007525,-0.0487500),(-0.1050680,0.0008362,-0.0487500),(-0.1051206,-0.0001664,-0.0487500),(-0.1050680,0.0008362,-0.0487500),(-0.1050059,0.0009172,-0.0487500),(-0.1051206,-0.0001664,-0.0487500),(-0.1050059,0.0009172,-0.0487500),(-0.1049342,0.0009956,-0.0487500),(-0.1051206,-0.0001664,-0.0487500),(-0.1049342,0.0009956,-0.0487500),(-0.1048472,0.0010752,-0.0487500),(-0.1051206,-0.0001664,-0.0487500),(-0.1048472,0.0010752,-0.0487500),(-0.1047540,0.0011442,-0.0487500),(-0.1051206,-0.0001664,-0.0487500),(-0.1047540,0.0011442,-0.0487500),(-0.1046546,0.0012026,-0.0487500),(-0.1051206,-0.0001664,-0.0487500),(-0.1046546,0.0012026,-0.0487500),(-0.1045490,0.0012503,-0.0487500),(-0.1051206,-0.0001664,-0.0487500),(-0.1045490,0.0012503,-0.0487500),(-0.1044371,0.0012875,-0.0487500),(-0.1044371,0.0012875,-0.0487500),(-0.1043191,0.0013140,-0.0487500),(-0.1041948,0.0013300,-0.0487500),(-0.1044371,0.0012875,-0.0487500),(-0.1041948,0.0013300,-0.0487500),(-0.1040643,0.0013353,-0.0487500),(-0.1044371,0.0012875,-0.0487500),(-0.1040643,0.0013353,-0.0487500),(-0.1040569,0.0013353,-0.0487500),(-0.1044371,0.0012875,-0.0487500),(-0.1040569,0.0013353,-0.0487500),(-0.1023625,0.0013353,-0.0487500),(-0.1044371,0.0012875,-0.0487500),(-0.1023625,0.0013353,-0.0487500),(-0.1022312,0.0013300,-0.0487500),(-0.1044371,0.0012875,-0.0487500),(-0.1022312,0.0013300,-0.0487500),(-0.1021060,0.0013140,-0.0487500),(-0.1044371,0.0012875,-0.0487500),(-0.1021060,0.0013140,-0.0487500),(-0.1019871,0.0012875,-0.0487500),(-0.1044371,0.0012875,-0.0487500),(-0.1019871,0.0012875,-0.0487500),(-0.1018743,0.0012503,-0.0487500),(-0.1044371,0.0012875,-0.0487500),(-0.1018743,0.0012503,-0.0487500),(-0.1017677,0.0012026,-0.0487500),(-0.1044371,0.0012875,-0.0487500),(-0.1017677,0.0012026,-0.0487500),(-0.1016673,0.0011442,-0.0487500),(-0.1044371,0.0012875,-0.0487500),(-0.1016673,0.0011442,-0.0487500),(-0.1015731,0.0010752,-0.0487500),(-0.1044371,0.0012875,-0.0487500),(-0.1015731,0.0010752,-0.0487500),(-0.1014851,0.0009956,-0.0487500),(-0.1014851,0.0009956,-0.0487500),(-0.1017814,0.0006918,-0.0487500),(-0.1018978,0.0007858,-0.0487500),(-0.1014851,0.0009956,-0.0487500),(-0.1018978,0.0007858,-0.0487500),(-0.1020341,0.0008529,-0.0487500),(-0.1014851,0.0009956,-0.0487500),(-0.1020341,0.0008529,-0.0487500),(-0.1021904,0.0008932,-0.0487500),(-0.1044371,0.0012875,-0.0487500),(-0.1014851,0.0009956,-0.0487500),(-0.1021904,0.0008932,-0.0487500),(-0.1044371,0.0012875,-0.0487500),(-0.1021904,0.0008932,-0.0487500),(-0.1022761,0.0009033,-0.0487500),(-0.1044371,0.0012875,-0.0487500),(-0.1022761,0.0009033,-0.0487500),(-0.1023667,0.0009066,-0.0487500),(-0.1044371,0.0012875,-0.0487500),(-0.1023667,0.0009066,-0.0487500),(-0.1040643,0.0009066,-0.0487500),(-0.1044371,0.0012875,-0.0487500),(-0.1040643,0.0009066,-0.0487500),(-0.1041526,0.0009033,-0.0487500),(-0.1044371,0.0012875,-0.0487500),(-0.1041526,0.0009033,-0.0487500),(-0.1042360,0.0008934,-0.0487500),(-0.1044371,0.0012875,-0.0487500),(-0.1042360,0.0008934,-0.0487500),(-0.1043145,0.0008767,-0.0487500),(-0.1044371,0.0012875,-0.0487500),(-0.1043145,0.0008767,-0.0487500),(-0.1043881,0.0008535,-0.0487500),(-0.1044371,0.0012875,-0.0487500),(-0.1043881,0.0008535,-0.0487500),(-0.1045207,0.0007870,-0.0487500),(-0.1044371,0.0012875,-0.0487500),(-0.1045207,0.0007870,-0.0487500),(-0.1046337,0.0006939,-0.0487500),(-0.1044371,0.0012875,-0.0487500),(-0.1046337,0.0006939,-0.0487500),(-0.1047124,0.0005987,-0.0487500),(-0.1044371,0.0012875,-0.0487500),(-0.1047124,0.0005987,-0.0487500),(-0.1047686,0.0005002,-0.0487500),(-0.1051206,-0.0001664,-0.0487500),(-0.1044371,0.0012875,-0.0487500),(-0.1047686,0.0005002,-0.0487500),(-0.1051206,-0.0001664,-0.0487500),(-0.1047686,0.0005002,-0.0487500),(-0.1048023,0.0003986,-0.0487500),(-0.1051206,-0.0001664,-0.0487500),(-0.1048023,0.0003986,-0.0487500),(-0.1048136,0.0002939,-0.0487500),(-0.1051206,-0.0001664,-0.0487500),(-0.1048136,0.0002939,-0.0487500),(-0.1048023,0.0001848,-0.0487500),(-0.1051206,-0.0001664,-0.0487500),(-0.1048023,0.0001848,-0.0487500),(-0.1047686,0.0000819,-0.0487500),(-0.1051206,-0.0001664,-0.0487500),(-0.1047686,0.0000819,-0.0487500),(-0.1047124,-0.0000147,-0.0487500),(-0.1051206,-0.0001664,-0.0487500),(-0.1047124,-0.0000147,-0.0487500),(-0.1046337,-0.0001051,-0.0487500),(-0.1051206,-0.0001664,-0.0487500),(-0.1046337,-0.0001051,-0.0487500),(-0.1045151,-0.0001982,-0.0487500),(-0.1051206,-0.0001664,-0.0487500),(-0.1045151,-0.0001982,-0.0487500),(-0.1043794,-0.0002647,-0.0487500),(-0.1051206,-0.0001664,-0.0487500),(-0.1043794,-0.0002647,-0.0487500),(-0.1042267,-0.0003045,-0.0487500),(-0.1022343,-0.0007401,-0.0487500),(-0.1051206,-0.0001664,-0.0487500),(-0.1042267,-0.0003045,-0.0487500),(-0.1022343,-0.0007401,-0.0487500),(-0.1042267,-0.0003045,-0.0487500),(-0.1041439,-0.0003145,-0.0487500),(-0.1022343,-0.0007401,-0.0487500),(-0.1041439,-0.0003145,-0.0487500),(-0.1040569,-0.0003178,-0.0487500),(-0.1022343,-0.0007401,-0.0487500),(-0.1040569,-0.0003178,-0.0487500),(-0.1023667,-0.0003178,-0.0487500),(-0.1022343,-0.0007401,-0.0487500),(-0.1023667,-0.0003178,-0.0487500),(-0.1022771,-0.0003145,-0.0487500),(-0.1022343,-0.0007401,-0.0487500),(-0.1022771,-0.0003145,-0.0487500),(-0.1021923,-0.0003045,-0.0487500),(-0.1022343,-0.0007401,-0.0487500),(-0.1021923,-0.0003045,-0.0487500),(-0.1021124,-0.0002879,-0.0487500),(-0.1022343,-0.0007401,-0.0487500),(-0.1021124,-0.0002879,-0.0487500),(-0.1020373,-0.0002647,-0.0487500),(-0.1022343,-0.0007401,-0.0487500),(-0.1020373,-0.0002647,-0.0487500),(-0.1019018,-0.0001982,-0.0487500),(-0.1022343,-0.0007401,-0.0487500),(-0.1019018,-0.0001982,-0.0487500),(-0.1017857,-0.0001051,-0.0487500),(-0.1022343,-0.0007401,-0.0487500),(-0.1017857,-0.0001051,-0.0487500),(-0.1017079,-0.0000139,-0.0487500),(-0.1017055,0.0006003,-0.0487500),(-0.1017814,0.0006918,-0.0487500),(-0.1014851,0.0009956,-0.0487500),(-0.1016513,0.0005034,-0.0487500),(-0.1017055,0.0006003,-0.0487500),(-0.1014851,0.0009956,-0.0487500),(-0.1016187,0.0004013,-0.0487500),(-0.1016513,0.0005034,-0.0487500),(-0.1014851,0.0009956,-0.0487500),(-0.1016079,0.0002939,-0.0487500),(-0.1016187,0.0004013,-0.0487500),(-0.1014851,0.0009956,-0.0487500),(-0.1016190,0.0001856,-0.0487500),(-0.1016079,0.0002939,-0.0487500),(-0.1014851,0.0009956,-0.0487500),(-0.1016190,0.0001856,-0.0487500),(-0.1014851,0.0009956,-0.0487500),(-0.1014144,0.0009187,-0.0487500),(-0.1016190,0.0001856,-0.0487500),(-0.1014144,0.0009187,-0.0487500),(-0.1013532,0.0008389,-0.0487500),(-0.1016523,0.0000830,-0.0487500),(-0.1016190,0.0001856,-0.0487500),(-0.1013532,0.0008389,-0.0487500),(-0.1016523,0.0000830,-0.0487500),(-0.1013532,0.0008389,-0.0487500),(-0.1013013,0.0007561,-0.0487500),(-0.1016523,0.0000830,-0.0487500),(-0.1013013,0.0007561,-0.0487500),(-0.1012589,0.0006704,-0.0487500),(-0.1017079,-0.0000139,-0.0487500),(-0.1016523,0.0000830,-0.0487500),(-0.1012589,0.0006704,-0.0487500),(-0.1017079,-0.0000139,-0.0487500),(-0.1012589,0.0006704,-0.0487500),(-0.1012259,0.0005817,-0.0487500),(-0.1022343,-0.0007401,-0.0487500),(-0.1017079,-0.0000139,-0.0487500),(-0.1012259,0.0005817,-0.0487500),(-0.1022343,-0.0007401,-0.0487500),(-0.1012259,0.0005817,-0.0487500),(-0.1012023,0.0004901,-0.0487500),(-0.1022343,-0.0007401,-0.0487500),(-0.1012023,0.0004901,-0.0487500),(-0.1011882,0.0003956,-0.0487500),(-0.1022343,-0.0007401,-0.0487500),(-0.1011882,0.0003956,-0.0487500),(-0.1011835,0.0002981,-0.0487500),(-0.1022343,-0.0007401,-0.0487500),(-0.1011835,0.0002981,-0.0487500),(-0.1011881,0.0001989,-0.0487500),(-0.1022343,-0.0007401,-0.0487500),(-0.1011881,0.0001989,-0.0487500),(-0.1012020,0.0001030,-0.0487500),(-0.1022343,-0.0007401,-0.0487500),(-0.1012020,0.0001030,-0.0487500),(-0.1012252,0.0000104,-0.0487500),(-0.1022343,-0.0007401,-0.0487500),(-0.1012252,0.0000104,-0.0487500),(-0.1012576,-0.0000789,-0.0487500),(-0.1022343,-0.0007401,-0.0487500),(-0.1012576,-0.0000789,-0.0487500),(-0.1012992,-0.0001650,-0.0487500),(-0.1022343,-0.0007401,-0.0487500),(-0.1012992,-0.0001650,-0.0487500),(-0.1013502,-0.0002478,-0.0487500),(-0.1022343,-0.0007401,-0.0487500),(-0.1013502,-0.0002478,-0.0487500),(-0.1014104,-0.0003273,-0.0487500),(-0.1022343,-0.0007401,-0.0487500),(-0.1014104,-0.0003273,-0.0487500),(-0.1014798,-0.0004036,-0.0487500),(-0.1022343,-0.0007401,-0.0487500),(-0.1014798,-0.0004036,-0.0487500),(-0.1015692,-0.0004837,-0.0487500),(-0.1022343,-0.0007401,-0.0487500),(-0.1015692,-0.0004837,-0.0487500),(-0.1016646,-0.0005531,-0.0487500),(-0.1022343,-0.0007401,-0.0487500),(-0.1016646,-0.0005531,-0.0487500),(-0.1017663,-0.0006119,-0.0487500),(-0.1022343,-0.0007401,-0.0487500),(-0.1017663,-0.0006119,-0.0487500),(-0.1018741,-0.0006599,-0.0487500),(-0.1022343,-0.0007401,-0.0487500),(-0.1018741,-0.0006599,-0.0487500),(-0.1019880,-0.0006973,-0.0487500),(-0.1022343,-0.0007401,-0.0487500),(-0.1019880,-0.0006973,-0.0487500),(-0.1021081,-0.0007240,-0.0487500),(-0.1034716,-0.0038802,-0.0487500),(-0.1035203,-0.0039278,-0.0487500),(-0.1035979,-0.0039839,-0.0487500),(-0.1034716,-0.0038802,-0.0487500),(-0.1035979,-0.0039839,-0.0487500),(-0.1036792,-0.0040325,-0.0487500),(-0.1034716,-0.0038802,-0.0487500),(-0.1036792,-0.0040325,-0.0487500),(-0.1037644,-0.0040736,-0.0487500),(-0.1034716,-0.0038802,-0.0487500),(-0.1037644,-0.0040736,-0.0487500),(-0.1038534,-0.0041072,-0.0487500),(-0.1034716,-0.0038802,-0.0487500),(-0.1038534,-0.0041072,-0.0487500),(-0.1039462,-0.0041334,-0.0487500),(-0.1034716,-0.0038802,-0.0487500),(-0.1039462,-0.0041334,-0.0487500),(-0.1040428,-0.0041521,-0.0487500),(-0.1034716,-0.0038802,-0.0487500),(-0.1040428,-0.0041521,-0.0487500),(-0.1041432,-0.0041633,-0.0487500),(-0.1034716,-0.0038802,-0.0487500),(-0.1041432,-0.0041633,-0.0487500),(-0.1042474,-0.0041670,-0.0487500),(-0.1034716,-0.0038802,-0.0487500),(-0.1042474,-0.0041670,-0.0487500),(-0.1043515,-0.0041633,-0.0487500),(-0.1034716,-0.0038802,-0.0487500),(-0.1043515,-0.0041633,-0.0487500),(-0.1044511,-0.0041521,-0.0487500),(-0.1034716,-0.0038802,-0.0487500),(-0.1044511,-0.0041521,-0.0487500),(-0.1045462,-0.0041335,-0.0487500),(-0.1034716,-0.0038802,-0.0487500),(-0.1045462,-0.0041335,-0.0487500),(-0.1046368,-0.0041075,-0.0487500),(-0.1034716,-0.0038802,-0.0487500),(-0.1046368,-0.0041075,-0.0487500),(-0.1047230,-0.0040740,-0.0487500),(-0.1034716,-0.0038802,-0.0487500),(-0.1047230,-0.0040740,-0.0487500),(-0.1048046,-0.0040331,-0.0487500),(-0.1034716,-0.0038802,-0.0487500),(-0.1048046,-0.0040331,-0.0487500),(-0.1048817,-0.0039847,-0.0487500),(-0.1034716,-0.0038802,-0.0487500),(-0.1048817,-0.0039847,-0.0487500),(-0.1049543,-0.0039289,-0.0487500),(-0.1034716,-0.0038802,-0.0487500),(-0.1049543,-0.0039289,-0.0487500),(-0.1050203,-0.0038671,-0.0487500),(-0.1034716,-0.0038802,-0.0487500),(-0.1050203,-0.0038671,-0.0487500),(-0.1050775,-0.0038004,-0.0487500),(-0.1034716,-0.0038802,-0.0487500),(-0.1050775,-0.0038004,-0.0487500),(-0.1051259,-0.0037288,-0.0487500),(-0.1034716,-0.0038802,-0.0487500),(-0.1051259,-0.0037288,-0.0487500),(-0.1051655,-0.0036521,-0.0487500),(-0.1051655,-0.0036521,-0.0487500),(-0.1051963,-0.0035705,-0.0487500),(-0.1052183,-0.0034840,-0.0487500),(-0.1051655,-0.0036521,-0.0487500),(-0.1052183,-0.0034840,-0.0487500),(-0.1052314,-0.0033925,-0.0487500),(-0.1051655,-0.0036521,-0.0487500),(-0.1052314,-0.0033925,-0.0487500),(-0.1052358,-0.0032960,-0.0487500),(-0.1051655,-0.0036521,-0.0487500),(-0.1052358,-0.0032960,-0.0487500),(-0.1052315,-0.0032005,-0.0487500),(-0.1051655,-0.0036521,-0.0487500),(-0.1052315,-0.0032005,-0.0487500),(-0.1052183,-0.0031092,-0.0487500),(-0.1051655,-0.0036521,-0.0487500),(-0.1052183,-0.0031092,-0.0487500),(-0.1051964,-0.0030221,-0.0487500),(-0.1051655,-0.0036521,-0.0487500),(-0.1051964,-0.0030221,-0.0487500),(-0.1051657,-0.0029393,-0.0487500),(-0.1051655,-0.0036521,-0.0487500),(-0.1051657,-0.0029393,-0.0487500),(-0.1051263,-0.0028608,-0.0487500),(-0.1051655,-0.0036521,-0.0487500),(-0.1051263,-0.0028608,-0.0487500),(-0.1050781,-0.0027864,-0.0487500),(-0.1051655,-0.0036521,-0.0487500),(-0.1050781,-0.0027864,-0.0487500),(-0.1050211,-0.0027163,-0.0487500),(-0.1051655,-0.0036521,-0.0487500),(-0.1050211,-0.0027163,-0.0487500),(-0.1049554,-0.0026504,-0.0487500),(-0.1051655,-0.0036521,-0.0487500),(-0.1049554,-0.0026504,-0.0487500),(-0.1048830,-0.0025906,-0.0487500),(-0.1051655,-0.0036521,-0.0487500),(-0.1048830,-0.0025906,-0.0487500),(-0.1048060,-0.0025388,-0.0487500),(-0.1051655,-0.0036521,-0.0487500),(-0.1048060,-0.0025388,-0.0487500),(-0.1047244,-0.0024950,-0.0487500),(-0.1051655,-0.0036521,-0.0487500),(-0.1047244,-0.0024950,-0.0487500),(-0.1046382,-0.0024591,-0.0487500),(-0.1051655,-0.0036521,-0.0487500),(-0.1046382,-0.0024591,-0.0487500),(-0.1045474,-0.0024312,-0.0487500),(-0.1051655,-0.0036521,-0.0487500),(-0.1045474,-0.0024312,-0.0487500),(-0.1044520,-0.0024113,-0.0487500),(-0.1051655,-0.0036521,-0.0487500),(-0.1044520,-0.0024113,-0.0487500),(-0.1043520,-0.0023993,-0.0487500),(-0.1043520,-0.0023993,-0.0487500),(-0.1042474,-0.0023954,-0.0487500),(-0.1041651,-0.0024107,-0.0487500),(-0.1043520,-0.0023993,-0.0487500),(-0.1041651,-0.0024107,-0.0487500),(-0.1040960,-0.0024567,-0.0487500),(-0.1043520,-0.0023993,-0.0487500),(-0.1040960,-0.0024567,-0.0487500),(-0.1040492,-0.0025250,-0.0487500),(-0.1043520,-0.0023993,-0.0487500),(-0.1040492,-0.0025250,-0.0487500),(-0.1040336,-0.0026070,-0.0487500),(-0.1043520,-0.0023993,-0.0487500),(-0.1040336,-0.0026070,-0.0487500),(-0.1040492,-0.0026898,-0.0487500),(-0.1043520,-0.0023993,-0.0487500),(-0.1040492,-0.0026898,-0.0487500),(-0.1040960,-0.0027584,-0.0487500),(-0.1043520,-0.0023993,-0.0487500),(-0.1040960,-0.0027584,-0.0487500),(-0.1041651,-0.0028044,-0.0487500),(-0.1043520,-0.0023993,-0.0487500),(-0.1041651,-0.0028044,-0.0487500),(-0.1042474,-0.0028197,-0.0487500),(-0.1043520,-0.0023993,-0.0487500),(-0.1042474,-0.0028197,-0.0487500),(-0.1043736,-0.0028284,-0.0487500),(-0.1043520,-0.0023993,-0.0487500),(-0.1043736,-0.0028284,-0.0487500),(-0.1044847,-0.0028544,-0.0487500),(-0.1043520,-0.0023993,-0.0487500),(-0.1044847,-0.0028544,-0.0487500),(-0.1045805,-0.0028977,-0.0487500),(-0.1043520,-0.0023993,-0.0487500),(-0.1045805,-0.0028977,-0.0487500),(-0.1046612,-0.0029584,-0.0487500),(-0.1043520,-0.0023993,-0.0487500),(-0.1046612,-0.0029584,-0.0487500),(-0.1047260,-0.0030299,-0.0487500),(-0.1051655,-0.0036521,-0.0487500),(-0.1043520,-0.0023993,-0.0487500),(-0.1047260,-0.0030299,-0.0487500),(-0.1051655,-0.0036521,-0.0487500),(-0.1047260,-0.0030299,-0.0487500),(-0.1047723,-0.0031100,-0.0487500),(-0.1051655,-0.0036521,-0.0487500),(-0.1047723,-0.0031100,-0.0487500),(-0.1048001,-0.0031987,-0.0487500),(-0.1051655,-0.0036521,-0.0487500),(-0.1048001,-0.0031987,-0.0487500),(-0.1048093,-0.0032960,-0.0487500),(-0.1051655,-0.0036521,-0.0487500),(-0.1048093,-0.0032960,-0.0487500),(-0.1048001,-0.0033899,-0.0487500),(-0.1051655,-0.0036521,-0.0487500),(-0.1048001,-0.0033899,-0.0487500),(-0.1047726,-0.0034746,-0.0487500),(-0.1051655,-0.0036521,-0.0487500),(-0.1047726,-0.0034746,-0.0487500),(-0.1047266,-0.0035502,-0.0487500),(-0.1051655,-0.0036521,-0.0487500),(-0.1047266,-0.0035502,-0.0487500),(-0.1046622,-0.0036167,-0.0487500),(-0.1051655,-0.0036521,-0.0487500),(-0.1046622,-0.0036167,-0.0487500),(-0.1045811,-0.0036708,-0.0487500),(-0.1051655,-0.0036521,-0.0487500),(-0.1045811,-0.0036708,-0.0487500),(-0.1044850,-0.0037095,-0.0487500),(-0.1051655,-0.0036521,-0.0487500),(-0.1044850,-0.0037095,-0.0487500),(-0.1043737,-0.0037328,-0.0487500),(-0.1034716,-0.0038802,-0.0487500),(-0.1051655,-0.0036521,-0.0487500),(-0.1043737,-0.0037328,-0.0487500),(-0.1034716,-0.0038802,-0.0487500),(-0.1043737,-0.0037328,-0.0487500),(-0.1042474,-0.0037405,-0.0487500),(-0.1034716,-0.0038802,-0.0487500),(-0.1042474,-0.0037405,-0.0487500),(-0.1041193,-0.0037328,-0.0487500),(-0.1034716,-0.0038802,-0.0487500),(-0.1041193,-0.0037328,-0.0487500),(-0.1040039,-0.0037098,-0.0487500),(-0.1034716,-0.0038802,-0.0487500),(-0.1040039,-0.0037098,-0.0487500),(-0.1039013,-0.0036714,-0.0487500),(-0.1034716,-0.0038802,-0.0487500),(-0.1039013,-0.0036714,-0.0487500),(-0.1038113,-0.0036177,-0.0487500),(-0.1034716,-0.0038802,-0.0487500),(-0.1038113,-0.0036177,-0.0487500),(-0.1037465,-0.0035555,-0.0487500),(-0.1033954,-0.0039646,-0.0487500),(-0.1034716,-0.0038802,-0.0487500),(-0.1037465,-0.0035555,-0.0487500),(-0.1033954,-0.0039646,-0.0487500),(-0.1037465,-0.0035555,-0.0487500),(-0.1037002,-0.0034862,-0.0487500),(-0.1033954,-0.0039646,-0.0487500),(-0.1037002,-0.0034862,-0.0487500),(-0.1036724,-0.0034100,-0.0487500),(-0.1033954,-0.0039646,-0.0487500),(-0.1036724,-0.0034100,-0.0487500),(-0.1036632,-0.0033267,-0.0487500),(-0.1033954,-0.0039646,-0.0487500),(-0.1036632,-0.0033267,-0.0487500),(-0.1036632,-0.0032844,-0.0487500),(-0.1033954,-0.0039646,-0.0487500),(-0.1036632,-0.0032844,-0.0487500),(-0.1036632,-0.0032177,-0.0487500),(-0.1033954,-0.0039646,-0.0487500),(-0.1036632,-0.0032177,-0.0487500),(-0.1036476,-0.0031362,-0.0487500),(-0.1033954,-0.0039646,-0.0487500),(-0.1036476,-0.0031362,-0.0487500),(-0.1036007,-0.0030674,-0.0487500),(-0.1033954,-0.0039646,-0.0487500),(-0.1036007,-0.0030674,-0.0487500),(-0.1035322,-0.0030206,-0.0487500),(-0.1033954,-0.0039646,-0.0487500),(-0.1035322,-0.0030206,-0.0487500),(-0.1034515,-0.0030049,-0.0487500),(-0.1033954,-0.0039646,-0.0487500),(-0.1034515,-0.0030049,-0.0487500),(-0.1033705,-0.0030206,-0.0487500),(-0.1033954,-0.0039646,-0.0487500),(-0.1033705,-0.0030206,-0.0487500),(-0.1033012,-0.0030674,-0.0487500),(-0.1033954,-0.0039646,-0.0487500),(-0.1033012,-0.0030674,-0.0487500),(-0.1032536,-0.0031362,-0.0487500),(-0.1033954,-0.0039646,-0.0487500),(-0.1032536,-0.0031362,-0.0487500),(-0.1032377,-0.0032177,-0.0487500),(-0.1033954,-0.0039646,-0.0487500),(-0.1032377,-0.0032177,-0.0487500),(-0.1032377,-0.0032844,-0.0487500),(-0.1033954,-0.0039646,-0.0487500),(-0.1032377,-0.0032844,-0.0487500),(-0.1032238,-0.0034147,-0.0487500),(-0.1033954,-0.0039646,-0.0487500),(-0.1032238,-0.0034147,-0.0487500),(-0.1031819,-0.0035328,-0.0487500),(-0.1033954,-0.0039646,-0.0487500),(-0.1031819,-0.0035328,-0.0487500),(-0.1031121,-0.0036386,-0.0487500),(-0.1033954,-0.0039646,-0.0487500),(-0.1031121,-0.0036386,-0.0487500),(-0.1030144,-0.0037320,-0.0487500),(-0.1033954,-0.0039646,-0.0487500),(-0.1030144,-0.0037320,-0.0487500),(-0.1028932,-0.0038089,-0.0487500),(-0.1033954,-0.0039646,-0.0487500),(-0.1028932,-0.0038089,-0.0487500),(-0.1027530,-0.0038638,-0.0487500),(-0.1033954,-0.0039646,-0.0487500),(-0.1027530,-0.0038638,-0.0487500),(-0.1025937,-0.0038967,-0.0487500),(-0.1033954,-0.0039646,-0.0487500),(-0.1025937,-0.0038967,-0.0487500),(-0.1025069,-0.0039050,-0.0487500),(-0.1033954,-0.0039646,-0.0487500),(-0.1025069,-0.0039050,-0.0487500),(-0.1024154,-0.0039077,-0.0487500),(-0.1033954,-0.0039646,-0.0487500),(-0.1024154,-0.0039077,-0.0487500),(-0.1023247,-0.0039049,-0.0487500),(-0.1023799,-0.0026859,-0.0487500),(-0.1024799,-0.0026832,-0.0487500),(-0.1025620,-0.0026673,-0.0487500),(-0.1022855,-0.0026941,-0.0487500),(-0.1023799,-0.0026859,-0.0487500),(-0.1025620,-0.0026673,-0.0487500),(-0.1022855,-0.0026941,-0.0487500),(-0.1025620,-0.0026673,-0.0487500),(-0.1026302,-0.0026197,-0.0487500),(-0.1021969,-0.0027076,-0.0487500),(-0.1022855,-0.0026941,-0.0487500),(-0.1026302,-0.0026197,-0.0487500),(-0.1021969,-0.0027076,-0.0487500),(-0.1026302,-0.0026197,-0.0487500),(-0.1026763,-0.0025504,-0.0487500),(-0.1021140,-0.0027266,-0.0487500),(-0.1021969,-0.0027076,-0.0487500),(-0.1026763,-0.0025504,-0.0487500),(-0.1021140,-0.0027266,-0.0487500),(-0.1026763,-0.0025504,-0.0487500),(-0.1026916,-0.0024673,-0.0487500),(-0.1019654,-0.0027808,-0.0487500),(-0.1021140,-0.0027266,-0.0487500),(-0.1026916,-0.0024673,-0.0487500),(-0.1019654,-0.0027808,-0.0487500),(-0.1026916,-0.0024673,-0.0487500),(-0.1026763,-0.0023845,-0.0487500),(-0.1019654,-0.0027808,-0.0487500),(-0.1026763,-0.0023845,-0.0487500),(-0.1026302,-0.0023160,-0.0487500),(-0.1018397,-0.0028568,-0.0487500),(-0.1019654,-0.0027808,-0.0487500),(-0.1026302,-0.0023160,-0.0487500),(-0.1018397,-0.0028568,-0.0487500),(-0.1026302,-0.0023160,-0.0487500),(-0.1025620,-0.0022699,-0.0487500),(-0.1018397,-0.0028568,-0.0487500),(-0.1025620,-0.0022699,-0.0487500),(-0.1024799,-0.0022546,-0.0487500),(-0.1017401,-0.0029473,-0.0487500),(-0.1018397,-0.0028568,-0.0487500),(-0.1024799,-0.0022546,-0.0487500),(-0.1017401,-0.0029473,-0.0487500),(-0.1024799,-0.0022546,-0.0487500),(-0.1023430,-0.0022590,-0.0487500),(-0.1017401,-0.0029473,-0.0487500),(-0.1023430,-0.0022590,-0.0487500),(-0.1022120,-0.0022723,-0.0487500),(-0.1017401,-0.0029473,-0.0487500),(-0.1022120,-0.0022723,-0.0487500),(-0.1020870,-0.0022943,-0.0487500),(-0.1016690,-0.0030507,-0.0487500),(-0.1017401,-0.0029473,-0.0487500),(-0.1020870,-0.0022943,-0.0487500),(-0.1016690,-0.0030507,-0.0487500),(-0.1020870,-0.0022943,-0.0487500),(-0.1019680,-0.0023252,-0.0487500),(-0.1016690,-0.0030507,-0.0487500),(-0.1019680,-0.0023252,-0.0487500),(-0.1018550,-0.0023650,-0.0487500),(-0.1016263,-0.0031669,-0.0487500),(-0.1016690,-0.0030507,-0.0487500),(-0.1018550,-0.0023650,-0.0487500),(-0.1016263,-0.0031669,-0.0487500),(-0.1018550,-0.0023650,-0.0487500),(-0.1017479,-0.0024135,-0.0487500),(-0.1016263,-0.0031669,-0.0487500),(-0.1017479,-0.0024135,-0.0487500),(-0.1016469,-0.0024709,-0.0487500),(-0.1016121,-0.0032960,-0.0487500),(-0.1016263,-0.0031669,-0.0487500),(-0.1016469,-0.0024709,-0.0487500),(-0.1016121,-0.0032960,-0.0487500),(-0.1016469,-0.0024709,-0.0487500),(-0.1015518,-0.0025372,-0.0487500),(-0.1016121,-0.0032960,-0.0487500),(-0.1015518,-0.0025372,-0.0487500),(-0.1014662,-0.0026092,-0.0487500),(-0.1016255,-0.0034196,-0.0487500),(-0.1016121,-0.0032960,-0.0487500),(-0.1014662,-0.0026092,-0.0487500),(-0.1016255,-0.0034196,-0.0487500),(-0.1014662,-0.0026092,-0.0487500),(-0.1013920,-0.0026878,-0.0487500),(-0.1016255,-0.0034196,-0.0487500),(-0.1013920,-0.0026878,-0.0487500),(-0.1013293,-0.0027729,-0.0487500),(-0.1016658,-0.0035331,-0.0487500),(-0.1016255,-0.0034196,-0.0487500),(-0.1013293,-0.0027729,-0.0487500),(-0.1016658,-0.0035331,-0.0487500),(-0.1013293,-0.0027729,-0.0487500),(-0.1012779,-0.0028645,-0.0487500),(-0.1016658,-0.0035331,-0.0487500),(-0.1012779,-0.0028645,-0.0487500),(-0.1012380,-0.0029626,-0.0487500),(-0.1017330,-0.0036365,-0.0487500),(-0.1016658,-0.0035331,-0.0487500),(-0.1012380,-0.0029626,-0.0487500),(-0.1017330,-0.0036365,-0.0487500),(-0.1012380,-0.0029626,-0.0487500),(-0.1012095,-0.0030672,-0.0487500),(-0.1017330,-0.0036365,-0.0487500),(-0.1012095,-0.0030672,-0.0487500),(-0.1011924,-0.0031783,-0.0487500),(-0.1018270,-0.0037299,-0.0487500),(-0.1017330,-0.0036365,-0.0487500),(-0.1011924,-0.0031783,-0.0487500),(-0.1018270,-0.0037299,-0.0487500),(-0.1011924,-0.0031783,-0.0487500),(-0.1011867,-0.0032960,-0.0487500),(-0.1018270,-0.0037299,-0.0487500),(-0.1011867,-0.0032960,-0.0487500),(-0.1011922,-0.0034091,-0.0487500),(-0.1019447,-0.0038077,-0.0487500),(-0.1018270,-0.0037299,-0.0487500),(-0.1011922,-0.0034091,-0.0487500),(-0.1019447,-0.0038077,-0.0487500),(-0.1011922,-0.0034091,-0.0487500),(-0.1012086,-0.0035167,-0.0487500),(-0.1020820,-0.0038633,-0.0487500),(-0.1019447,-0.0038077,-0.0487500),(-0.1012086,-0.0035167,-0.0487500),(-0.1020820,-0.0038633,-0.0487500),(-0.1012086,-0.0035167,-0.0487500),(-0.1012361,-0.0036188,-0.0487500),(-0.1020820,-0.0038633,-0.0487500),(-0.1012361,-0.0036188,-0.0487500),(-0.1012745,-0.0037154,-0.0487500),(-0.1021580,-0.0038827,-0.0487500),(-0.1020820,-0.0038633,-0.0487500),(-0.1012745,-0.0037154,-0.0487500),(-0.1021580,-0.0038827,-0.0487500),(-0.1012745,-0.0037154,-0.0487500),(-0.1013239,-0.0038064,-0.0487500),(-0.1022389,-0.0038966,-0.0487500),(-0.1021580,-0.0038827,-0.0487500),(-0.1013239,-0.0038064,-0.0487500),(-0.1022389,-0.0038966,-0.0487500),(-0.1013239,-0.0038064,-0.0487500),(-0.1013843,-0.0038919,-0.0487500),(-0.1023247,-0.0039049,-0.0487500),(-0.1022389,-0.0038966,-0.0487500),(-0.1013843,-0.0038919,-0.0487500),(-0.1033954,-0.0039646,-0.0487500),(-0.1023247,-0.0039049,-0.0487500),(-0.1013843,-0.0038919,-0.0487500),(-0.1033954,-0.0039646,-0.0487500),(-0.1013843,-0.0038919,-0.0487500),(-0.1014557,-0.0039719,-0.0487500),(-0.1033954,-0.0039646,-0.0487500),(-0.1014557,-0.0039719,-0.0487500),(-0.1015380,-0.0040464,-0.0487500),(-0.1033954,-0.0039646,-0.0487500),(-0.1015380,-0.0040464,-0.0487500),(-0.1016293,-0.0041141,-0.0487500),(-0.1033954,-0.0039646,-0.0487500),(-0.1016293,-0.0041141,-0.0487500),(-0.1017258,-0.0041728,-0.0487500),(-0.1033954,-0.0039646,-0.0487500),(-0.1017258,-0.0041728,-0.0487500),(-0.1018276,-0.0042224,-0.0487500),(-0.1033954,-0.0039646,-0.0487500),(-0.1018276,-0.0042224,-0.0487500),(-0.1019346,-0.0042630,-0.0487500),(-0.1033954,-0.0039646,-0.0487500),(-0.1019346,-0.0042630,-0.0487500),(-0.1020469,-0.0042946,-0.0487500),(-0.1033954,-0.0039646,-0.0487500),(-0.1020469,-0.0042946,-0.0487500),(-0.1021645,-0.0043172,-0.0487500),(-0.1033954,-0.0039646,-0.0487500),(-0.1021645,-0.0043172,-0.0487500),(-0.1022873,-0.0043308,-0.0487500),(-0.1033954,-0.0039646,-0.0487500),(-0.1022873,-0.0043308,-0.0487500),(-0.1024154,-0.0043353,-0.0487500),(-0.1033954,-0.0039646,-0.0487500),(-0.1024154,-0.0043353,-0.0487500),(-0.1025448,-0.0043308,-0.0487500),(-0.1033954,-0.0039646,-0.0487500),(-0.1025448,-0.0043308,-0.0487500),(-0.1026689,-0.0043173,-0.0487500),(-0.1033954,-0.0039646,-0.0487500),(-0.1026689,-0.0043173,-0.0487500),(-0.1027877,-0.0042949,-0.0487500),(-0.1033954,-0.0039646,-0.0487500),(-0.1027877,-0.0042949,-0.0487500),(-0.1029012,-0.0042636,-0.0487500),(-0.1033954,-0.0039646,-0.0487500),(-0.1029012,-0.0042636,-0.0487500),(-0.1030094,-0.0042232,-0.0487500),(-0.1033954,-0.0039646,-0.0487500),(-0.1030094,-0.0042232,-0.0487500),(-0.1031123,-0.0041739,-0.0487500),(-0.1033954,-0.0039646,-0.0487500),(-0.1031123,-0.0041739,-0.0487500),(-0.1032099,-0.0041157,-0.0487500),(-0.1033954,-0.0039646,-0.0487500),(-0.1032099,-0.0041157,-0.0487500),(-0.1033023,-0.0040485,-0.0487500),(-0.1012139,-0.0012037,-0.0487500),(-0.1011073,-0.0012767,-0.0487500),(-0.1010343,-0.0013833,-0.0487500),(-0.1012139,-0.0012037,-0.0487500),(-0.1010343,-0.0013833,-0.0487500),(-0.1010099,-0.0015085,-0.0487500),(-0.1012139,-0.0012037,-0.0487500),(-0.1010099,-0.0015085,-0.0487500),(-0.1010343,-0.0016334,-0.0487500),(-0.1012139,-0.0012037,-0.0487500),(-0.1010343,-0.0016334,-0.0487500),(-0.1011073,-0.0017392,-0.0487500),(-0.1012139,-0.0012037,-0.0487500),(-0.1011073,-0.0017392,-0.0487500),(-0.1012139,-0.0018122,-0.0487500),(-0.1012139,-0.0012037,-0.0487500),(-0.1012139,-0.0018122,-0.0487500),(-0.1013391,-0.0018366,-0.0487500),(-0.1012139,-0.0012037,-0.0487500),(-0.1013391,-0.0018366,-0.0487500),(-0.1014642,-0.0018122,-0.0487500),(-0.1012139,-0.0012037,-0.0487500),(-0.1014642,-0.0018122,-0.0487500),(-0.1015708,-0.0017392,-0.0487500),(-0.1012139,-0.0012037,-0.0487500),(-0.1015708,-0.0017392,-0.0487500),(-0.1016439,-0.0016334,-0.0487500),(-0.1012139,-0.0012037,-0.0487500),(-0.1016439,-0.0016334,-0.0487500),(-0.1016682,-0.0015085,-0.0487500),(-0.1012139,-0.0012037,-0.0487500),(-0.1016682,-0.0015085,-0.0487500),(-0.1016439,-0.0013833,-0.0487500),(-0.1012139,-0.0012037,-0.0487500),(-0.1016439,-0.0013833,-0.0487500),(-0.1015708,-0.0012767,-0.0487500),(-0.1012139,-0.0012037,-0.0487500),(-0.1015708,-0.0012767,-0.0487500),(-0.1014642,-0.0012037,-0.0487500),(-0.1012139,-0.0012037,-0.0487500),(-0.1014642,-0.0012037,-0.0487500),(-0.1013391,-0.0011793,-0.0487500)));
#1812=COMPLEX_TRIANGULATED_SURFACE_SET('surface set',#1811,852,(),(),(),((1,2,3),(4,5,6),(7,8,9),(10,11,12),(13,14,15),(16,17,18),(19,20,21),(22,23,24),(25,26,27),(28,29,30),(31,32,33),(34,35,36),(37,38,39),(40,41,42),(43,44,45),(46,47,48),(49,50,51),(52,53,54),(55,56,57),(58,59,60),(61,62,63),(64,65,66),(67,68,69),(70,71,72),(73,74,75),(76,77,78),(79,80,81),(82,83,84),(85,86,87),(88,89,90),(91,92,93),(94,95,96),(97,98,99),(100,101,102),(103,104,105),(106,107,108),(109,110,111),(112,113,114),(115,116,117),(118,119,120),(121,122,123),(124,125,126),(127,128,129),(130,131,132),(133,134,135),(136,137,138),(139,140,141),(142,143,144),(145,146,147),(148,149,150),(151,152,153),(154,155,156),(157,158,159),(160,161,162),(163,164,165),(166,167,168),(169,170,171),(172,173,174),(175,176,177),(178,179,180),(181,182,183),(184,185,186),(187,188,189),(190,191,192),(193,194,195),(196,197,198),(199,200,201),(202,203,204),(205,206,207),(208,209,210),(211,212,213),(214,215,216),(217,218,219),(220,221,222),(223,224,225),(226,227,228),(229,230,231),(232,233,234),(235,236,237),(238,239,240),(241,242,243),(244,245,246),(247,248,249),(250,251,252),(253,254,255),(256,257,258),(259,260,261),(262,263,264),(265,266,267),(268,269,270),(271,272,273),(274,275,276),(277,278,279),(280,281,282),(283,284,285),(286,287,288),(289,290,291),(292,293,294),(295,296,297),(298,299,300),(301,302,303),(304,305,306),(307,308,309),(310,311,312),(313,314,315),(316,317,318),(319,320,321),(322,323,324),(325,326,327),(328,329,330),(331,332,333),(334,335,336),(337,338,339),(340,341,342),(343,344,345),(346,347,348),(349,350,351),(352,353,354),(355,356,357),(358,359,360),(361,362,363),(364,365,366),(367,368,369),(370,371,372),(373,374,375),(376,377,378),(379,380,381),(382,383,384),(385,386,387),(388,389,390),(391,392,393),(394,395,396),(397,398,399),(400,401,402),(403,404,405),(406,407,408),(409,410,411),(412,413,414),(415,416,417),(418,419,420),(421,422,423),(424,425,426),(427,428,429),(430,431,432),(433,434,435),(436,437,438),(439,440,441),(442,443,444),(445,446,447),(448,449,450),(451,452,453),(454,455,456),(457,458,459),(460,461,462),(463,464,465),(466,467,468),(469,470,471),(472,473,474),(475,476,477),(478,479,480),(481,482,483),(484,485,486),(487,488,489),(490,491,492),(493,494,495),(496,497,498),(499,500,501),(502,503,504),(505,506,507),(508,509,510),(511,512,513),(514,515,516),(517,518,519),(520,521,522),(523,524,525),(526,527,528),(529,530,531),(532,533,534),(535,536,537),(538,539,540),(541,542,543),(544,545,546),(547,548,549),(550,551,552),(553,554,555),(556,557,558),(559,560,561),(562,563,564),(565,566,567),(568,569,570),(571,572,573),(574,575,576),(577,578,579),(580,581,582),(583,584,585),(586,587,588),(589,590,591),(592,593,594),(595,596,597),(598,599,600),(601,602,603),(604,605,606),(607,608,609),(610,611,612),(613,614,615),(616,617,618),(619,620,621),(622,623,624),(625,626,627),(628,629,630),(631,632,633),(634,635,636),(637,638,639),(640,641,642),(643,644,645),(646,647,648),(649,650,651),(652,653,654),(655,656,657),(658,659,660),(661,662,663),(664,665,666),(667,668,669),(670,671,672),(673,674,675),(676,677,678),(679,680,681),(682,683,684),(685,686,687),(688,689,690),(691,692,693),(694,695,696),(697,698,699),(700,701,702),(703,704,705),(706,707,708),(709,710,711),(712,713,714),(715,716,717),(718,719,720),(721,722,723),(724,725,726),(727,728,729),(730,731,732),(733,734,735),(736,737,738),(739,740,741),(742,743,744),(745,746,747),(748,749,750),(751,752,753),(754,755,756),(757,758,759),(760,761,762),(763,764,765),(766,767,768),(769,770,771),(772,773,774),(775,776,777),(778,779,780),(781,782,783),(784,785,786),(787,788,789),(790,791,792),(793,794,795),(796,797,798),(799,800,801),(802,803,804),(805,806,807),(808,809,810),(811,812,813),(814,815,816),(817,818,819),(820,821,822),(823,824,825),(826,827,828),(829,830,831),(832,833,834),(835,836,837),(838,839,840),(841,842,843),(844,845,846),(847,848,849),(850,851,852)));
#1813=TESSELLATED_GEOMETRIC_SET('linear dimension',(#1812));
#1814=COORDINATES_LIST('coordinates',8,((-0.0687500,0.,-0.0487500),(-0.1031250,0.,-0.0487500),(-0.0687500,-0.0030000,-0.0487500),(-0.1031250,-0.0030000,-0.0487500),(-0.1031250,0.0023353,-0.0487500),(-0.1031250,0.0023353,-0.0487500),(-0.1031250,-0.0053353,-0.0487500),(-0.1031250,-0.0053353,-0.0487500)));
#1815=TESSELLATED_CURVE_SET('curve set',#1814,((1,2),(3,4),(5,6),(7,8)));
#1816=TESSELLATED_GEOMETRIC_SET('linear dimension',(#1815));
#1817=TESSELLATED_ANNOTATION_OCCURRENCE('linear dimension',(#1810),#1813);
#1818=TESSELLATED_ANNOTATION_OCCURRENCE('linear dimension',(#1810),#1816);
#1819=DRAUGHTING_CALLOUT('linear dimension',(#1817,#1818));
#1820=DRAUGHTING_MODEL_ITEM_ASSOCIATION('','',#1776,#1806,#1819);
#1821=DRAUGHTING_MODEL_ITEM_ASSOCIATION('','',#1778,#1806,#1819);
#1822=DRAUGHTING_MODEL_ITEM_ASSOCIATION('','',#1780,#1806,#1819);
ENDSEC;
END-ISO-10303-21;
