ISO-10303-21;
HEADER;
/* Generated by software containing ST-Developer
 * from STEP Tools, Inc. (www.steptools.com) 
 */
/* OPTION: using custom renumber hook */

FILE_DESCRIPTION(
/* description */ ('STEP AP242 Edition 2',
'CAx-IF Rec.Pracs.---Representation and Presentation of Product Manufa
cturing Information (PMI)---4.0---2014-10-13',
'CAx-IF Rec.Pracs.---3D Tessellated Geometry---0.4---2014-09-14','2;1',
'CAx-IF Rec.Pracs.---User Defined Attributes---1.5---2016-08-15'),
/* implementation_level */ '2;1');

FILE_NAME(
/* name */ 'Bunk Bed - Part 1',
/* time_stamp */ '2026-08-29T04:42:23Z',
/* author */ (''),
/* organization */ (''),
/* preprocessor_version */ 'ST-DEVELOPER v20',
/* originating_system */ 'ONSHAPE BY PTC INC, 1.220',
/* authorisation */ '  ');

FILE_SCHEMA (('AP242_MANAGED_MODEL_BASED_3D_ENGINEERING_MIM_LF { 1 0 10303 442 3 1 4 }'));
ENDSEC;

DATA;
#10=SHAPE_REPRESENTATION_RELATIONSHIP('','',#4110,#11);
#11=ADVANCED_BREP_SHAPE_REPRESENTATION('',(#4108),#7688);
#12=CYLINDRICAL_SURFACE('',#4189,0.00492803379893303);
#13=CYLINDRICAL_SURFACE('',#4191,0.00388445574631934);
#14=CYLINDRICAL_SURFACE('',#4198,0.00288173170469186);
#15=CYLINDRICAL_SURFACE('',#4205,0.0036408592753974);
#16=CYLINDRICAL_SURFACE('',#4211,0.00147676693903659);
#17=CYLINDRICAL_SURFACE('',#4218,0.00400573548762616);
#18=CYLINDRICAL_SURFACE('',#4228,0.00492803379893303);
#19=CYLINDRICAL_SURFACE('',#4230,0.0038844557463193);
#20=CYLINDRICAL_SURFACE('',#4237,0.00288173170469189);
#21=CYLINDRICAL_SURFACE('',#4244,0.00364085927539731);
#22=CYLINDRICAL_SURFACE('',#4250,0.00147676693903662);
#23=CYLINDRICAL_SURFACE('',#4257,0.00400573548762603);
#24=CYLINDRICAL_SURFACE('',#4273,0.00492803379893303);
#25=CYLINDRICAL_SURFACE('',#4276,0.00147676693903662);
#26=CYLINDRICAL_SURFACE('',#4284,0.00364085927539708);
#27=CYLINDRICAL_SURFACE('',#4291,0.00388445574631934);
#28=CYLINDRICAL_SURFACE('',#4298,0.00288173170469182);
#29=CYLINDRICAL_SURFACE('',#4304,0.00400573548762592);
#30=CYLINDRICAL_SURFACE('',#4312,0.00364085927539722);
#31=CYLINDRICAL_SURFACE('',#4318,0.00147676693903662);
#32=CYLINDRICAL_SURFACE('',#4325,0.00400573548762587);
#33=CYLINDRICAL_SURFACE('',#4333,0.00388445574631929);
#34=CYLINDRICAL_SURFACE('',#4340,0.00288173170469185);
#35=CYLINDRICAL_SURFACE('',#4347,0.00492803379893303);
#36=B_SPLINE_SURFACE_WITH_KNOTS('',5,1,((#6061,#6062),(#6063,#6064),(#6065,
#6066),(#6067,#6068),(#6069,#6070),(#6071,#6072),(#6073,#6074),(#6075,#6076)),
 .SURF_OF_LINEAR_EXTRUSION.,.F.,.F.,.F.,(6,2,6),(2,2),(0.,0.5,1.),(0.,1.),
 .UNSPECIFIED.);
#37=B_SPLINE_SURFACE_WITH_KNOTS('',5,1,((#6129,#6130),(#6131,#6132),(#6133,
#6134),(#6135,#6136),(#6137,#6138),(#6139,#6140),(#6141,#6142),(#6143,#6144)),
 .SURF_OF_LINEAR_EXTRUSION.,.F.,.F.,.F.,(6,2,6),(2,2),(0.,0.5,1.),(0.,1.),
 .UNSPECIFIED.);
#38=B_SPLINE_SURFACE_WITH_KNOTS('',5,1,((#6171,#6172),(#6173,#6174),(#6175,
#6176),(#6177,#6178),(#6179,#6180),(#6181,#6182),(#6183,#6184),(#6185,#6186)),
 .SURF_OF_LINEAR_EXTRUSION.,.F.,.F.,.F.,(6,2,6),(2,2),(0.,0.5,1.),(0.,1.),
 .UNSPECIFIED.);
#39=B_SPLINE_SURFACE_WITH_KNOTS('',5,1,((#6213,#6214),(#6215,#6216),(#6217,
#6218),(#6219,#6220),(#6221,#6222),(#6223,#6224),(#6225,#6226),(#6227,#6228)),
 .SURF_OF_LINEAR_EXTRUSION.,.F.,.F.,.F.,(6,2,6),(2,2),(0.,0.5,1.),(0.,1.),
 .UNSPECIFIED.);
#40=B_SPLINE_SURFACE_WITH_KNOTS('',5,1,((#6250,#6251),(#6252,#6253),(#6254,
#6255),(#6256,#6257),(#6258,#6259),(#6260,#6261),(#6262,#6263),(#6264,#6265)),
 .SURF_OF_LINEAR_EXTRUSION.,.F.,.F.,.F.,(6,2,6),(2,2),(0.,0.5,1.),(0.,1.),
 .UNSPECIFIED.);
#41=B_SPLINE_SURFACE_WITH_KNOTS('',5,1,((#6318,#6319),(#6320,#6321),(#6322,
#6323),(#6324,#6325),(#6326,#6327),(#6328,#6329),(#6330,#6331),(#6332,#6333)),
 .SURF_OF_LINEAR_EXTRUSION.,.F.,.F.,.F.,(6,2,6),(2,2),(0.,0.5,1.),(0.,1.),
 .UNSPECIFIED.);
#42=B_SPLINE_SURFACE_WITH_KNOTS('',5,1,((#6360,#6361),(#6362,#6363),(#6364,
#6365),(#6366,#6367),(#6368,#6369),(#6370,#6371),(#6372,#6373),(#6374,#6375)),
 .SURF_OF_LINEAR_EXTRUSION.,.F.,.F.,.F.,(6,2,6),(2,2),(0.,0.5,1.),(0.,1.),
 .UNSPECIFIED.);
#43=B_SPLINE_SURFACE_WITH_KNOTS('',5,1,((#6402,#6403),(#6404,#6405),(#6406,
#6407),(#6408,#6409),(#6410,#6411),(#6412,#6413),(#6414,#6415),(#6416,#6417)),
 .SURF_OF_LINEAR_EXTRUSION.,.F.,.F.,.F.,(6,2,6),(2,2),(0.,0.5,1.),(0.,1.),
 .UNSPECIFIED.);
#44=B_SPLINE_SURFACE_WITH_KNOTS('',5,1,((#6418,#6419),(#6420,#6421),(#6422,
#6423),(#6424,#6425),(#6426,#6427),(#6428,#6429),(#6430,#6431),(#6432,#6433)),
 .SURF_OF_LINEAR_EXTRUSION.,.F.,.F.,.F.,(6,2,6),(2,2),(0.,0.5,1.),(0.,1.),
 .UNSPECIFIED.);
#45=B_SPLINE_SURFACE_WITH_KNOTS('',5,1,((#6452,#6453),(#6454,#6455),(#6456,
#6457),(#6458,#6459),(#6460,#6461),(#6462,#6463),(#6464,#6465),(#6466,#6467)),
 .SURF_OF_LINEAR_EXTRUSION.,.F.,.F.,.F.,(6,2,6),(2,2),(0.,0.5,1.),(0.,1.),
 .UNSPECIFIED.);
#46=B_SPLINE_SURFACE_WITH_KNOTS('',5,1,((#6477,#6478),(#6479,#6480),(#6481,
#6482),(#6483,#6484),(#6485,#6486),(#6487,#6488),(#6489,#6490),(#6491,#6492)),
 .SURF_OF_LINEAR_EXTRUSION.,.F.,.F.,.F.,(6,2,6),(2,2),(0.,0.5,1.),(0.,1.),
 .UNSPECIFIED.);
#47=B_SPLINE_SURFACE_WITH_KNOTS('',5,1,((#6502,#6503),(#6504,#6505),(#6506,
#6507),(#6508,#6509),(#6510,#6511),(#6512,#6513),(#6514,#6515),(#6516,#6517)),
 .SURF_OF_LINEAR_EXTRUSION.,.F.,.F.,.F.,(6,2,6),(2,2),(0.,0.5,1.),(0.,1.),
 .UNSPECIFIED.);
#48=B_SPLINE_SURFACE_WITH_KNOTS('',5,1,((#6518,#6519),(#6520,#6521),(#6522,
#6523),(#6524,#6525),(#6526,#6527),(#6528,#6529),(#6530,#6531),(#6532,#6533)),
 .SURF_OF_LINEAR_EXTRUSION.,.F.,.F.,.F.,(6,2,6),(2,2),(0.,0.5,1.),(0.,1.),
 .UNSPECIFIED.);
#49=B_SPLINE_SURFACE_WITH_KNOTS('',5,1,((#6552,#6553),(#6554,#6555),(#6556,
#6557),(#6558,#6559),(#6560,#6561),(#6562,#6563),(#6564,#6565),(#6566,#6567)),
 .SURF_OF_LINEAR_EXTRUSION.,.F.,.F.,.F.,(6,2,6),(2,2),(-2.08166955895095E-11,
0.5,1.),(0.,1.),.UNSPECIFIED.);
#50=B_SPLINE_SURFACE_WITH_KNOTS('',5,1,((#6577,#6578),(#6579,#6580),(#6581,
#6582),(#6583,#6584),(#6585,#6586),(#6587,#6588),(#6589,#6590),(#6591,#6592)),
 .SURF_OF_LINEAR_EXTRUSION.,.F.,.F.,.F.,(6,2,6),(2,2),(0.,0.5,1.),(0.,1.),
 .UNSPECIFIED.);
#51=B_SPLINE_SURFACE_WITH_KNOTS('',5,1,((#6602,#6603),(#6604,#6605),(#6606,
#6607),(#6608,#6609),(#6610,#6611),(#6612,#6613),(#6614,#6615),(#6616,#6617)),
 .SURF_OF_LINEAR_EXTRUSION.,.F.,.F.,.F.,(6,2,6),(2,2),(0.,0.5,1.),(0.,1.),
 .UNSPECIFIED.);
#52=B_SPLINE_SURFACE_WITH_KNOTS('',5,1,((#6618,#6619),(#6620,#6621),(#6622,
#6623),(#6624,#6625),(#6626,#6627),(#6628,#6629),(#6630,#6631),(#6632,#6633)),
 .SURF_OF_LINEAR_EXTRUSION.,.F.,.F.,.F.,(6,2,6),(2,2),(0.,0.5,1.),(0.,1.),
 .UNSPECIFIED.);
#53=B_SPLINE_SURFACE_WITH_KNOTS('',5,1,((#6652,#6653),(#6654,#6655),(#6656,
#6657),(#6658,#6659),(#6660,#6661),(#6662,#6663),(#6664,#6665),(#6666,#6667)),
 .SURF_OF_LINEAR_EXTRUSION.,.F.,.F.,.F.,(6,2,6),(2,2),(0.,0.5,1.),(0.,1.),
 .UNSPECIFIED.);
#54=B_SPLINE_SURFACE_WITH_KNOTS('',5,1,((#6677,#6678),(#6679,#6680),(#6681,
#6682),(#6683,#6684),(#6685,#6686),(#6687,#6688),(#6689,#6690),(#6691,#6692)),
 .SURF_OF_LINEAR_EXTRUSION.,.F.,.F.,.F.,(6,2,6),(2,2),(0.,0.5,1.),(0.,1.),
 .UNSPECIFIED.);
#55=B_SPLINE_SURFACE_WITH_KNOTS('',5,1,((#6702,#6703),(#6704,#6705),(#6706,
#6707),(#6708,#6709),(#6710,#6711),(#6712,#6713),(#6714,#6715),(#6716,#6717)),
 .SURF_OF_LINEAR_EXTRUSION.,.F.,.F.,.F.,(6,2,6),(2,2),(0.,0.5,1.),(0.,1.),
 .UNSPECIFIED.);
#56=B_SPLINE_SURFACE_WITH_KNOTS('',5,1,((#6718,#6719),(#6720,#6721),(#6722,
#6723),(#6724,#6725),(#6726,#6727),(#6728,#6729),(#6730,#6731),(#6732,#6733)),
 .SURF_OF_LINEAR_EXTRUSION.,.F.,.F.,.F.,(6,2,6),(2,2),(0.,0.5,1.),(0.,1.),
 .UNSPECIFIED.);
#57=B_SPLINE_SURFACE_WITH_KNOTS('',5,1,((#6752,#6753),(#6754,#6755),(#6756,
#6757),(#6758,#6759),(#6760,#6761),(#6762,#6763),(#6764,#6765),(#6766,#6767)),
 .SURF_OF_LINEAR_EXTRUSION.,.F.,.F.,.F.,(6,2,6),(2,2),(0.,0.5,1.),(0.,1.),
 .UNSPECIFIED.);
#58=B_SPLINE_SURFACE_WITH_KNOTS('',5,1,((#6777,#6778),(#6779,#6780),(#6781,
#6782),(#6783,#6784),(#6785,#6786),(#6787,#6788),(#6789,#6790),(#6791,#6792)),
 .SURF_OF_LINEAR_EXTRUSION.,.F.,.F.,.F.,(6,2,6),(2,2),(0.,0.5,1.),(0.,1.),
 .UNSPECIFIED.);
#59=B_SPLINE_SURFACE_WITH_KNOTS('',5,1,((#6802,#6803),(#6804,#6805),(#6806,
#6807),(#6808,#6809),(#6810,#6811),(#6812,#6813),(#6814,#6815),(#6816,#6817)),
 .SURF_OF_LINEAR_EXTRUSION.,.F.,.F.,.F.,(6,2,6),(2,2),(0.,0.5,1.),(0.,1.),
 .UNSPECIFIED.);
#60=B_SPLINE_SURFACE_WITH_KNOTS('',5,1,((#6818,#6819),(#6820,#6821),(#6822,
#6823),(#6824,#6825),(#6826,#6827),(#6828,#6829),(#6830,#6831),(#6832,#6833)),
 .SURF_OF_LINEAR_EXTRUSION.,.F.,.F.,.F.,(6,2,6),(2,2),(0.,0.5,1.),(0.,1.),
 .UNSPECIFIED.);
#61=B_SPLINE_SURFACE_WITH_KNOTS('',5,1,((#6852,#6853),(#6854,#6855),(#6856,
#6857),(#6858,#6859),(#6860,#6861),(#6862,#6863),(#6864,#6865),(#6866,#6867)),
 .SURF_OF_LINEAR_EXTRUSION.,.F.,.F.,.F.,(6,2,6),(2,2),(0.,0.5,1.),(0.,1.),
 .UNSPECIFIED.);
#62=B_SPLINE_SURFACE_WITH_KNOTS('',5,1,((#6877,#6878),(#6879,#6880),(#6881,
#6882),(#6883,#6884),(#6885,#6886),(#6887,#6888),(#6889,#6890),(#6891,#6892)),
 .SURF_OF_LINEAR_EXTRUSION.,.F.,.F.,.F.,(6,2,6),(2,2),(0.,0.5,1.),(0.,1.),
 .UNSPECIFIED.);
#63=B_SPLINE_SURFACE_WITH_KNOTS('',5,1,((#6902,#6903),(#6904,#6905),(#6906,
#6907),(#6908,#6909),(#6910,#6911),(#6912,#6913),(#6914,#6915),(#6916,#6917)),
 .SURF_OF_LINEAR_EXTRUSION.,.F.,.F.,.F.,(6,2,6),(2,2),(0.,0.5,1.),(0.,1.),
 .UNSPECIFIED.);
#64=B_SPLINE_SURFACE_WITH_KNOTS('',5,1,((#6918,#6919),(#6920,#6921),(#6922,
#6923),(#6924,#6925),(#6926,#6927),(#6928,#6929),(#6930,#6931),(#6932,#6933)),
 .SURF_OF_LINEAR_EXTRUSION.,.F.,.F.,.F.,(6,2,6),(2,2),(0.,0.5,1.),(0.,1.),
 .UNSPECIFIED.);
#65=B_SPLINE_SURFACE_WITH_KNOTS('',5,1,((#6952,#6953),(#6954,#6955),(#6956,
#6957),(#6958,#6959),(#6960,#6961),(#6962,#6963),(#6964,#6965),(#6966,#6967)),
 .SURF_OF_LINEAR_EXTRUSION.,.F.,.F.,.F.,(6,2,6),(2,2),(-2.08490770943945E-11,
0.5,1.),(0.,1.),.UNSPECIFIED.);
#66=B_SPLINE_SURFACE_WITH_KNOTS('',5,1,((#6977,#6978),(#6979,#6980),(#6981,
#6982),(#6983,#6984),(#6985,#6986),(#6987,#6988),(#6989,#6990),(#6991,#6992)),
 .SURF_OF_LINEAR_EXTRUSION.,.F.,.F.,.F.,(6,2,6),(2,2),(0.,0.5,1.),(0.,1.),
 .UNSPECIFIED.);
#67=B_SPLINE_SURFACE_WITH_KNOTS('',5,1,((#7002,#7003),(#7004,#7005),(#7006,
#7007),(#7008,#7009),(#7010,#7011),(#7012,#7013),(#7014,#7015),(#7016,#7017)),
 .SURF_OF_LINEAR_EXTRUSION.,.F.,.F.,.F.,(6,2,6),(2,2),(0.,0.5,1.),(0.,1.),
 .UNSPECIFIED.);
#68=B_SPLINE_SURFACE_WITH_KNOTS('',5,1,((#7018,#7019),(#7020,#7021),(#7022,
#7023),(#7024,#7025),(#7026,#7027),(#7028,#7029),(#7030,#7031),(#7032,#7033)),
 .SURF_OF_LINEAR_EXTRUSION.,.F.,.F.,.F.,(6,2,6),(2,2),(0.,0.5,1.),(0.,1.),
 .UNSPECIFIED.);
#69=B_SPLINE_SURFACE_WITH_KNOTS('',5,1,((#7052,#7053),(#7054,#7055),(#7056,
#7057),(#7058,#7059),(#7060,#7061),(#7062,#7063),(#7064,#7065),(#7066,#7067)),
 .SURF_OF_LINEAR_EXTRUSION.,.F.,.F.,.F.,(6,2,6),(2,2),(0.,0.5,1.),(0.,1.),
 .UNSPECIFIED.);
#70=B_SPLINE_SURFACE_WITH_KNOTS('',5,1,((#7077,#7078),(#7079,#7080),(#7081,
#7082),(#7083,#7084),(#7085,#7086),(#7087,#7088),(#7089,#7090),(#7091,#7092)),
 .SURF_OF_LINEAR_EXTRUSION.,.F.,.F.,.F.,(6,2,6),(2,2),(0.,0.5,1.),(0.,1.),
 .UNSPECIFIED.);
#71=B_SPLINE_SURFACE_WITH_KNOTS('',5,1,((#7102,#7103),(#7104,#7105),(#7106,
#7107),(#7108,#7109),(#7110,#7111),(#7112,#7113),(#7114,#7115),(#7116,#7117)),
 .SURF_OF_LINEAR_EXTRUSION.,.F.,.F.,.F.,(6,2,6),(2,2),(0.,0.5,1.),(0.,1.),
 .UNSPECIFIED.);
#72=B_SPLINE_SURFACE_WITH_KNOTS('',5,1,((#7118,#7119),(#7120,#7121),(#7122,
#7123),(#7124,#7125),(#7126,#7127),(#7128,#7129),(#7130,#7131),(#7132,#7133)),
 .SURF_OF_LINEAR_EXTRUSION.,.F.,.F.,.F.,(6,2,6),(2,2),(0.,0.5,1.),(0.,1.),
 .UNSPECIFIED.);
#73=B_SPLINE_SURFACE_WITH_KNOTS('',5,1,((#7152,#7153),(#7154,#7155),(#7156,
#7157),(#7158,#7159),(#7160,#7161),(#7162,#7163),(#7164,#7165),(#7166,#7167)),
 .SURF_OF_LINEAR_EXTRUSION.,.F.,.F.,.F.,(6,2,6),(2,2),(0.,0.5,1.),(0.,1.),
 .UNSPECIFIED.);
#74=B_SPLINE_SURFACE_WITH_KNOTS('',5,1,((#7177,#7178),(#7179,#7180),(#7181,
#7182),(#7183,#7184),(#7185,#7186),(#7187,#7188),(#7189,#7190),(#7191,#7192)),
 .SURF_OF_LINEAR_EXTRUSION.,.F.,.F.,.F.,(6,2,6),(2,2),(0.,0.5,1.),(0.,1.),
 .UNSPECIFIED.);
#75=B_SPLINE_SURFACE_WITH_KNOTS('',5,1,((#7202,#7203),(#7204,#7205),(#7206,
#7207),(#7208,#7209),(#7210,#7211),(#7212,#7213),(#7214,#7215),(#7216,#7217)),
 .SURF_OF_LINEAR_EXTRUSION.,.F.,.F.,.F.,(6,2,6),(2,2),(0.,0.5,1.),(0.,1.),
 .UNSPECIFIED.);
#76=OVER_RIDING_STYLED_ITEM('',(#4041),#3853,#4039);
#77=OVER_RIDING_STYLED_ITEM('',(#4042),#3854,#4039);
#78=OVER_RIDING_STYLED_ITEM('',(#4043),#3855,#4039);
#79=OVER_RIDING_STYLED_ITEM('',(#4044),#3856,#4039);
#80=OVER_RIDING_STYLED_ITEM('',(#4045),#3857,#4039);
#81=OVER_RIDING_STYLED_ITEM('',(#4046),#3858,#4039);
#82=OVER_RIDING_STYLED_ITEM('',(#4047),#3859,#4039);
#83=OVER_RIDING_STYLED_ITEM('',(#4048),#3860,#4039);
#84=OVER_RIDING_STYLED_ITEM('',(#4049),#3861,#4039);
#85=OVER_RIDING_STYLED_ITEM('',(#4050),#3862,#4039);
#86=B_SPLINE_CURVE_WITH_KNOTS('',3,(#5359,#5360,#5361,#5362),
 .UNSPECIFIED.,.F.,.F.,(4,4),(0.,1.),.UNSPECIFIED.);
#87=B_SPLINE_CURVE_WITH_KNOTS('',3,(#5366,#5367,#5368,#5369),
 .UNSPECIFIED.,.F.,.F.,(4,4),(0.,1.),.UNSPECIFIED.);
#88=B_SPLINE_CURVE_WITH_KNOTS('',3,(#5377,#5378,#5379,#5380),
 .UNSPECIFIED.,.F.,.F.,(4,4),(0.,1.),.UNSPECIFIED.);
#89=B_SPLINE_CURVE_WITH_KNOTS('',3,(#5384,#5385,#5386,#5387),
 .UNSPECIFIED.,.F.,.F.,(4,4),(0.,1.),.UNSPECIFIED.);
#90=B_SPLINE_CURVE_WITH_KNOTS('',3,(#5513,#5514,#5515,#5516),
 .UNSPECIFIED.,.F.,.F.,(4,4),(0.,1.),.UNSPECIFIED.);
#91=B_SPLINE_CURVE_WITH_KNOTS('',3,(#5524,#5525,#5526,#5527),
 .UNSPECIFIED.,.F.,.F.,(4,4),(0.,1.),.UNSPECIFIED.);
#92=B_SPLINE_CURVE_WITH_KNOTS('',3,(#5531,#5532,#5533,#5534),
 .UNSPECIFIED.,.F.,.F.,(4,4),(0.,1.),.UNSPECIFIED.);
#93=B_SPLINE_CURVE_WITH_KNOTS('',3,(#5542,#5543,#5544,#5545),
 .UNSPECIFIED.,.F.,.F.,(4,4),(0.,1.),.UNSPECIFIED.);
#94=B_SPLINE_CURVE_WITH_KNOTS('',3,(#5624,#5625,#5626,#5627),
 .UNSPECIFIED.,.F.,.F.,(4,4),(0.,1.),.UNSPECIFIED.);
#95=B_SPLINE_CURVE_WITH_KNOTS('',3,(#5635,#5636,#5637,#5638),
 .UNSPECIFIED.,.F.,.F.,(4,4),(0.,1.),.UNSPECIFIED.);
#96=B_SPLINE_CURVE_WITH_KNOTS('',3,(#5642,#5643,#5644,#5645),
 .UNSPECIFIED.,.F.,.F.,(4,4),(0.,1.),.UNSPECIFIED.);
#97=B_SPLINE_CURVE_WITH_KNOTS('',3,(#5651,#5652,#5653,#5654),
 .UNSPECIFIED.,.F.,.F.,(4,4),(0.,1.),.UNSPECIFIED.);
#98=B_SPLINE_CURVE_WITH_KNOTS('',3,(#5662,#5663,#5664,#5665),
 .UNSPECIFIED.,.F.,.F.,(4,4),(0.,1.),.UNSPECIFIED.);
#99=B_SPLINE_CURVE_WITH_KNOTS('',3,(#5669,#5670,#5671,#5672),
 .UNSPECIFIED.,.F.,.F.,(4,4),(0.,1.),.UNSPECIFIED.);
#100=B_SPLINE_CURVE_WITH_KNOTS('',3,(#5702,#5703,#5704,#5705),
 .UNSPECIFIED.,.F.,.F.,(4,4),(0.,1.),.UNSPECIFIED.);
#101=B_SPLINE_CURVE_WITH_KNOTS('',3,(#5707,#5708,#5709,#5710),
 .UNSPECIFIED.,.F.,.F.,(4,4),(0.,1.),.UNSPECIFIED.);
#102=B_SPLINE_CURVE_WITH_KNOTS('',3,(#5713,#5714,#5715,#5716),
 .UNSPECIFIED.,.F.,.F.,(4,4),(0.,1.),.UNSPECIFIED.);
#103=B_SPLINE_CURVE_WITH_KNOTS('',3,(#5718,#5719,#5720,#5721),
 .UNSPECIFIED.,.F.,.F.,(4,4),(0.,1.),.UNSPECIFIED.);
#104=B_SPLINE_CURVE_WITH_KNOTS('',3,(#5723,#5724,#5725,#5726),
 .UNSPECIFIED.,.F.,.F.,(4,4),(0.,1.),.UNSPECIFIED.);
#105=B_SPLINE_CURVE_WITH_KNOTS('',3,(#5728,#5729,#5730,#5731),
 .UNSPECIFIED.,.F.,.F.,(4,4),(0.,1.),.UNSPECIFIED.);
#106=B_SPLINE_CURVE_WITH_KNOTS('',3,(#5732,#5733,#5734,#5735),
 .UNSPECIFIED.,.F.,.F.,(4,4),(0.,1.),.UNSPECIFIED.);
#107=B_SPLINE_CURVE_WITH_KNOTS('',3,(#5737,#5738,#5739,#5740),
 .UNSPECIFIED.,.F.,.F.,(4,4),(0.,1.),.UNSPECIFIED.);
#108=B_SPLINE_CURVE_WITH_KNOTS('',3,(#5743,#5744,#5745,#5746),
 .UNSPECIFIED.,.F.,.F.,(4,4),(0.,1.),.UNSPECIFIED.);
#109=B_SPLINE_CURVE_WITH_KNOTS('',3,(#5748,#5749,#5750,#5751),
 .UNSPECIFIED.,.F.,.F.,(4,4),(0.,1.),.UNSPECIFIED.);
#110=B_SPLINE_CURVE_WITH_KNOTS('',3,(#5753,#5754,#5755,#5756),
 .UNSPECIFIED.,.F.,.F.,(4,4),(0.,1.),.UNSPECIFIED.);
#111=B_SPLINE_CURVE_WITH_KNOTS('',3,(#5758,#5759,#5760,#5761),
 .UNSPECIFIED.,.F.,.F.,(4,4),(0.,1.),.UNSPECIFIED.);
#112=B_SPLINE_CURVE_WITH_KNOTS('',3,(#5774,#5775,#5776,#5777),
 .UNSPECIFIED.,.F.,.F.,(4,4),(0.,1.),.UNSPECIFIED.);
#113=B_SPLINE_CURVE_WITH_KNOTS('',3,(#5779,#5780,#5781,#5782),
 .UNSPECIFIED.,.F.,.F.,(4,4),(0.,1.),.UNSPECIFIED.);
#114=B_SPLINE_CURVE_WITH_KNOTS('',3,(#5785,#5786,#5787,#5788),
 .UNSPECIFIED.,.F.,.F.,(4,4),(0.,1.),.UNSPECIFIED.);
#115=B_SPLINE_CURVE_WITH_KNOTS('',3,(#5790,#5791,#5792,#5793),
 .UNSPECIFIED.,.F.,.F.,(4,4),(0.,1.),.UNSPECIFIED.);
#116=B_SPLINE_CURVE_WITH_KNOTS('',3,(#5795,#5796,#5797,#5798),
 .UNSPECIFIED.,.F.,.F.,(4,4),(0.,1.),.UNSPECIFIED.);
#117=B_SPLINE_CURVE_WITH_KNOTS('',3,(#5800,#5801,#5802,#5803),
 .UNSPECIFIED.,.F.,.F.,(4,4),(0.,1.),.UNSPECIFIED.);
#118=B_SPLINE_CURVE_WITH_KNOTS('',3,(#5804,#5805,#5806,#5807),
 .UNSPECIFIED.,.F.,.F.,(4,4),(0.,1.),.UNSPECIFIED.);
#119=B_SPLINE_CURVE_WITH_KNOTS('',3,(#5809,#5810,#5811,#5812),
 .UNSPECIFIED.,.F.,.F.,(4,4),(0.,1.),.UNSPECIFIED.);
#120=B_SPLINE_CURVE_WITH_KNOTS('',3,(#5815,#5816,#5817,#5818),
 .UNSPECIFIED.,.F.,.F.,(4,4),(0.,1.),.UNSPECIFIED.);
#121=B_SPLINE_CURVE_WITH_KNOTS('',3,(#5820,#5821,#5822,#5823),
 .UNSPECIFIED.,.F.,.F.,(4,4),(0.,1.),.UNSPECIFIED.);
#122=B_SPLINE_CURVE_WITH_KNOTS('',3,(#5825,#5826,#5827,#5828),
 .UNSPECIFIED.,.F.,.F.,(4,4),(0.,1.),.UNSPECIFIED.);
#123=B_SPLINE_CURVE_WITH_KNOTS('',3,(#5830,#5831,#5832,#5833),
 .UNSPECIFIED.,.F.,.F.,(4,4),(0.,1.),.UNSPECIFIED.);
#124=B_SPLINE_CURVE_WITH_KNOTS('',3,(#5836,#5837,#5838,#5839),
 .UNSPECIFIED.,.F.,.F.,(4,4),(0.,1.),.UNSPECIFIED.);
#125=B_SPLINE_CURVE_WITH_KNOTS('',3,(#5845,#5846,#5847,#5848),
 .UNSPECIFIED.,.F.,.F.,(4,4),(0.,1.),.UNSPECIFIED.);
#126=B_SPLINE_CURVE_WITH_KNOTS('',3,(#5850,#5851,#5852,#5853),
 .UNSPECIFIED.,.F.,.F.,(4,4),(0.,1.),.UNSPECIFIED.);
#127=B_SPLINE_CURVE_WITH_KNOTS('',3,(#5859,#5860,#5861,#5862),
 .UNSPECIFIED.,.F.,.F.,(4,4),(0.,1.),.UNSPECIFIED.);
#128=B_SPLINE_CURVE_WITH_KNOTS('',3,(#5878,#5879,#5880,#5881),
 .UNSPECIFIED.,.F.,.F.,(4,4),(0.,1.),.UNSPECIFIED.);
#129=B_SPLINE_CURVE_WITH_KNOTS('',3,(#5885,#5886,#5887,#5888),
 .UNSPECIFIED.,.F.,.F.,(4,4),(0.,1.),.UNSPECIFIED.);
#130=B_SPLINE_CURVE_WITH_KNOTS('',3,(#5891,#5892,#5893,#5894),
 .UNSPECIFIED.,.F.,.F.,(4,4),(0.,1.),.UNSPECIFIED.);
#131=B_SPLINE_CURVE_WITH_KNOTS('',3,(#5896,#5897,#5898,#5899),
 .UNSPECIFIED.,.F.,.F.,(4,4),(0.,1.),.UNSPECIFIED.);
#132=B_SPLINE_CURVE_WITH_KNOTS('',3,(#5901,#5902,#5903,#5904),
 .UNSPECIFIED.,.F.,.F.,(4,4),(0.,1.),.UNSPECIFIED.);
#133=B_SPLINE_CURVE_WITH_KNOTS('',3,(#5909,#5910,#5911,#5912),
 .UNSPECIFIED.,.F.,.F.,(4,4),(0.,1.),.UNSPECIFIED.);
#134=B_SPLINE_CURVE_WITH_KNOTS('',3,(#5913,#5914,#5915,#5916),
 .UNSPECIFIED.,.F.,.F.,(4,4),(0.,1.),.UNSPECIFIED.);
#135=B_SPLINE_CURVE_WITH_KNOTS('',3,(#5918,#5919,#5920,#5921),
 .UNSPECIFIED.,.F.,.F.,(4,4),(0.,1.),.UNSPECIFIED.);
#136=B_SPLINE_CURVE_WITH_KNOTS('',3,(#5924,#5925,#5926,#5927),
 .UNSPECIFIED.,.F.,.F.,(4,4),(0.,1.),.UNSPECIFIED.);
#137=B_SPLINE_CURVE_WITH_KNOTS('',3,(#5929,#5930,#5931,#5932),
 .UNSPECIFIED.,.F.,.F.,(4,4),(0.,1.),.UNSPECIFIED.);
#138=B_SPLINE_CURVE_WITH_KNOTS('',3,(#5934,#5935,#5936,#5937),
 .UNSPECIFIED.,.F.,.F.,(4,4),(0.,1.),.UNSPECIFIED.);
#139=B_SPLINE_CURVE_WITH_KNOTS('',3,(#5941,#5942,#5943,#5944),
 .UNSPECIFIED.,.F.,.F.,(4,4),(0.,1.),.UNSPECIFIED.);
#140=B_SPLINE_CURVE_WITH_KNOTS('',3,(#5946,#5947,#5948,#5949),
 .UNSPECIFIED.,.F.,.F.,(4,4),(0.,1.),.UNSPECIFIED.);
#141=B_SPLINE_CURVE_WITH_KNOTS('',3,(#5953,#5954,#5955,#5956),
 .UNSPECIFIED.,.F.,.F.,(4,4),(0.,1.),.UNSPECIFIED.);
#142=B_SPLINE_CURVE_WITH_KNOTS('',3,(#5959,#5960,#5961,#5962),
 .UNSPECIFIED.,.F.,.F.,(4,4),(0.,1.),.UNSPECIFIED.);
#143=B_SPLINE_CURVE_WITH_KNOTS('',3,(#5964,#5965,#5966,#5967),
 .UNSPECIFIED.,.F.,.F.,(4,4),(0.,1.),.UNSPECIFIED.);
#144=B_SPLINE_CURVE_WITH_KNOTS('',3,(#5969,#5970,#5971,#5972),
 .UNSPECIFIED.,.F.,.F.,(4,4),(0.,1.),.UNSPECIFIED.);
#145=B_SPLINE_CURVE_WITH_KNOTS('',3,(#5974,#5975,#5976,#5977),
 .UNSPECIFIED.,.F.,.F.,(4,4),(0.,1.),.UNSPECIFIED.);
#146=B_SPLINE_CURVE_WITH_KNOTS('',3,(#5981,#5982,#5983,#5984),
 .UNSPECIFIED.,.F.,.F.,(4,4),(0.,1.),.UNSPECIFIED.);
#147=B_SPLINE_CURVE_WITH_KNOTS('',3,(#5986,#5987,#5988,#5989),
 .UNSPECIFIED.,.F.,.F.,(4,4),(0.,1.),.UNSPECIFIED.);
#148=B_SPLINE_CURVE_WITH_KNOTS('',3,(#5992,#5993,#5994,#5995),
 .UNSPECIFIED.,.F.,.F.,(4,4),(0.,1.),.UNSPECIFIED.);
#149=B_SPLINE_CURVE_WITH_KNOTS('',3,(#5997,#5998,#5999,#6000),
 .UNSPECIFIED.,.F.,.F.,(4,4),(0.,1.),.UNSPECIFIED.);
#150=B_SPLINE_CURVE_WITH_KNOTS('',3,(#6002,#6003,#6004,#6005),
 .UNSPECIFIED.,.F.,.F.,(4,4),(0.,1.),.UNSPECIFIED.);
#151=B_SPLINE_CURVE_WITH_KNOTS('',3,(#6009,#6010,#6011,#6012),
 .UNSPECIFIED.,.F.,.F.,(4,4),(0.,1.),.UNSPECIFIED.);
#152=B_SPLINE_CURVE_WITH_KNOTS('',3,(#6016,#6017,#6018,#6019),
 .UNSPECIFIED.,.F.,.F.,(4,4),(0.,1.),.UNSPECIFIED.);
#153=B_SPLINE_CURVE_WITH_KNOTS('',3,(#6020,#6021,#6022,#6023),
 .UNSPECIFIED.,.F.,.F.,(4,4),(0.,1.),.UNSPECIFIED.);
#154=B_SPLINE_CURVE_WITH_KNOTS('',3,(#6024,#6025,#6026,#6027),
 .UNSPECIFIED.,.F.,.F.,(4,4),(0.,1.),.UNSPECIFIED.);
#155=B_SPLINE_CURVE_WITH_KNOTS('',3,(#6028,#6029,#6030,#6031),
 .UNSPECIFIED.,.F.,.F.,(4,4),(0.,1.),.UNSPECIFIED.);
#156=B_SPLINE_CURVE_WITH_KNOTS('',3,(#6032,#6033,#6034,#6035),
 .UNSPECIFIED.,.F.,.F.,(4,4),(0.,1.),.UNSPECIFIED.);
#157=B_SPLINE_CURVE_WITH_KNOTS('',3,(#6036,#6037,#6038,#6039),
 .UNSPECIFIED.,.F.,.F.,(4,4),(0.,1.),.UNSPECIFIED.);
#158=B_SPLINE_CURVE_WITH_KNOTS('',3,(#6041,#6042,#6043,#6044),
 .UNSPECIFIED.,.F.,.F.,(4,4),(0.,1.),.UNSPECIFIED.);
#159=B_SPLINE_CURVE_WITH_KNOTS('',3,(#6047,#6048,#6049,#6050),
 .UNSPECIFIED.,.F.,.F.,(4,4),(0.,1.),.UNSPECIFIED.);
#160=B_SPLINE_CURVE_WITH_KNOTS('',3,(#6052,#6053,#6054,#6055),
 .UNSPECIFIED.,.F.,.F.,(4,4),(0.,1.),.UNSPECIFIED.);
#161=B_SPLINE_CURVE_WITH_KNOTS('',3,(#6057,#6058,#6059,#6060),
 .UNSPECIFIED.,.F.,.F.,(4,4),(0.,1.),.UNSPECIFIED.);
#162=B_SPLINE_CURVE_WITH_KNOTS('',3,(#6077,#6078,#6079,#6080,#6081,#6082,
#6083,#6084,#6085,#6086,#6087,#6088,#6089,#6090,#6091,#6092,#6093,#6094,
#6095,#6096,#6097,#6098,#6099,#6100,#6101,#6102),.UNSPECIFIED.,.F.,.F.,
(4,1,1,1,1,1,1,1,1,1,1,1,1,1,1,1,1,1,1,1,1,1,1,4),(0.,0.0625,0.09375,0.125,
0.15625,0.1875,0.25,0.3125,0.375,0.4375,0.46875,0.484375,0.5,0.515625,0.53125,
0.5625,0.625,0.6875,0.71875,0.75,0.78125,0.8125,0.875,1.),.UNSPECIFIED.);
#163=B_SPLINE_CURVE_WITH_KNOTS('',3,(#6103,#6104,#6105,#6106,#6107,#6108,
#6109,#6110,#6111,#6112,#6113,#6114,#6115,#6116,#6117,#6118,#6119,#6120,
#6121,#6122,#6123,#6124,#6125,#6126,#6127,#6128),.UNSPECIFIED.,.F.,.F.,
(4,1,1,1,1,1,1,1,1,1,1,1,1,1,1,1,1,1,1,1,1,1,1,4),(0.,0.125,0.1875,0.21875,
0.25,0.28125,0.3125,0.375,0.4375,0.46875,0.484375,0.5,0.515625,0.53125,
0.5625,0.625,0.6875,0.75,0.8125,0.84375,0.875,0.90625,0.9375,1.),
 .UNSPECIFIED.);
#164=B_SPLINE_CURVE_WITH_KNOTS('',3,(#6145,#6146,#6147,#6148,#6149,#6150,
#6151,#6152,#6153,#6154,#6155,#6156,#6157,#6158,#6159,#6160,#6161,#6162,
#6163,#6164,#6165,#6166,#6167,#6168,#6169,#6170),.UNSPECIFIED.,.F.,.F.,
(4,1,1,1,1,1,1,1,1,1,1,1,1,1,1,1,1,1,1,1,1,1,1,4),(0.,0.125,0.1875,0.21875,
0.25,0.28125,0.3125,0.375,0.4375,0.46875,0.484375,0.5,0.515625,0.53125,
0.5625,0.625,0.6875,0.75,0.8125,0.84375,0.875,0.90625,0.9375,1.),
 .UNSPECIFIED.);
#165=B_SPLINE_CURVE_WITH_KNOTS('',3,(#6187,#6188,#6189,#6190,#6191,#6192,
#6193,#6194,#6195,#6196,#6197,#6198,#6199,#6200,#6201,#6202,#6203,#6204,
#6205,#6206,#6207,#6208,#6209,#6210,#6211,#6212),.UNSPECIFIED.,.F.,.F.,
(4,1,1,1,1,1,1,1,1,1,1,1,1,1,1,1,1,1,1,1,1,1,1,4),(0.,0.0625,0.09375,0.125,
0.15625,0.1875,0.25,0.3125,0.375,0.4375,0.46875,0.484375,0.5,0.515625,0.53125,
0.5625,0.625,0.6875,0.71875,0.75,0.78125,0.8125,0.875,1.),.UNSPECIFIED.);
#166=B_SPLINE_CURVE_WITH_KNOTS('',3,(#6230,#6231,#6232,#6233),
 .UNSPECIFIED.,.F.,.F.,(4,4),(0.,1.),.UNSPECIFIED.);
#167=B_SPLINE_CURVE_WITH_KNOTS('',3,(#6236,#6237,#6238,#6239),
 .UNSPECIFIED.,.F.,.F.,(4,4),(0.,1.),.UNSPECIFIED.);
#168=B_SPLINE_CURVE_WITH_KNOTS('',3,(#6241,#6242,#6243,#6244),
 .UNSPECIFIED.,.F.,.F.,(4,4),(0.,1.),.UNSPECIFIED.);
#169=B_SPLINE_CURVE_WITH_KNOTS('',3,(#6246,#6247,#6248,#6249),
 .UNSPECIFIED.,.F.,.F.,(4,4),(0.,1.),.UNSPECIFIED.);
#170=B_SPLINE_CURVE_WITH_KNOTS('',3,(#6266,#6267,#6268,#6269,#6270,#6271,
#6272,#6273,#6274,#6275,#6276,#6277,#6278,#6279,#6280,#6281,#6282,#6283,
#6284,#6285,#6286,#6287,#6288,#6289,#6290,#6291),.UNSPECIFIED.,.F.,.F.,
(4,1,1,1,1,1,1,1,1,1,1,1,1,1,1,1,1,1,1,1,1,1,1,4),(0.,0.0625,0.09375,0.125,
0.15625,0.1875,0.25,0.3125,0.375,0.4375,0.46875,0.484375,0.5,0.515625,0.53125,
0.5625,0.625,0.6875,0.71875,0.75,0.78125,0.8125,0.875,1.),.UNSPECIFIED.);
#171=B_SPLINE_CURVE_WITH_KNOTS('',3,(#6292,#6293,#6294,#6295,#6296,#6297,
#6298,#6299,#6300,#6301,#6302,#6303,#6304,#6305,#6306,#6307,#6308,#6309,
#6310,#6311,#6312,#6313,#6314,#6315,#6316,#6317),.UNSPECIFIED.,.F.,.F.,
(4,1,1,1,1,1,1,1,1,1,1,1,1,1,1,1,1,1,1,1,1,1,1,4),(0.,0.125,0.1875,0.21875,
0.25,0.28125,0.3125,0.375,0.4375,0.46875,0.484375,0.5,0.515625,0.53125,
0.5625,0.625,0.6875,0.75,0.8125,0.84375,0.875,0.90625,0.9375,1.),
 .UNSPECIFIED.);
#172=B_SPLINE_CURVE_WITH_KNOTS('',3,(#6334,#6335,#6336,#6337,#6338,#6339,
#6340,#6341,#6342,#6343,#6344,#6345,#6346,#6347,#6348,#6349,#6350,#6351,
#6352,#6353,#6354,#6355,#6356,#6357,#6358,#6359),.UNSPECIFIED.,.F.,.F.,
(4,1,1,1,1,1,1,1,1,1,1,1,1,1,1,1,1,1,1,1,1,1,1,4),(0.,0.125,0.1875,0.21875,
0.25,0.28125,0.3125,0.375,0.4375,0.46875,0.484375,0.5,0.515625,0.53125,
0.5625,0.625,0.6875,0.75,0.8125,0.84375,0.875,0.90625,0.9375,1.),
 .UNSPECIFIED.);
#173=B_SPLINE_CURVE_WITH_KNOTS('',3,(#6376,#6377,#6378,#6379,#6380,#6381,
#6382,#6383,#6384,#6385,#6386,#6387,#6388,#6389,#6390,#6391,#6392,#6393,
#6394,#6395,#6396,#6397,#6398,#6399,#6400,#6401),.UNSPECIFIED.,.F.,.F.,
(4,1,1,1,1,1,1,1,1,1,1,1,1,1,1,1,1,1,1,1,1,1,1,4),(0.,0.0625,0.09375,0.125,
0.15625,0.1875,0.25,0.3125,0.375,0.4375,0.46875,0.484375,0.5,0.515625,0.53125,
0.5625,0.625,0.6875,0.71875,0.75,0.78125,0.8125,0.875,1.),.UNSPECIFIED.);
#174=B_SPLINE_CURVE_WITH_KNOTS('',3,(#6434,#6435,#6436,#6437,#6438,#6439,
#6440,#6441,#6442),.UNSPECIFIED.,.F.,.F.,(4,1,1,1,1,1,4),(0.,0.25,0.375,
0.5,0.625,0.75,1.),.UNSPECIFIED.);
#175=B_SPLINE_CURVE_WITH_KNOTS('',3,(#6443,#6444,#6445,#6446,#6447,#6448,
#6449,#6450,#6451),.UNSPECIFIED.,.F.,.F.,(4,1,1,1,1,1,4),(0.,0.25,0.375,
0.5,0.625,0.75,1.),.UNSPECIFIED.);
#176=B_SPLINE_CURVE_WITH_KNOTS('',3,(#6468,#6469,#6470,#6471,#6472,#6473,
#6474,#6475,#6476),.UNSPECIFIED.,.F.,.F.,(4,1,1,1,1,1,4),(0.,0.25,0.375,
0.5,0.625,0.75,1.),.UNSPECIFIED.);
#177=B_SPLINE_CURVE_WITH_KNOTS('',3,(#6493,#6494,#6495,#6496,#6497,#6498,
#6499,#6500,#6501),.UNSPECIFIED.,.F.,.F.,(4,1,1,1,1,1,4),(0.,0.25,0.375,
0.5,0.625,0.75,1.),.UNSPECIFIED.);
#178=B_SPLINE_CURVE_WITH_KNOTS('',3,(#6534,#6535,#6536,#6537,#6538,#6539,
#6540,#6541,#6542),.UNSPECIFIED.,.F.,.F.,(4,1,1,1,1,1,4),(0.,0.25,0.375,
0.5,0.625,0.75,1.),.UNSPECIFIED.);
#179=B_SPLINE_CURVE_WITH_KNOTS('',3,(#6543,#6544,#6545,#6546,#6547,#6548,
#6549,#6550,#6551),.UNSPECIFIED.,.F.,.F.,(4,1,1,1,1,1,4),(0.,0.25,0.375,
0.5,0.625,0.75,1.),.UNSPECIFIED.);
#180=B_SPLINE_CURVE_WITH_KNOTS('',3,(#6568,#6569,#6570,#6571,#6572,#6573,
#6574,#6575,#6576),.UNSPECIFIED.,.F.,.F.,(4,1,1,1,1,1,4),(0.,0.25,0.375,
0.5,0.625,0.75,1.),.UNSPECIFIED.);
#181=B_SPLINE_CURVE_WITH_KNOTS('',3,(#6593,#6594,#6595,#6596,#6597,#6598,
#6599,#6600,#6601),.UNSPECIFIED.,.F.,.F.,(4,1,1,1,1,1,4),(0.,0.25,0.375,
0.5,0.625,0.75,1.),.UNSPECIFIED.);
#182=B_SPLINE_CURVE_WITH_KNOTS('',3,(#6634,#6635,#6636,#6637,#6638,#6639,
#6640,#6641,#6642),.UNSPECIFIED.,.F.,.F.,(4,1,1,1,1,1,4),(0.,0.25,0.375,
0.5,0.625,0.75,1.),.UNSPECIFIED.);
#183=B_SPLINE_CURVE_WITH_KNOTS('',3,(#6643,#6644,#6645,#6646,#6647,#6648,
#6649,#6650,#6651),.UNSPECIFIED.,.F.,.F.,(4,1,1,1,1,1,4),(0.,0.25,0.375,
0.5,0.625,0.75,1.),.UNSPECIFIED.);
#184=B_SPLINE_CURVE_WITH_KNOTS('',3,(#6668,#6669,#6670,#6671,#6672,#6673,
#6674,#6675,#6676),.UNSPECIFIED.,.F.,.F.,(4,1,1,1,1,1,4),(0.,0.25,0.375,
0.5,0.625,0.75,1.),.UNSPECIFIED.);
#185=B_SPLINE_CURVE_WITH_KNOTS('',3,(#6693,#6694,#6695,#6696,#6697,#6698,
#6699,#6700,#6701),.UNSPECIFIED.,.F.,.F.,(4,1,1,1,1,1,4),(0.,0.25,0.375,
0.5,0.625,0.75,1.),.UNSPECIFIED.);
#186=B_SPLINE_CURVE_WITH_KNOTS('',3,(#6734,#6735,#6736,#6737,#6738,#6739,
#6740,#6741,#6742),.UNSPECIFIED.,.F.,.F.,(4,1,1,1,1,1,4),(0.,0.25,0.375,
0.5,0.625,0.75,1.),.UNSPECIFIED.);
#187=B_SPLINE_CURVE_WITH_KNOTS('',3,(#6743,#6744,#6745,#6746,#6747,#6748,
#6749,#6750,#6751),.UNSPECIFIED.,.F.,.F.,(4,1,1,1,1,1,4),(0.,0.25,0.375,
0.5,0.625,0.75,1.),.UNSPECIFIED.);
#188=B_SPLINE_CURVE_WITH_KNOTS('',3,(#6768,#6769,#6770,#6771,#6772,#6773,
#6774,#6775,#6776),.UNSPECIFIED.,.F.,.F.,(4,1,1,1,1,1,4),(0.,0.25,0.375,
0.5,0.625,0.75,1.),.UNSPECIFIED.);
#189=B_SPLINE_CURVE_WITH_KNOTS('',3,(#6793,#6794,#6795,#6796,#6797,#6798,
#6799,#6800,#6801),.UNSPECIFIED.,.F.,.F.,(4,1,1,1,1,1,4),(0.,0.25,0.375,
0.5,0.625,0.75,1.),.UNSPECIFIED.);
#190=B_SPLINE_CURVE_WITH_KNOTS('',3,(#6834,#6835,#6836,#6837,#6838,#6839,
#6840,#6841,#6842),.UNSPECIFIED.,.F.,.F.,(4,1,1,1,1,1,4),(0.,0.25,0.375,
0.5,0.625,0.75,1.),.UNSPECIFIED.);
#191=B_SPLINE_CURVE_WITH_KNOTS('',3,(#6843,#6844,#6845,#6846,#6847,#6848,
#6849,#6850,#6851),.UNSPECIFIED.,.F.,.F.,(4,1,1,1,1,1,4),(0.,0.25,0.375,
0.5,0.625,0.75,1.),.UNSPECIFIED.);
#192=B_SPLINE_CURVE_WITH_KNOTS('',3,(#6868,#6869,#6870,#6871,#6872,#6873,
#6874,#6875,#6876),.UNSPECIFIED.,.F.,.F.,(4,1,1,1,1,1,4),(0.,0.25,0.375,
0.5,0.625,0.75,1.),.UNSPECIFIED.);
#193=B_SPLINE_CURVE_WITH_KNOTS('',3,(#6893,#6894,#6895,#6896,#6897,#6898,
#6899,#6900,#6901),.UNSPECIFIED.,.F.,.F.,(4,1,1,1,1,1,4),(0.,0.25,0.375,
0.5,0.625,0.75,1.),.UNSPECIFIED.);
#194=B_SPLINE_CURVE_WITH_KNOTS('',3,(#6934,#6935,#6936,#6937,#6938,#6939,
#6940,#6941,#6942),.UNSPECIFIED.,.F.,.F.,(4,1,1,1,1,1,4),(0.,0.25,0.375,
0.5,0.625,0.75,1.),.UNSPECIFIED.);
#195=B_SPLINE_CURVE_WITH_KNOTS('',3,(#6943,#6944,#6945,#6946,#6947,#6948,
#6949,#6950,#6951),.UNSPECIFIED.,.F.,.F.,(4,1,1,1,1,1,4),(0.,0.25,0.375,
0.5,0.625,0.75,1.),.UNSPECIFIED.);
#196=B_SPLINE_CURVE_WITH_KNOTS('',3,(#6968,#6969,#6970,#6971,#6972,#6973,
#6974,#6975,#6976),.UNSPECIFIED.,.F.,.F.,(4,1,1,1,1,1,4),(0.,0.25,0.375,
0.5,0.625,0.75,1.),.UNSPECIFIED.);
#197=B_SPLINE_CURVE_WITH_KNOTS('',3,(#6993,#6994,#6995,#6996,#6997,#6998,
#6999,#7000,#7001),.UNSPECIFIED.,.F.,.F.,(4,1,1,1,1,1,4),(0.,0.25,0.375,
0.5,0.625,0.75,1.),.UNSPECIFIED.);
#198=B_SPLINE_CURVE_WITH_KNOTS('',3,(#7034,#7035,#7036,#7037,#7038,#7039,
#7040,#7041,#7042),.UNSPECIFIED.,.F.,.F.,(4,1,1,1,1,1,4),(0.,0.25,0.375,
0.5,0.625,0.75,1.),.UNSPECIFIED.);
#199=B_SPLINE_CURVE_WITH_KNOTS('',3,(#7043,#7044,#7045,#7046,#7047,#7048,
#7049,#7050,#7051),.UNSPECIFIED.,.F.,.F.,(4,1,1,1,1,1,4),(0.,0.25,0.375,
0.5,0.625,0.75,1.),.UNSPECIFIED.);
#200=B_SPLINE_CURVE_WITH_KNOTS('',3,(#7068,#7069,#7070,#7071,#7072,#7073,
#7074,#7075,#7076),.UNSPECIFIED.,.F.,.F.,(4,1,1,1,1,1,4),(0.,0.25,0.375,
0.5,0.625,0.75,1.),.UNSPECIFIED.);
#201=B_SPLINE_CURVE_WITH_KNOTS('',3,(#7093,#7094,#7095,#7096,#7097,#7098,
#7099,#7100,#7101),.UNSPECIFIED.,.F.,.F.,(4,1,1,1,1,1,4),(0.,0.25,0.375,
0.5,0.625,0.75,1.),.UNSPECIFIED.);
#202=B_SPLINE_CURVE_WITH_KNOTS('',3,(#7134,#7135,#7136,#7137,#7138,#7139,
#7140,#7141,#7142),.UNSPECIFIED.,.F.,.F.,(4,1,1,1,1,1,4),(0.,0.25,0.375,
0.5,0.625,0.75,1.),.UNSPECIFIED.);
#203=B_SPLINE_CURVE_WITH_KNOTS('',3,(#7143,#7144,#7145,#7146,#7147,#7148,
#7149,#7150,#7151),.UNSPECIFIED.,.F.,.F.,(4,1,1,1,1,1,4),(0.,0.25,0.375,
0.5,0.625,0.75,1.),.UNSPECIFIED.);
#204=B_SPLINE_CURVE_WITH_KNOTS('',3,(#7168,#7169,#7170,#7171,#7172,#7173,
#7174,#7175,#7176),.UNSPECIFIED.,.F.,.F.,(4,1,1,1,1,1,4),(0.,0.25,0.375,
0.5,0.625,0.75,1.),.UNSPECIFIED.);
#205=B_SPLINE_CURVE_WITH_KNOTS('',3,(#7193,#7194,#7195,#7196,#7197,#7198,
#7199,#7200,#7201),.UNSPECIFIED.,.F.,.F.,(4,1,1,1,1,1,4),(0.,0.25,0.375,
0.5,0.625,0.75,1.),.UNSPECIFIED.);
#206=CIRCLE('',#4113,0.00492803379893303);
#207=CIRCLE('',#4114,0.00364085927539722);
#208=CIRCLE('',#4115,0.00147676693903662);
#209=CIRCLE('',#4116,0.00400573548762587);
#210=CIRCLE('',#4117,0.00388445574631929);
#211=CIRCLE('',#4118,0.00288173170469185);
#212=CIRCLE('',#4120,0.00492803379893303);
#213=CIRCLE('',#4121,0.00147676693903662);
#214=CIRCLE('',#4122,0.00364085927539708);
#215=CIRCLE('',#4123,0.00388445574631934);
#216=CIRCLE('',#4124,0.00288173170469182);
#217=CIRCLE('',#4125,0.00400573548762592);
#218=CIRCLE('',#4130,0.00400573548762603);
#219=CIRCLE('',#4131,0.00147676693903662);
#220=CIRCLE('',#4132,0.00364085927539731);
#221=CIRCLE('',#4133,0.00288173170469189);
#222=CIRCLE('',#4134,0.0038844557463193);
#223=CIRCLE('',#4135,0.00492803379893303);
#224=CIRCLE('',#4137,0.00492803379893303);
#225=CIRCLE('',#4138,0.00492803379893303);
#226=CIRCLE('',#4141,0.00400573548762616);
#227=CIRCLE('',#4142,0.00147676693903659);
#228=CIRCLE('',#4143,0.0036408592753974);
#229=CIRCLE('',#4144,0.00288173170469186);
#230=CIRCLE('',#4145,0.00388445574631934);
#231=CIRCLE('',#4146,0.00492803379893303);
#232=CIRCLE('',#4192,0.00388445574631934);
#233=CIRCLE('',#4199,0.00288173170469186);
#234=CIRCLE('',#4206,0.0036408592753974);
#235=CIRCLE('',#4212,0.00147676693903659);
#236=CIRCLE('',#4219,0.00400573548762616);
#237=CIRCLE('',#4231,0.0038844557463193);
#238=CIRCLE('',#4238,0.00288173170469189);
#239=CIRCLE('',#4245,0.00364085927539731);
#240=CIRCLE('',#4251,0.00147676693903662);
#241=CIRCLE('',#4258,0.00400573548762603);
#242=CIRCLE('',#4274,0.00492803379893303);
#243=CIRCLE('',#4277,0.00147676693903662);
#244=CIRCLE('',#4285,0.00364085927539708);
#245=CIRCLE('',#4292,0.00388445574631934);
#246=CIRCLE('',#4299,0.00288173170469182);
#247=CIRCLE('',#4305,0.00400573548762592);
#248=CIRCLE('',#4313,0.00364085927539722);
#249=CIRCLE('',#4319,0.00147676693903662);
#250=CIRCLE('',#4326,0.00400573548762587);
#251=CIRCLE('',#4334,0.00388445574631929);
#252=CIRCLE('',#4341,0.00288173170469185);
#253=CIRCLE('',#4348,0.00492803379893303);
#254=ORIENTED_EDGE('',*,*,#1390,.F.);
#255=ORIENTED_EDGE('',*,*,#1391,.F.);
#256=ORIENTED_EDGE('',*,*,#1392,.F.);
#257=ORIENTED_EDGE('',*,*,#1393,.T.);
#258=ORIENTED_EDGE('',*,*,#1394,.T.);
#259=ORIENTED_EDGE('',*,*,#1395,.F.);
#260=ORIENTED_EDGE('',*,*,#1396,.T.);
#261=ORIENTED_EDGE('',*,*,#1397,.T.);
#262=ORIENTED_EDGE('',*,*,#1398,.T.);
#263=ORIENTED_EDGE('',*,*,#1399,.T.);
#264=ORIENTED_EDGE('',*,*,#1400,.T.);
#265=ORIENTED_EDGE('',*,*,#1401,.F.);
#266=ORIENTED_EDGE('',*,*,#1402,.T.);
#267=ORIENTED_EDGE('',*,*,#1403,.F.);
#268=ORIENTED_EDGE('',*,*,#1404,.F.);
#269=ORIENTED_EDGE('',*,*,#1405,.F.);
#270=ORIENTED_EDGE('',*,*,#1406,.F.);
#271=ORIENTED_EDGE('',*,*,#1407,.T.);
#272=ORIENTED_EDGE('',*,*,#1408,.F.);
#273=ORIENTED_EDGE('',*,*,#1409,.F.);
#274=ORIENTED_EDGE('',*,*,#1410,.F.);
#275=ORIENTED_EDGE('',*,*,#1411,.T.);
#276=ORIENTED_EDGE('',*,*,#1412,.T.);
#277=ORIENTED_EDGE('',*,*,#1413,.T.);
#278=ORIENTED_EDGE('',*,*,#1414,.T.);
#279=ORIENTED_EDGE('',*,*,#1415,.T.);
#280=ORIENTED_EDGE('',*,*,#1416,.T.);
#281=ORIENTED_EDGE('',*,*,#1417,.T.);
#282=ORIENTED_EDGE('',*,*,#1418,.T.);
#283=ORIENTED_EDGE('',*,*,#1419,.T.);
#284=ORIENTED_EDGE('',*,*,#1420,.T.);
#285=ORIENTED_EDGE('',*,*,#1421,.F.);
#286=ORIENTED_EDGE('',*,*,#1422,.F.);
#287=ORIENTED_EDGE('',*,*,#1423,.F.);
#288=ORIENTED_EDGE('',*,*,#1424,.T.);
#289=ORIENTED_EDGE('',*,*,#1425,.T.);
#290=ORIENTED_EDGE('',*,*,#1426,.F.);
#291=ORIENTED_EDGE('',*,*,#1427,.F.);
#292=ORIENTED_EDGE('',*,*,#1428,.T.);
#293=ORIENTED_EDGE('',*,*,#1429,.F.);
#294=ORIENTED_EDGE('',*,*,#1430,.F.);
#295=ORIENTED_EDGE('',*,*,#1431,.F.);
#296=ORIENTED_EDGE('',*,*,#1432,.T.);
#297=ORIENTED_EDGE('',*,*,#1433,.T.);
#298=ORIENTED_EDGE('',*,*,#1434,.T.);
#299=ORIENTED_EDGE('',*,*,#1435,.T.);
#300=ORIENTED_EDGE('',*,*,#1436,.T.);
#301=ORIENTED_EDGE('',*,*,#1437,.T.);
#302=ORIENTED_EDGE('',*,*,#1438,.T.);
#303=ORIENTED_EDGE('',*,*,#1439,.T.);
#304=ORIENTED_EDGE('',*,*,#1440,.T.);
#305=ORIENTED_EDGE('',*,*,#1441,.T.);
#306=ORIENTED_EDGE('',*,*,#1442,.T.);
#307=ORIENTED_EDGE('',*,*,#1443,.T.);
#308=ORIENTED_EDGE('',*,*,#1444,.T.);
#309=ORIENTED_EDGE('',*,*,#1445,.T.);
#310=ORIENTED_EDGE('',*,*,#1446,.T.);
#311=ORIENTED_EDGE('',*,*,#1447,.F.);
#312=ORIENTED_EDGE('',*,*,#1448,.T.);
#313=ORIENTED_EDGE('',*,*,#1449,.F.);
#314=ORIENTED_EDGE('',*,*,#1450,.F.);
#315=ORIENTED_EDGE('',*,*,#1451,.F.);
#316=ORIENTED_EDGE('',*,*,#1452,.T.);
#317=ORIENTED_EDGE('',*,*,#1453,.T.);
#318=ORIENTED_EDGE('',*,*,#1454,.F.);
#319=ORIENTED_EDGE('',*,*,#1455,.T.);
#320=ORIENTED_EDGE('',*,*,#1456,.T.);
#321=ORIENTED_EDGE('',*,*,#1457,.F.);
#322=ORIENTED_EDGE('',*,*,#1458,.F.);
#323=ORIENTED_EDGE('',*,*,#1459,.T.);
#324=ORIENTED_EDGE('',*,*,#1460,.T.);
#325=ORIENTED_EDGE('',*,*,#1461,.T.);
#326=ORIENTED_EDGE('',*,*,#1462,.F.);
#327=ORIENTED_EDGE('',*,*,#1463,.T.);
#328=ORIENTED_EDGE('',*,*,#1464,.T.);
#329=ORIENTED_EDGE('',*,*,#1465,.F.);
#330=ORIENTED_EDGE('',*,*,#1466,.F.);
#331=ORIENTED_EDGE('',*,*,#1467,.T.);
#332=ORIENTED_EDGE('',*,*,#1468,.F.);
#333=ORIENTED_EDGE('',*,*,#1469,.T.);
#334=ORIENTED_EDGE('',*,*,#1470,.T.);
#335=ORIENTED_EDGE('',*,*,#1471,.F.);
#336=ORIENTED_EDGE('',*,*,#1472,.F.);
#337=ORIENTED_EDGE('',*,*,#1473,.T.);
#338=ORIENTED_EDGE('',*,*,#1474,.T.);
#339=ORIENTED_EDGE('',*,*,#1475,.F.);
#340=ORIENTED_EDGE('',*,*,#1476,.F.);
#341=ORIENTED_EDGE('',*,*,#1477,.F.);
#342=ORIENTED_EDGE('',*,*,#1478,.T.);
#343=ORIENTED_EDGE('',*,*,#1479,.T.);
#344=ORIENTED_EDGE('',*,*,#1480,.F.);
#345=ORIENTED_EDGE('',*,*,#1481,.T.);
#346=ORIENTED_EDGE('',*,*,#1482,.F.);
#347=ORIENTED_EDGE('',*,*,#1483,.F.);
#348=ORIENTED_EDGE('',*,*,#1484,.T.);
#349=ORIENTED_EDGE('',*,*,#1485,.F.);
#350=ORIENTED_EDGE('',*,*,#1486,.F.);
#351=ORIENTED_EDGE('',*,*,#1487,.F.);
#352=ORIENTED_EDGE('',*,*,#1488,.F.);
#353=ORIENTED_EDGE('',*,*,#1489,.T.);
#354=ORIENTED_EDGE('',*,*,#1490,.F.);
#355=ORIENTED_EDGE('',*,*,#1491,.F.);
#356=ORIENTED_EDGE('',*,*,#1492,.F.);
#357=ORIENTED_EDGE('',*,*,#1493,.F.);
#358=ORIENTED_EDGE('',*,*,#1494,.T.);
#359=ORIENTED_EDGE('',*,*,#1495,.T.);
#360=ORIENTED_EDGE('',*,*,#1496,.T.);
#361=ORIENTED_EDGE('',*,*,#1497,.T.);
#362=ORIENTED_EDGE('',*,*,#1498,.T.);
#363=ORIENTED_EDGE('',*,*,#1499,.T.);
#364=ORIENTED_EDGE('',*,*,#1500,.T.);
#365=ORIENTED_EDGE('',*,*,#1501,.T.);
#366=ORIENTED_EDGE('',*,*,#1502,.T.);
#367=ORIENTED_EDGE('',*,*,#1503,.T.);
#368=ORIENTED_EDGE('',*,*,#1504,.T.);
#369=ORIENTED_EDGE('',*,*,#1505,.T.);
#370=ORIENTED_EDGE('',*,*,#1506,.T.);
#371=ORIENTED_EDGE('',*,*,#1507,.T.);
#372=ORIENTED_EDGE('',*,*,#1508,.T.);
#373=ORIENTED_EDGE('',*,*,#1509,.F.);
#374=ORIENTED_EDGE('',*,*,#1483,.T.);
#375=ORIENTED_EDGE('',*,*,#1510,.F.);
#376=ORIENTED_EDGE('',*,*,#1511,.F.);
#377=ORIENTED_EDGE('',*,*,#1512,.T.);
#378=ORIENTED_EDGE('',*,*,#1477,.T.);
#379=ORIENTED_EDGE('',*,*,#1481,.F.);
#380=ORIENTED_EDGE('',*,*,#1513,.T.);
#381=ORIENTED_EDGE('',*,*,#1479,.F.);
#382=ORIENTED_EDGE('',*,*,#1514,.F.);
#383=ORIENTED_EDGE('',*,*,#1515,.T.);
#384=ORIENTED_EDGE('',*,*,#1516,.T.);
#385=ORIENTED_EDGE('',*,*,#1517,.T.);
#386=ORIENTED_EDGE('',*,*,#1518,.T.);
#387=ORIENTED_EDGE('',*,*,#1519,.F.);
#388=ORIENTED_EDGE('',*,*,#1520,.T.);
#389=ORIENTED_EDGE('',*,*,#1521,.F.);
#390=ORIENTED_EDGE('',*,*,#1522,.F.);
#391=ORIENTED_EDGE('',*,*,#1523,.T.);
#392=ORIENTED_EDGE('',*,*,#1524,.T.);
#393=ORIENTED_EDGE('',*,*,#1525,.F.);
#394=ORIENTED_EDGE('',*,*,#1526,.F.);
#395=ORIENTED_EDGE('',*,*,#1527,.T.);
#396=ORIENTED_EDGE('',*,*,#1528,.T.);
#397=ORIENTED_EDGE('',*,*,#1529,.F.);
#398=ORIENTED_EDGE('',*,*,#1530,.T.);
#399=ORIENTED_EDGE('',*,*,#1531,.T.);
#400=ORIENTED_EDGE('',*,*,#1532,.T.);
#401=ORIENTED_EDGE('',*,*,#1533,.F.);
#402=ORIENTED_EDGE('',*,*,#1534,.T.);
#403=ORIENTED_EDGE('',*,*,#1535,.F.);
#404=ORIENTED_EDGE('',*,*,#1536,.F.);
#405=ORIENTED_EDGE('',*,*,#1537,.T.);
#406=ORIENTED_EDGE('',*,*,#1538,.T.);
#407=ORIENTED_EDGE('',*,*,#1539,.F.);
#408=ORIENTED_EDGE('',*,*,#1519,.T.);
#409=ORIENTED_EDGE('',*,*,#1540,.F.);
#410=ORIENTED_EDGE('',*,*,#1541,.F.);
#411=ORIENTED_EDGE('',*,*,#1542,.T.);
#412=ORIENTED_EDGE('',*,*,#1543,.F.);
#413=ORIENTED_EDGE('',*,*,#1544,.F.);
#414=ORIENTED_EDGE('',*,*,#1545,.F.);
#415=ORIENTED_EDGE('',*,*,#1546,.F.);
#416=ORIENTED_EDGE('',*,*,#1547,.T.);
#417=ORIENTED_EDGE('',*,*,#1548,.F.);
#418=ORIENTED_EDGE('',*,*,#1549,.F.);
#419=ORIENTED_EDGE('',*,*,#1550,.F.);
#420=ORIENTED_EDGE('',*,*,#1551,.F.);
#421=ORIENTED_EDGE('',*,*,#1552,.T.);
#422=ORIENTED_EDGE('',*,*,#1553,.T.);
#423=ORIENTED_EDGE('',*,*,#1554,.T.);
#424=ORIENTED_EDGE('',*,*,#1555,.T.);
#425=ORIENTED_EDGE('',*,*,#1556,.T.);
#426=ORIENTED_EDGE('',*,*,#1557,.T.);
#427=ORIENTED_EDGE('',*,*,#1558,.T.);
#428=ORIENTED_EDGE('',*,*,#1559,.T.);
#429=ORIENTED_EDGE('',*,*,#1560,.T.);
#430=ORIENTED_EDGE('',*,*,#1561,.T.);
#431=ORIENTED_EDGE('',*,*,#1562,.T.);
#432=ORIENTED_EDGE('',*,*,#1563,.T.);
#433=ORIENTED_EDGE('',*,*,#1564,.T.);
#434=ORIENTED_EDGE('',*,*,#1565,.T.);
#435=ORIENTED_EDGE('',*,*,#1566,.T.);
#436=ORIENTED_EDGE('',*,*,#1567,.F.);
#437=ORIENTED_EDGE('',*,*,#1541,.T.);
#438=ORIENTED_EDGE('',*,*,#1568,.F.);
#439=ORIENTED_EDGE('',*,*,#1569,.F.);
#440=ORIENTED_EDGE('',*,*,#1570,.T.);
#441=ORIENTED_EDGE('',*,*,#1571,.T.);
#442=ORIENTED_EDGE('',*,*,#1572,.T.);
#443=ORIENTED_EDGE('',*,*,#1573,.T.);
#444=ORIENTED_EDGE('',*,*,#1574,.F.);
#445=ORIENTED_EDGE('',*,*,#1575,.F.);
#446=ORIENTED_EDGE('',*,*,#1576,.T.);
#447=ORIENTED_EDGE('',*,*,#1577,.T.);
#448=ORIENTED_EDGE('',*,*,#1578,.F.);
#449=ORIENTED_EDGE('',*,*,#1579,.T.);
#450=ORIENTED_EDGE('',*,*,#1580,.T.);
#451=ORIENTED_EDGE('',*,*,#1581,.F.);
#452=ORIENTED_EDGE('',*,*,#1582,.T.);
#453=ORIENTED_EDGE('',*,*,#1583,.T.);
#454=ORIENTED_EDGE('',*,*,#1584,.T.);
#455=ORIENTED_EDGE('',*,*,#1585,.F.);
#456=ORIENTED_EDGE('',*,*,#1586,.T.);
#457=ORIENTED_EDGE('',*,*,#1587,.F.);
#458=ORIENTED_EDGE('',*,*,#1588,.T.);
#459=ORIENTED_EDGE('',*,*,#1589,.T.);
#460=ORIENTED_EDGE('',*,*,#1590,.T.);
#461=ORIENTED_EDGE('',*,*,#1591,.F.);
#462=ORIENTED_EDGE('',*,*,#1592,.F.);
#463=ORIENTED_EDGE('',*,*,#1593,.T.);
#464=ORIENTED_EDGE('',*,*,#1591,.T.);
#465=ORIENTED_EDGE('',*,*,#1594,.F.);
#466=ORIENTED_EDGE('',*,*,#1464,.F.);
#467=ORIENTED_EDGE('',*,*,#1595,.T.);
#468=ORIENTED_EDGE('',*,*,#1594,.T.);
#469=ORIENTED_EDGE('',*,*,#1590,.F.);
#470=ORIENTED_EDGE('',*,*,#1596,.F.);
#471=ORIENTED_EDGE('',*,*,#1597,.F.);
#472=ORIENTED_EDGE('',*,*,#1598,.T.);
#473=ORIENTED_EDGE('',*,*,#1538,.F.);
#474=ORIENTED_EDGE('',*,*,#1599,.T.);
#475=ORIENTED_EDGE('',*,*,#1600,.T.);
#476=ORIENTED_EDGE('',*,*,#1601,.F.);
#477=ORIENTED_EDGE('',*,*,#1465,.T.);
#478=ORIENTED_EDGE('',*,*,#1593,.F.);
#479=ORIENTED_EDGE('',*,*,#1602,.F.);
#480=ORIENTED_EDGE('',*,*,#1466,.T.);
#481=ORIENTED_EDGE('',*,*,#1601,.T.);
#482=ORIENTED_EDGE('',*,*,#1575,.T.);
#483=ORIENTED_EDGE('',*,*,#1603,.F.);
#484=ORIENTED_EDGE('',*,*,#1463,.F.);
#485=ORIENTED_EDGE('',*,*,#1604,.T.);
#486=ORIENTED_EDGE('',*,*,#1574,.T.);
#487=ORIENTED_EDGE('',*,*,#1605,.T.);
#488=ORIENTED_EDGE('',*,*,#1452,.F.);
#489=ORIENTED_EDGE('',*,*,#1603,.T.);
#490=ORIENTED_EDGE('',*,*,#1606,.T.);
#491=ORIENTED_EDGE('',*,*,#1607,.T.);
#492=ORIENTED_EDGE('',*,*,#1608,.T.);
#493=ORIENTED_EDGE('',*,*,#1609,.T.);
#494=ORIENTED_EDGE('',*,*,#1454,.T.);
#495=ORIENTED_EDGE('',*,*,#1610,.T.);
#496=ORIENTED_EDGE('',*,*,#1572,.F.);
#497=ORIENTED_EDGE('',*,*,#1611,.T.);
#498=ORIENTED_EDGE('',*,*,#1612,.T.);
#499=ORIENTED_EDGE('',*,*,#1613,.T.);
#500=ORIENTED_EDGE('',*,*,#1614,.T.);
#501=ORIENTED_EDGE('',*,*,#1615,.T.);
#502=ORIENTED_EDGE('',*,*,#1456,.F.);
#503=ORIENTED_EDGE('',*,*,#1616,.T.);
#504=ORIENTED_EDGE('',*,*,#1585,.T.);
#505=ORIENTED_EDGE('',*,*,#1617,.F.);
#506=ORIENTED_EDGE('',*,*,#1617,.T.);
#507=ORIENTED_EDGE('',*,*,#1584,.F.);
#508=ORIENTED_EDGE('',*,*,#1618,.F.);
#509=ORIENTED_EDGE('',*,*,#1619,.F.);
#510=ORIENTED_EDGE('',*,*,#1620,.T.);
#511=ORIENTED_EDGE('',*,*,#1532,.F.);
#512=ORIENTED_EDGE('',*,*,#1621,.T.);
#513=ORIENTED_EDGE('',*,*,#1622,.T.);
#514=ORIENTED_EDGE('',*,*,#1623,.F.);
#515=ORIENTED_EDGE('',*,*,#1457,.T.);
#516=ORIENTED_EDGE('',*,*,#1580,.F.);
#517=ORIENTED_EDGE('',*,*,#1624,.T.);
#518=ORIENTED_EDGE('',*,*,#1458,.T.);
#519=ORIENTED_EDGE('',*,*,#1623,.T.);
#520=ORIENTED_EDGE('',*,*,#1625,.T.);
#521=ORIENTED_EDGE('',*,*,#1626,.T.);
#522=ORIENTED_EDGE('',*,*,#1627,.T.);
#523=ORIENTED_EDGE('',*,*,#1628,.T.);
#524=ORIENTED_EDGE('',*,*,#1578,.T.);
#525=ORIENTED_EDGE('',*,*,#1629,.T.);
#526=ORIENTED_EDGE('',*,*,#1460,.F.);
#527=ORIENTED_EDGE('',*,*,#1630,.T.);
#528=ORIENTED_EDGE('',*,*,#1631,.T.);
#529=ORIENTED_EDGE('',*,*,#1632,.T.);
#530=ORIENTED_EDGE('',*,*,#1633,.T.);
#531=ORIENTED_EDGE('',*,*,#1634,.T.);
#532=ORIENTED_EDGE('',*,*,#1462,.T.);
#533=ORIENTED_EDGE('',*,*,#1635,.T.);
#534=ORIENTED_EDGE('',*,*,#1576,.F.);
#535=ORIENTED_EDGE('',*,*,#1604,.F.);
#536=ORIENTED_EDGE('',*,*,#1592,.T.);
#537=ORIENTED_EDGE('',*,*,#1595,.F.);
#538=ORIENTED_EDGE('',*,*,#1467,.F.);
#539=ORIENTED_EDGE('',*,*,#1602,.T.);
#540=ORIENTED_EDGE('',*,*,#1618,.T.);
#541=ORIENTED_EDGE('',*,*,#1583,.F.);
#542=ORIENTED_EDGE('',*,*,#1636,.T.);
#543=ORIENTED_EDGE('',*,*,#1637,.F.);
#544=ORIENTED_EDGE('',*,*,#1638,.T.);
#545=ORIENTED_EDGE('',*,*,#1639,.T.);
#546=ORIENTED_EDGE('',*,*,#1581,.T.);
#547=ORIENTED_EDGE('',*,*,#1622,.F.);
#548=ORIENTED_EDGE('',*,*,#1589,.F.);
#549=ORIENTED_EDGE('',*,*,#1640,.T.);
#550=ORIENTED_EDGE('',*,*,#1641,.F.);
#551=ORIENTED_EDGE('',*,*,#1596,.T.);
#552=ORIENTED_EDGE('',*,*,#1642,.T.);
#553=ORIENTED_EDGE('',*,*,#1643,.T.);
#554=ORIENTED_EDGE('',*,*,#1587,.T.);
#555=ORIENTED_EDGE('',*,*,#1600,.F.);
#556=ORIENTED_EDGE('',*,*,#1535,.T.);
#557=ORIENTED_EDGE('',*,*,#1598,.F.);
#558=ORIENTED_EDGE('',*,*,#1644,.F.);
#559=ORIENTED_EDGE('',*,*,#1645,.T.);
#560=ORIENTED_EDGE('',*,*,#1537,.F.);
#561=ORIENTED_EDGE('',*,*,#1646,.F.);
#562=ORIENTED_EDGE('',*,*,#1647,.T.);
#563=ORIENTED_EDGE('',*,*,#1599,.F.);
#564=ORIENTED_EDGE('',*,*,#1526,.T.);
#565=ORIENTED_EDGE('',*,*,#1648,.F.);
#566=ORIENTED_EDGE('',*,*,#1649,.F.);
#567=ORIENTED_EDGE('',*,*,#1650,.T.);
#568=ORIENTED_EDGE('',*,*,#1525,.T.);
#569=ORIENTED_EDGE('',*,*,#1651,.T.);
#570=ORIENTED_EDGE('',*,*,#1652,.F.);
#571=ORIENTED_EDGE('',*,*,#1648,.T.);
#572=ORIENTED_EDGE('',*,*,#1653,.T.);
#573=ORIENTED_EDGE('',*,*,#1654,.T.);
#574=ORIENTED_EDGE('',*,*,#1655,.T.);
#575=ORIENTED_EDGE('',*,*,#1656,.T.);
#576=ORIENTED_EDGE('',*,*,#1657,.T.);
#577=ORIENTED_EDGE('',*,*,#1658,.T.);
#578=ORIENTED_EDGE('',*,*,#1523,.F.);
#579=ORIENTED_EDGE('',*,*,#1659,.T.);
#580=ORIENTED_EDGE('',*,*,#1660,.T.);
#581=ORIENTED_EDGE('',*,*,#1661,.T.);
#582=ORIENTED_EDGE('',*,*,#1662,.T.);
#583=ORIENTED_EDGE('',*,*,#1663,.T.);
#584=ORIENTED_EDGE('',*,*,#1664,.F.);
#585=ORIENTED_EDGE('',*,*,#1665,.T.);
#586=ORIENTED_EDGE('',*,*,#1533,.T.);
#587=ORIENTED_EDGE('',*,*,#1620,.F.);
#588=ORIENTED_EDGE('',*,*,#1531,.F.);
#589=ORIENTED_EDGE('',*,*,#1666,.T.);
#590=ORIENTED_EDGE('',*,*,#1667,.T.);
#591=ORIENTED_EDGE('',*,*,#1621,.F.);
#592=ORIENTED_EDGE('',*,*,#1668,.T.);
#593=ORIENTED_EDGE('',*,*,#1669,.T.);
#594=ORIENTED_EDGE('',*,*,#1670,.T.);
#595=ORIENTED_EDGE('',*,*,#1671,.T.);
#596=ORIENTED_EDGE('',*,*,#1529,.T.);
#597=ORIENTED_EDGE('',*,*,#1672,.T.);
#598=ORIENTED_EDGE('',*,*,#1673,.F.);
#599=ORIENTED_EDGE('',*,*,#1674,.T.);
#600=ORIENTED_EDGE('',*,*,#1675,.T.);
#601=ORIENTED_EDGE('',*,*,#1676,.T.);
#602=ORIENTED_EDGE('',*,*,#1677,.T.);
#603=ORIENTED_EDGE('',*,*,#1678,.T.);
#604=ORIENTED_EDGE('',*,*,#1679,.T.);
#605=ORIENTED_EDGE('',*,*,#1680,.T.);
#606=ORIENTED_EDGE('',*,*,#1527,.F.);
#607=ORIENTED_EDGE('',*,*,#1650,.F.);
#608=ORIENTED_EDGE('',*,*,#1536,.T.);
#609=ORIENTED_EDGE('',*,*,#1645,.F.);
#610=ORIENTED_EDGE('',*,*,#1681,.F.);
#611=ORIENTED_EDGE('',*,*,#1646,.T.);
#612=ORIENTED_EDGE('',*,*,#1641,.T.);
#613=ORIENTED_EDGE('',*,*,#1682,.T.);
#614=ORIENTED_EDGE('',*,*,#1642,.F.);
#615=ORIENTED_EDGE('',*,*,#1647,.F.);
#616=ORIENTED_EDGE('',*,*,#1681,.T.);
#617=ORIENTED_EDGE('',*,*,#1644,.T.);
#618=ORIENTED_EDGE('',*,*,#1597,.T.);
#619=ORIENTED_EDGE('',*,*,#1652,.T.);
#620=ORIENTED_EDGE('',*,*,#1683,.T.);
#621=ORIENTED_EDGE('',*,*,#1657,.F.);
#622=ORIENTED_EDGE('',*,*,#1684,.T.);
#623=ORIENTED_EDGE('',*,*,#1664,.T.);
#624=ORIENTED_EDGE('',*,*,#1619,.T.);
#625=ORIENTED_EDGE('',*,*,#1637,.T.);
#626=ORIENTED_EDGE('',*,*,#1685,.T.);
#627=ORIENTED_EDGE('',*,*,#1638,.F.);
#628=ORIENTED_EDGE('',*,*,#1667,.F.);
#629=ORIENTED_EDGE('',*,*,#1686,.T.);
#630=ORIENTED_EDGE('',*,*,#1673,.T.);
#631=ORIENTED_EDGE('',*,*,#1687,.T.);
#632=ORIENTED_EDGE('',*,*,#1679,.F.);
#633=ORIENTED_EDGE('',*,*,#1649,.T.);
#634=ORIENTED_EDGE('',*,*,#1688,.T.);
#635=ORIENTED_EDGE('',*,*,#1689,.T.);
#636=ORIENTED_EDGE('',*,*,#1690,.T.);
#637=ORIENTED_EDGE('',*,*,#1691,.T.);
#638=ORIENTED_EDGE('',*,*,#1692,.F.);
#639=ORIENTED_EDGE('',*,*,#1691,.F.);
#640=ORIENTED_EDGE('',*,*,#1693,.F.);
#641=ORIENTED_EDGE('',*,*,#1636,.F.);
#642=ORIENTED_EDGE('',*,*,#1693,.T.);
#643=ORIENTED_EDGE('',*,*,#1690,.F.);
#644=ORIENTED_EDGE('',*,*,#1694,.F.);
#645=ORIENTED_EDGE('',*,*,#1685,.F.);
#646=ORIENTED_EDGE('',*,*,#1692,.T.);
#647=ORIENTED_EDGE('',*,*,#1582,.F.);
#648=ORIENTED_EDGE('',*,*,#1695,.F.);
#649=ORIENTED_EDGE('',*,*,#1688,.F.);
#650=ORIENTED_EDGE('',*,*,#1694,.T.);
#651=ORIENTED_EDGE('',*,*,#1689,.F.);
#652=ORIENTED_EDGE('',*,*,#1695,.T.);
#653=ORIENTED_EDGE('',*,*,#1639,.F.);
#654=ORIENTED_EDGE('',*,*,#1696,.T.);
#655=ORIENTED_EDGE('',*,*,#1697,.T.);
#656=ORIENTED_EDGE('',*,*,#1698,.T.);
#657=ORIENTED_EDGE('',*,*,#1699,.T.);
#658=ORIENTED_EDGE('',*,*,#1700,.F.);
#659=ORIENTED_EDGE('',*,*,#1699,.F.);
#660=ORIENTED_EDGE('',*,*,#1701,.F.);
#661=ORIENTED_EDGE('',*,*,#1640,.F.);
#662=ORIENTED_EDGE('',*,*,#1701,.T.);
#663=ORIENTED_EDGE('',*,*,#1698,.F.);
#664=ORIENTED_EDGE('',*,*,#1702,.F.);
#665=ORIENTED_EDGE('',*,*,#1682,.F.);
#666=ORIENTED_EDGE('',*,*,#1700,.T.);
#667=ORIENTED_EDGE('',*,*,#1588,.F.);
#668=ORIENTED_EDGE('',*,*,#1703,.F.);
#669=ORIENTED_EDGE('',*,*,#1696,.F.);
#670=ORIENTED_EDGE('',*,*,#1702,.T.);
#671=ORIENTED_EDGE('',*,*,#1697,.F.);
#672=ORIENTED_EDGE('',*,*,#1703,.T.);
#673=ORIENTED_EDGE('',*,*,#1643,.F.);
#674=ORIENTED_EDGE('',*,*,#1704,.F.);
#675=ORIENTED_EDGE('',*,*,#1656,.F.);
#676=ORIENTED_EDGE('',*,*,#1705,.F.);
#677=ORIENTED_EDGE('',*,*,#1524,.F.);
#678=ORIENTED_EDGE('',*,*,#1705,.T.);
#679=ORIENTED_EDGE('',*,*,#1655,.F.);
#680=ORIENTED_EDGE('',*,*,#1706,.F.);
#681=ORIENTED_EDGE('',*,*,#1651,.F.);
#682=ORIENTED_EDGE('',*,*,#1704,.T.);
#683=ORIENTED_EDGE('',*,*,#1658,.F.);
#684=ORIENTED_EDGE('',*,*,#1707,.F.);
#685=ORIENTED_EDGE('',*,*,#1653,.F.);
#686=ORIENTED_EDGE('',*,*,#1706,.T.);
#687=ORIENTED_EDGE('',*,*,#1654,.F.);
#688=ORIENTED_EDGE('',*,*,#1707,.T.);
#689=ORIENTED_EDGE('',*,*,#1683,.F.);
#690=ORIENTED_EDGE('',*,*,#1708,.F.);
#691=ORIENTED_EDGE('',*,*,#1534,.F.);
#692=ORIENTED_EDGE('',*,*,#1709,.F.);
#693=ORIENTED_EDGE('',*,*,#1663,.F.);
#694=ORIENTED_EDGE('',*,*,#1709,.T.);
#695=ORIENTED_EDGE('',*,*,#1665,.F.);
#696=ORIENTED_EDGE('',*,*,#1710,.F.);
#697=ORIENTED_EDGE('',*,*,#1660,.F.);
#698=ORIENTED_EDGE('',*,*,#1708,.T.);
#699=ORIENTED_EDGE('',*,*,#1662,.F.);
#700=ORIENTED_EDGE('',*,*,#1711,.F.);
#701=ORIENTED_EDGE('',*,*,#1659,.F.);
#702=ORIENTED_EDGE('',*,*,#1710,.T.);
#703=ORIENTED_EDGE('',*,*,#1684,.F.);
#704=ORIENTED_EDGE('',*,*,#1711,.T.);
#705=ORIENTED_EDGE('',*,*,#1661,.F.);
#706=ORIENTED_EDGE('',*,*,#1712,.F.);
#707=ORIENTED_EDGE('',*,*,#1678,.F.);
#708=ORIENTED_EDGE('',*,*,#1713,.F.);
#709=ORIENTED_EDGE('',*,*,#1528,.F.);
#710=ORIENTED_EDGE('',*,*,#1713,.T.);
#711=ORIENTED_EDGE('',*,*,#1677,.F.);
#712=ORIENTED_EDGE('',*,*,#1714,.F.);
#713=ORIENTED_EDGE('',*,*,#1672,.F.);
#714=ORIENTED_EDGE('',*,*,#1712,.T.);
#715=ORIENTED_EDGE('',*,*,#1680,.F.);
#716=ORIENTED_EDGE('',*,*,#1715,.F.);
#717=ORIENTED_EDGE('',*,*,#1675,.F.);
#718=ORIENTED_EDGE('',*,*,#1714,.T.);
#719=ORIENTED_EDGE('',*,*,#1676,.F.);
#720=ORIENTED_EDGE('',*,*,#1715,.T.);
#721=ORIENTED_EDGE('',*,*,#1687,.F.);
#722=ORIENTED_EDGE('',*,*,#1716,.F.);
#723=ORIENTED_EDGE('',*,*,#1530,.F.);
#724=ORIENTED_EDGE('',*,*,#1717,.F.);
#725=ORIENTED_EDGE('',*,*,#1671,.F.);
#726=ORIENTED_EDGE('',*,*,#1717,.T.);
#727=ORIENTED_EDGE('',*,*,#1674,.F.);
#728=ORIENTED_EDGE('',*,*,#1718,.F.);
#729=ORIENTED_EDGE('',*,*,#1668,.F.);
#730=ORIENTED_EDGE('',*,*,#1716,.T.);
#731=ORIENTED_EDGE('',*,*,#1670,.F.);
#732=ORIENTED_EDGE('',*,*,#1719,.F.);
#733=ORIENTED_EDGE('',*,*,#1666,.F.);
#734=ORIENTED_EDGE('',*,*,#1718,.T.);
#735=ORIENTED_EDGE('',*,*,#1686,.F.);
#736=ORIENTED_EDGE('',*,*,#1719,.T.);
#737=ORIENTED_EDGE('',*,*,#1669,.F.);
#738=ORIENTED_EDGE('',*,*,#1720,.F.);
#739=ORIENTED_EDGE('',*,*,#1609,.F.);
#740=ORIENTED_EDGE('',*,*,#1721,.F.);
#741=ORIENTED_EDGE('',*,*,#1573,.F.);
#742=ORIENTED_EDGE('',*,*,#1721,.T.);
#743=ORIENTED_EDGE('',*,*,#1608,.F.);
#744=ORIENTED_EDGE('',*,*,#1722,.F.);
#745=ORIENTED_EDGE('',*,*,#1605,.F.);
#746=ORIENTED_EDGE('',*,*,#1720,.T.);
#747=ORIENTED_EDGE('',*,*,#1610,.F.);
#748=ORIENTED_EDGE('',*,*,#1723,.F.);
#749=ORIENTED_EDGE('',*,*,#1606,.F.);
#750=ORIENTED_EDGE('',*,*,#1722,.T.);
#751=ORIENTED_EDGE('',*,*,#1607,.F.);
#752=ORIENTED_EDGE('',*,*,#1723,.T.);
#753=ORIENTED_EDGE('',*,*,#1453,.F.);
#754=ORIENTED_EDGE('',*,*,#1724,.F.);
#755=ORIENTED_EDGE('',*,*,#1586,.F.);
#756=ORIENTED_EDGE('',*,*,#1725,.F.);
#757=ORIENTED_EDGE('',*,*,#1615,.F.);
#758=ORIENTED_EDGE('',*,*,#1725,.T.);
#759=ORIENTED_EDGE('',*,*,#1616,.F.);
#760=ORIENTED_EDGE('',*,*,#1726,.F.);
#761=ORIENTED_EDGE('',*,*,#1612,.F.);
#762=ORIENTED_EDGE('',*,*,#1724,.T.);
#763=ORIENTED_EDGE('',*,*,#1614,.F.);
#764=ORIENTED_EDGE('',*,*,#1727,.F.);
#765=ORIENTED_EDGE('',*,*,#1611,.F.);
#766=ORIENTED_EDGE('',*,*,#1726,.T.);
#767=ORIENTED_EDGE('',*,*,#1455,.F.);
#768=ORIENTED_EDGE('',*,*,#1727,.T.);
#769=ORIENTED_EDGE('',*,*,#1613,.F.);
#770=ORIENTED_EDGE('',*,*,#1728,.F.);
#771=ORIENTED_EDGE('',*,*,#1634,.F.);
#772=ORIENTED_EDGE('',*,*,#1729,.F.);
#773=ORIENTED_EDGE('',*,*,#1577,.F.);
#774=ORIENTED_EDGE('',*,*,#1729,.T.);
#775=ORIENTED_EDGE('',*,*,#1633,.F.);
#776=ORIENTED_EDGE('',*,*,#1730,.F.);
#777=ORIENTED_EDGE('',*,*,#1629,.F.);
#778=ORIENTED_EDGE('',*,*,#1728,.T.);
#779=ORIENTED_EDGE('',*,*,#1635,.F.);
#780=ORIENTED_EDGE('',*,*,#1731,.F.);
#781=ORIENTED_EDGE('',*,*,#1631,.F.);
#782=ORIENTED_EDGE('',*,*,#1730,.T.);
#783=ORIENTED_EDGE('',*,*,#1632,.F.);
#784=ORIENTED_EDGE('',*,*,#1731,.T.);
#785=ORIENTED_EDGE('',*,*,#1461,.F.);
#786=ORIENTED_EDGE('',*,*,#1732,.F.);
#787=ORIENTED_EDGE('',*,*,#1579,.F.);
#788=ORIENTED_EDGE('',*,*,#1733,.F.);
#789=ORIENTED_EDGE('',*,*,#1628,.F.);
#790=ORIENTED_EDGE('',*,*,#1733,.T.);
#791=ORIENTED_EDGE('',*,*,#1630,.F.);
#792=ORIENTED_EDGE('',*,*,#1734,.F.);
#793=ORIENTED_EDGE('',*,*,#1625,.F.);
#794=ORIENTED_EDGE('',*,*,#1732,.T.);
#795=ORIENTED_EDGE('',*,*,#1627,.F.);
#796=ORIENTED_EDGE('',*,*,#1735,.F.);
#797=ORIENTED_EDGE('',*,*,#1624,.F.);
#798=ORIENTED_EDGE('',*,*,#1734,.T.);
#799=ORIENTED_EDGE('',*,*,#1459,.F.);
#800=ORIENTED_EDGE('',*,*,#1735,.T.);
#801=ORIENTED_EDGE('',*,*,#1626,.F.);
#802=ORIENTED_EDGE('',*,*,#1517,.F.);
#803=ORIENTED_EDGE('',*,*,#1736,.F.);
#804=ORIENTED_EDGE('',*,*,#1569,.T.);
#805=ORIENTED_EDGE('',*,*,#1737,.T.);
#806=ORIENTED_EDGE('',*,*,#1522,.T.);
#807=ORIENTED_EDGE('',*,*,#1738,.F.);
#808=ORIENTED_EDGE('',*,*,#1570,.F.);
#809=ORIENTED_EDGE('',*,*,#1736,.T.);
#810=ORIENTED_EDGE('',*,*,#1521,.T.);
#811=ORIENTED_EDGE('',*,*,#1739,.T.);
#812=ORIENTED_EDGE('',*,*,#1571,.F.);
#813=ORIENTED_EDGE('',*,*,#1738,.T.);
#814=ORIENTED_EDGE('',*,*,#1518,.F.);
#815=ORIENTED_EDGE('',*,*,#1737,.F.);
#816=ORIENTED_EDGE('',*,*,#1568,.T.);
#817=ORIENTED_EDGE('',*,*,#1540,.T.);
#818=ORIENTED_EDGE('',*,*,#1567,.T.);
#819=ORIENTED_EDGE('',*,*,#1739,.F.);
#820=ORIENTED_EDGE('',*,*,#1520,.F.);
#821=ORIENTED_EDGE('',*,*,#1539,.T.);
#822=ORIENTED_EDGE('',*,*,#1562,.F.);
#823=ORIENTED_EDGE('',*,*,#1740,.F.);
#824=ORIENTED_EDGE('',*,*,#1741,.T.);
#825=ORIENTED_EDGE('',*,*,#1742,.T.);
#826=ORIENTED_EDGE('',*,*,#1566,.F.);
#827=ORIENTED_EDGE('',*,*,#1743,.F.);
#828=ORIENTED_EDGE('',*,*,#1744,.T.);
#829=ORIENTED_EDGE('',*,*,#1740,.T.);
#830=ORIENTED_EDGE('',*,*,#1565,.F.);
#831=ORIENTED_EDGE('',*,*,#1745,.F.);
#832=ORIENTED_EDGE('',*,*,#1746,.T.);
#833=ORIENTED_EDGE('',*,*,#1743,.T.);
#834=ORIENTED_EDGE('',*,*,#1564,.F.);
#835=ORIENTED_EDGE('',*,*,#1747,.F.);
#836=ORIENTED_EDGE('',*,*,#1748,.T.);
#837=ORIENTED_EDGE('',*,*,#1745,.T.);
#838=ORIENTED_EDGE('',*,*,#1563,.F.);
#839=ORIENTED_EDGE('',*,*,#1742,.F.);
#840=ORIENTED_EDGE('',*,*,#1749,.T.);
#841=ORIENTED_EDGE('',*,*,#1747,.T.);
#842=ORIENTED_EDGE('',*,*,#1741,.F.);
#843=ORIENTED_EDGE('',*,*,#1744,.F.);
#844=ORIENTED_EDGE('',*,*,#1746,.F.);
#845=ORIENTED_EDGE('',*,*,#1748,.F.);
#846=ORIENTED_EDGE('',*,*,#1749,.F.);
#847=ORIENTED_EDGE('',*,*,#1557,.F.);
#848=ORIENTED_EDGE('',*,*,#1750,.F.);
#849=ORIENTED_EDGE('',*,*,#1751,.T.);
#850=ORIENTED_EDGE('',*,*,#1752,.T.);
#851=ORIENTED_EDGE('',*,*,#1561,.F.);
#852=ORIENTED_EDGE('',*,*,#1753,.F.);
#853=ORIENTED_EDGE('',*,*,#1754,.T.);
#854=ORIENTED_EDGE('',*,*,#1750,.T.);
#855=ORIENTED_EDGE('',*,*,#1560,.F.);
#856=ORIENTED_EDGE('',*,*,#1755,.F.);
#857=ORIENTED_EDGE('',*,*,#1756,.T.);
#858=ORIENTED_EDGE('',*,*,#1753,.T.);
#859=ORIENTED_EDGE('',*,*,#1559,.F.);
#860=ORIENTED_EDGE('',*,*,#1757,.F.);
#861=ORIENTED_EDGE('',*,*,#1758,.T.);
#862=ORIENTED_EDGE('',*,*,#1755,.T.);
#863=ORIENTED_EDGE('',*,*,#1558,.F.);
#864=ORIENTED_EDGE('',*,*,#1752,.F.);
#865=ORIENTED_EDGE('',*,*,#1759,.T.);
#866=ORIENTED_EDGE('',*,*,#1757,.T.);
#867=ORIENTED_EDGE('',*,*,#1751,.F.);
#868=ORIENTED_EDGE('',*,*,#1754,.F.);
#869=ORIENTED_EDGE('',*,*,#1756,.F.);
#870=ORIENTED_EDGE('',*,*,#1758,.F.);
#871=ORIENTED_EDGE('',*,*,#1759,.F.);
#872=ORIENTED_EDGE('',*,*,#1552,.F.);
#873=ORIENTED_EDGE('',*,*,#1760,.F.);
#874=ORIENTED_EDGE('',*,*,#1761,.T.);
#875=ORIENTED_EDGE('',*,*,#1762,.T.);
#876=ORIENTED_EDGE('',*,*,#1556,.F.);
#877=ORIENTED_EDGE('',*,*,#1763,.F.);
#878=ORIENTED_EDGE('',*,*,#1764,.T.);
#879=ORIENTED_EDGE('',*,*,#1760,.T.);
#880=ORIENTED_EDGE('',*,*,#1555,.F.);
#881=ORIENTED_EDGE('',*,*,#1765,.F.);
#882=ORIENTED_EDGE('',*,*,#1766,.T.);
#883=ORIENTED_EDGE('',*,*,#1763,.T.);
#884=ORIENTED_EDGE('',*,*,#1554,.F.);
#885=ORIENTED_EDGE('',*,*,#1767,.F.);
#886=ORIENTED_EDGE('',*,*,#1768,.T.);
#887=ORIENTED_EDGE('',*,*,#1765,.T.);
#888=ORIENTED_EDGE('',*,*,#1553,.F.);
#889=ORIENTED_EDGE('',*,*,#1762,.F.);
#890=ORIENTED_EDGE('',*,*,#1769,.T.);
#891=ORIENTED_EDGE('',*,*,#1767,.T.);
#892=ORIENTED_EDGE('',*,*,#1761,.F.);
#893=ORIENTED_EDGE('',*,*,#1764,.F.);
#894=ORIENTED_EDGE('',*,*,#1766,.F.);
#895=ORIENTED_EDGE('',*,*,#1768,.F.);
#896=ORIENTED_EDGE('',*,*,#1769,.F.);
#897=ORIENTED_EDGE('',*,*,#1547,.F.);
#898=ORIENTED_EDGE('',*,*,#1770,.F.);
#899=ORIENTED_EDGE('',*,*,#1771,.T.);
#900=ORIENTED_EDGE('',*,*,#1772,.T.);
#901=ORIENTED_EDGE('',*,*,#1551,.T.);
#902=ORIENTED_EDGE('',*,*,#1773,.F.);
#903=ORIENTED_EDGE('',*,*,#1774,.F.);
#904=ORIENTED_EDGE('',*,*,#1770,.T.);
#905=ORIENTED_EDGE('',*,*,#1550,.T.);
#906=ORIENTED_EDGE('',*,*,#1775,.F.);
#907=ORIENTED_EDGE('',*,*,#1776,.F.);
#908=ORIENTED_EDGE('',*,*,#1773,.T.);
#909=ORIENTED_EDGE('',*,*,#1549,.T.);
#910=ORIENTED_EDGE('',*,*,#1777,.F.);
#911=ORIENTED_EDGE('',*,*,#1778,.F.);
#912=ORIENTED_EDGE('',*,*,#1775,.T.);
#913=ORIENTED_EDGE('',*,*,#1548,.T.);
#914=ORIENTED_EDGE('',*,*,#1772,.F.);
#915=ORIENTED_EDGE('',*,*,#1779,.F.);
#916=ORIENTED_EDGE('',*,*,#1777,.T.);
#917=ORIENTED_EDGE('',*,*,#1771,.F.);
#918=ORIENTED_EDGE('',*,*,#1774,.T.);
#919=ORIENTED_EDGE('',*,*,#1776,.T.);
#920=ORIENTED_EDGE('',*,*,#1778,.T.);
#921=ORIENTED_EDGE('',*,*,#1779,.T.);
#922=ORIENTED_EDGE('',*,*,#1542,.F.);
#923=ORIENTED_EDGE('',*,*,#1780,.F.);
#924=ORIENTED_EDGE('',*,*,#1781,.T.);
#925=ORIENTED_EDGE('',*,*,#1782,.T.);
#926=ORIENTED_EDGE('',*,*,#1546,.T.);
#927=ORIENTED_EDGE('',*,*,#1783,.F.);
#928=ORIENTED_EDGE('',*,*,#1784,.F.);
#929=ORIENTED_EDGE('',*,*,#1780,.T.);
#930=ORIENTED_EDGE('',*,*,#1545,.T.);
#931=ORIENTED_EDGE('',*,*,#1785,.F.);
#932=ORIENTED_EDGE('',*,*,#1786,.F.);
#933=ORIENTED_EDGE('',*,*,#1783,.T.);
#934=ORIENTED_EDGE('',*,*,#1544,.T.);
#935=ORIENTED_EDGE('',*,*,#1787,.F.);
#936=ORIENTED_EDGE('',*,*,#1788,.F.);
#937=ORIENTED_EDGE('',*,*,#1785,.T.);
#938=ORIENTED_EDGE('',*,*,#1543,.T.);
#939=ORIENTED_EDGE('',*,*,#1782,.F.);
#940=ORIENTED_EDGE('',*,*,#1789,.F.);
#941=ORIENTED_EDGE('',*,*,#1787,.T.);
#942=ORIENTED_EDGE('',*,*,#1781,.F.);
#943=ORIENTED_EDGE('',*,*,#1784,.T.);
#944=ORIENTED_EDGE('',*,*,#1786,.T.);
#945=ORIENTED_EDGE('',*,*,#1788,.T.);
#946=ORIENTED_EDGE('',*,*,#1789,.T.);
#947=ORIENTED_EDGE('',*,*,#1515,.F.);
#948=ORIENTED_EDGE('',*,*,#1790,.F.);
#949=ORIENTED_EDGE('',*,*,#1511,.T.);
#950=ORIENTED_EDGE('',*,*,#1791,.T.);
#951=ORIENTED_EDGE('',*,*,#1514,.T.);
#952=ORIENTED_EDGE('',*,*,#1478,.F.);
#953=ORIENTED_EDGE('',*,*,#1512,.F.);
#954=ORIENTED_EDGE('',*,*,#1790,.T.);
#955=ORIENTED_EDGE('',*,*,#1516,.F.);
#956=ORIENTED_EDGE('',*,*,#1791,.F.);
#957=ORIENTED_EDGE('',*,*,#1510,.T.);
#958=ORIENTED_EDGE('',*,*,#1482,.T.);
#959=ORIENTED_EDGE('',*,*,#1509,.T.);
#960=ORIENTED_EDGE('',*,*,#1476,.T.);
#961=ORIENTED_EDGE('',*,*,#1513,.F.);
#962=ORIENTED_EDGE('',*,*,#1480,.T.);
#963=ORIENTED_EDGE('',*,*,#1504,.F.);
#964=ORIENTED_EDGE('',*,*,#1792,.F.);
#965=ORIENTED_EDGE('',*,*,#1793,.T.);
#966=ORIENTED_EDGE('',*,*,#1794,.T.);
#967=ORIENTED_EDGE('',*,*,#1508,.F.);
#968=ORIENTED_EDGE('',*,*,#1795,.F.);
#969=ORIENTED_EDGE('',*,*,#1796,.T.);
#970=ORIENTED_EDGE('',*,*,#1792,.T.);
#971=ORIENTED_EDGE('',*,*,#1507,.F.);
#972=ORIENTED_EDGE('',*,*,#1797,.F.);
#973=ORIENTED_EDGE('',*,*,#1798,.T.);
#974=ORIENTED_EDGE('',*,*,#1795,.T.);
#975=ORIENTED_EDGE('',*,*,#1506,.F.);
#976=ORIENTED_EDGE('',*,*,#1799,.F.);
#977=ORIENTED_EDGE('',*,*,#1800,.T.);
#978=ORIENTED_EDGE('',*,*,#1797,.T.);
#979=ORIENTED_EDGE('',*,*,#1505,.F.);
#980=ORIENTED_EDGE('',*,*,#1794,.F.);
#981=ORIENTED_EDGE('',*,*,#1801,.T.);
#982=ORIENTED_EDGE('',*,*,#1799,.T.);
#983=ORIENTED_EDGE('',*,*,#1793,.F.);
#984=ORIENTED_EDGE('',*,*,#1796,.F.);
#985=ORIENTED_EDGE('',*,*,#1798,.F.);
#986=ORIENTED_EDGE('',*,*,#1800,.F.);
#987=ORIENTED_EDGE('',*,*,#1801,.F.);
#988=ORIENTED_EDGE('',*,*,#1499,.F.);
#989=ORIENTED_EDGE('',*,*,#1802,.F.);
#990=ORIENTED_EDGE('',*,*,#1803,.T.);
#991=ORIENTED_EDGE('',*,*,#1804,.T.);
#992=ORIENTED_EDGE('',*,*,#1503,.F.);
#993=ORIENTED_EDGE('',*,*,#1805,.F.);
#994=ORIENTED_EDGE('',*,*,#1806,.T.);
#995=ORIENTED_EDGE('',*,*,#1802,.T.);
#996=ORIENTED_EDGE('',*,*,#1502,.F.);
#997=ORIENTED_EDGE('',*,*,#1807,.F.);
#998=ORIENTED_EDGE('',*,*,#1808,.T.);
#999=ORIENTED_EDGE('',*,*,#1805,.T.);
#1000=ORIENTED_EDGE('',*,*,#1501,.F.);
#1001=ORIENTED_EDGE('',*,*,#1809,.F.);
#1002=ORIENTED_EDGE('',*,*,#1810,.T.);
#1003=ORIENTED_EDGE('',*,*,#1807,.T.);
#1004=ORIENTED_EDGE('',*,*,#1500,.F.);
#1005=ORIENTED_EDGE('',*,*,#1804,.F.);
#1006=ORIENTED_EDGE('',*,*,#1811,.T.);
#1007=ORIENTED_EDGE('',*,*,#1809,.T.);
#1008=ORIENTED_EDGE('',*,*,#1803,.F.);
#1009=ORIENTED_EDGE('',*,*,#1806,.F.);
#1010=ORIENTED_EDGE('',*,*,#1808,.F.);
#1011=ORIENTED_EDGE('',*,*,#1810,.F.);
#1012=ORIENTED_EDGE('',*,*,#1811,.F.);
#1013=ORIENTED_EDGE('',*,*,#1494,.F.);
#1014=ORIENTED_EDGE('',*,*,#1812,.F.);
#1015=ORIENTED_EDGE('',*,*,#1813,.T.);
#1016=ORIENTED_EDGE('',*,*,#1814,.T.);
#1017=ORIENTED_EDGE('',*,*,#1498,.F.);
#1018=ORIENTED_EDGE('',*,*,#1815,.F.);
#1019=ORIENTED_EDGE('',*,*,#1816,.T.);
#1020=ORIENTED_EDGE('',*,*,#1812,.T.);
#1021=ORIENTED_EDGE('',*,*,#1497,.F.);
#1022=ORIENTED_EDGE('',*,*,#1817,.F.);
#1023=ORIENTED_EDGE('',*,*,#1818,.T.);
#1024=ORIENTED_EDGE('',*,*,#1815,.T.);
#1025=ORIENTED_EDGE('',*,*,#1496,.F.);
#1026=ORIENTED_EDGE('',*,*,#1819,.F.);
#1027=ORIENTED_EDGE('',*,*,#1820,.T.);
#1028=ORIENTED_EDGE('',*,*,#1817,.T.);
#1029=ORIENTED_EDGE('',*,*,#1495,.F.);
#1030=ORIENTED_EDGE('',*,*,#1814,.F.);
#1031=ORIENTED_EDGE('',*,*,#1821,.T.);
#1032=ORIENTED_EDGE('',*,*,#1819,.T.);
#1033=ORIENTED_EDGE('',*,*,#1813,.F.);
#1034=ORIENTED_EDGE('',*,*,#1816,.F.);
#1035=ORIENTED_EDGE('',*,*,#1818,.F.);
#1036=ORIENTED_EDGE('',*,*,#1820,.F.);
#1037=ORIENTED_EDGE('',*,*,#1821,.F.);
#1038=ORIENTED_EDGE('',*,*,#1489,.F.);
#1039=ORIENTED_EDGE('',*,*,#1822,.F.);
#1040=ORIENTED_EDGE('',*,*,#1823,.T.);
#1041=ORIENTED_EDGE('',*,*,#1824,.T.);
#1042=ORIENTED_EDGE('',*,*,#1493,.T.);
#1043=ORIENTED_EDGE('',*,*,#1825,.F.);
#1044=ORIENTED_EDGE('',*,*,#1826,.F.);
#1045=ORIENTED_EDGE('',*,*,#1822,.T.);
#1046=ORIENTED_EDGE('',*,*,#1492,.T.);
#1047=ORIENTED_EDGE('',*,*,#1827,.F.);
#1048=ORIENTED_EDGE('',*,*,#1828,.F.);
#1049=ORIENTED_EDGE('',*,*,#1825,.T.);
#1050=ORIENTED_EDGE('',*,*,#1491,.T.);
#1051=ORIENTED_EDGE('',*,*,#1829,.F.);
#1052=ORIENTED_EDGE('',*,*,#1830,.F.);
#1053=ORIENTED_EDGE('',*,*,#1827,.T.);
#1054=ORIENTED_EDGE('',*,*,#1490,.T.);
#1055=ORIENTED_EDGE('',*,*,#1824,.F.);
#1056=ORIENTED_EDGE('',*,*,#1831,.F.);
#1057=ORIENTED_EDGE('',*,*,#1829,.T.);
#1058=ORIENTED_EDGE('',*,*,#1823,.F.);
#1059=ORIENTED_EDGE('',*,*,#1826,.T.);
#1060=ORIENTED_EDGE('',*,*,#1828,.T.);
#1061=ORIENTED_EDGE('',*,*,#1830,.T.);
#1062=ORIENTED_EDGE('',*,*,#1831,.T.);
#1063=ORIENTED_EDGE('',*,*,#1484,.F.);
#1064=ORIENTED_EDGE('',*,*,#1832,.F.);
#1065=ORIENTED_EDGE('',*,*,#1833,.T.);
#1066=ORIENTED_EDGE('',*,*,#1834,.T.);
#1067=ORIENTED_EDGE('',*,*,#1488,.T.);
#1068=ORIENTED_EDGE('',*,*,#1835,.F.);
#1069=ORIENTED_EDGE('',*,*,#1836,.F.);
#1070=ORIENTED_EDGE('',*,*,#1832,.T.);
#1071=ORIENTED_EDGE('',*,*,#1487,.T.);
#1072=ORIENTED_EDGE('',*,*,#1837,.F.);
#1073=ORIENTED_EDGE('',*,*,#1838,.F.);
#1074=ORIENTED_EDGE('',*,*,#1835,.T.);
#1075=ORIENTED_EDGE('',*,*,#1486,.T.);
#1076=ORIENTED_EDGE('',*,*,#1839,.F.);
#1077=ORIENTED_EDGE('',*,*,#1840,.F.);
#1078=ORIENTED_EDGE('',*,*,#1837,.T.);
#1079=ORIENTED_EDGE('',*,*,#1485,.T.);
#1080=ORIENTED_EDGE('',*,*,#1834,.F.);
#1081=ORIENTED_EDGE('',*,*,#1841,.F.);
#1082=ORIENTED_EDGE('',*,*,#1839,.T.);
#1083=ORIENTED_EDGE('',*,*,#1833,.F.);
#1084=ORIENTED_EDGE('',*,*,#1836,.T.);
#1085=ORIENTED_EDGE('',*,*,#1838,.T.);
#1086=ORIENTED_EDGE('',*,*,#1840,.T.);
#1087=ORIENTED_EDGE('',*,*,#1841,.T.);
#1088=ORIENTED_EDGE('',*,*,#1469,.F.);
#1089=ORIENTED_EDGE('',*,*,#1842,.F.);
#1090=ORIENTED_EDGE('',*,*,#1392,.T.);
#1091=ORIENTED_EDGE('',*,*,#1843,.T.);
#1092=ORIENTED_EDGE('',*,*,#1468,.T.);
#1093=ORIENTED_EDGE('',*,*,#1844,.F.);
#1094=ORIENTED_EDGE('',*,*,#1393,.F.);
#1095=ORIENTED_EDGE('',*,*,#1842,.T.);
#1096=ORIENTED_EDGE('',*,*,#1471,.T.);
#1097=ORIENTED_EDGE('',*,*,#1845,.F.);
#1098=ORIENTED_EDGE('',*,*,#1394,.F.);
#1099=ORIENTED_EDGE('',*,*,#1844,.T.);
#1100=ORIENTED_EDGE('',*,*,#1470,.F.);
#1101=ORIENTED_EDGE('',*,*,#1843,.F.);
#1102=ORIENTED_EDGE('',*,*,#1395,.T.);
#1103=ORIENTED_EDGE('',*,*,#1845,.T.);
#1104=ORIENTED_EDGE('',*,*,#1473,.F.);
#1105=ORIENTED_EDGE('',*,*,#1846,.F.);
#1106=ORIENTED_EDGE('',*,*,#1423,.T.);
#1107=ORIENTED_EDGE('',*,*,#1847,.T.);
#1108=ORIENTED_EDGE('',*,*,#1472,.T.);
#1109=ORIENTED_EDGE('',*,*,#1848,.F.);
#1110=ORIENTED_EDGE('',*,*,#1424,.F.);
#1111=ORIENTED_EDGE('',*,*,#1846,.T.);
#1112=ORIENTED_EDGE('',*,*,#1475,.T.);
#1113=ORIENTED_EDGE('',*,*,#1849,.F.);
#1114=ORIENTED_EDGE('',*,*,#1425,.F.);
#1115=ORIENTED_EDGE('',*,*,#1848,.T.);
#1116=ORIENTED_EDGE('',*,*,#1474,.F.);
#1117=ORIENTED_EDGE('',*,*,#1847,.F.);
#1118=ORIENTED_EDGE('',*,*,#1426,.T.);
#1119=ORIENTED_EDGE('',*,*,#1849,.T.);
#1120=ORIENTED_EDGE('',*,*,#1421,.T.);
#1121=ORIENTED_EDGE('',*,*,#1850,.F.);
#1122=ORIENTED_EDGE('',*,*,#1851,.F.);
#1123=ORIENTED_EDGE('',*,*,#1852,.T.);
#1124=ORIENTED_EDGE('',*,*,#1422,.T.);
#1125=ORIENTED_EDGE('',*,*,#1852,.F.);
#1126=ORIENTED_EDGE('',*,*,#1853,.F.);
#1127=ORIENTED_EDGE('',*,*,#1850,.T.);
#1128=ORIENTED_EDGE('',*,*,#1851,.T.);
#1129=ORIENTED_EDGE('',*,*,#1853,.T.);
#1130=ORIENTED_EDGE('',*,*,#1428,.F.);
#1131=ORIENTED_EDGE('',*,*,#1854,.F.);
#1132=ORIENTED_EDGE('',*,*,#1855,.T.);
#1133=ORIENTED_EDGE('',*,*,#1856,.T.);
#1134=ORIENTED_EDGE('',*,*,#1427,.T.);
#1135=ORIENTED_EDGE('',*,*,#1857,.F.);
#1136=ORIENTED_EDGE('',*,*,#1858,.F.);
#1137=ORIENTED_EDGE('',*,*,#1854,.T.);
#1138=ORIENTED_EDGE('',*,*,#1431,.T.);
#1139=ORIENTED_EDGE('',*,*,#1859,.F.);
#1140=ORIENTED_EDGE('',*,*,#1860,.F.);
#1141=ORIENTED_EDGE('',*,*,#1857,.T.);
#1142=ORIENTED_EDGE('',*,*,#1430,.T.);
#1143=ORIENTED_EDGE('',*,*,#1861,.F.);
#1144=ORIENTED_EDGE('',*,*,#1862,.F.);
#1145=ORIENTED_EDGE('',*,*,#1859,.T.);
#1146=ORIENTED_EDGE('',*,*,#1429,.T.);
#1147=ORIENTED_EDGE('',*,*,#1856,.F.);
#1148=ORIENTED_EDGE('',*,*,#1863,.F.);
#1149=ORIENTED_EDGE('',*,*,#1861,.T.);
#1150=ORIENTED_EDGE('',*,*,#1855,.F.);
#1151=ORIENTED_EDGE('',*,*,#1858,.T.);
#1152=ORIENTED_EDGE('',*,*,#1860,.T.);
#1153=ORIENTED_EDGE('',*,*,#1862,.T.);
#1154=ORIENTED_EDGE('',*,*,#1863,.T.);
#1155=ORIENTED_EDGE('',*,*,#1433,.F.);
#1156=ORIENTED_EDGE('',*,*,#1864,.F.);
#1157=ORIENTED_EDGE('',*,*,#1865,.T.);
#1158=ORIENTED_EDGE('',*,*,#1866,.T.);
#1159=ORIENTED_EDGE('',*,*,#1432,.F.);
#1160=ORIENTED_EDGE('',*,*,#1867,.F.);
#1161=ORIENTED_EDGE('',*,*,#1868,.T.);
#1162=ORIENTED_EDGE('',*,*,#1864,.T.);
#1163=ORIENTED_EDGE('',*,*,#1436,.F.);
#1164=ORIENTED_EDGE('',*,*,#1869,.F.);
#1165=ORIENTED_EDGE('',*,*,#1870,.T.);
#1166=ORIENTED_EDGE('',*,*,#1867,.T.);
#1167=ORIENTED_EDGE('',*,*,#1435,.F.);
#1168=ORIENTED_EDGE('',*,*,#1871,.F.);
#1169=ORIENTED_EDGE('',*,*,#1872,.T.);
#1170=ORIENTED_EDGE('',*,*,#1869,.T.);
#1171=ORIENTED_EDGE('',*,*,#1434,.F.);
#1172=ORIENTED_EDGE('',*,*,#1866,.F.);
#1173=ORIENTED_EDGE('',*,*,#1873,.T.);
#1174=ORIENTED_EDGE('',*,*,#1871,.T.);
#1175=ORIENTED_EDGE('',*,*,#1865,.F.);
#1176=ORIENTED_EDGE('',*,*,#1868,.F.);
#1177=ORIENTED_EDGE('',*,*,#1870,.F.);
#1178=ORIENTED_EDGE('',*,*,#1872,.F.);
#1179=ORIENTED_EDGE('',*,*,#1873,.F.);
#1180=ORIENTED_EDGE('',*,*,#1438,.F.);
#1181=ORIENTED_EDGE('',*,*,#1874,.F.);
#1182=ORIENTED_EDGE('',*,*,#1875,.T.);
#1183=ORIENTED_EDGE('',*,*,#1876,.T.);
#1184=ORIENTED_EDGE('',*,*,#1437,.F.);
#1185=ORIENTED_EDGE('',*,*,#1877,.F.);
#1186=ORIENTED_EDGE('',*,*,#1878,.T.);
#1187=ORIENTED_EDGE('',*,*,#1874,.T.);
#1188=ORIENTED_EDGE('',*,*,#1441,.F.);
#1189=ORIENTED_EDGE('',*,*,#1879,.F.);
#1190=ORIENTED_EDGE('',*,*,#1880,.T.);
#1191=ORIENTED_EDGE('',*,*,#1877,.T.);
#1192=ORIENTED_EDGE('',*,*,#1440,.F.);
#1193=ORIENTED_EDGE('',*,*,#1881,.F.);
#1194=ORIENTED_EDGE('',*,*,#1882,.T.);
#1195=ORIENTED_EDGE('',*,*,#1879,.T.);
#1196=ORIENTED_EDGE('',*,*,#1439,.F.);
#1197=ORIENTED_EDGE('',*,*,#1876,.F.);
#1198=ORIENTED_EDGE('',*,*,#1883,.T.);
#1199=ORIENTED_EDGE('',*,*,#1881,.T.);
#1200=ORIENTED_EDGE('',*,*,#1875,.F.);
#1201=ORIENTED_EDGE('',*,*,#1878,.F.);
#1202=ORIENTED_EDGE('',*,*,#1880,.F.);
#1203=ORIENTED_EDGE('',*,*,#1882,.F.);
#1204=ORIENTED_EDGE('',*,*,#1883,.F.);
#1205=ORIENTED_EDGE('',*,*,#1443,.F.);
#1206=ORIENTED_EDGE('',*,*,#1884,.F.);
#1207=ORIENTED_EDGE('',*,*,#1885,.T.);
#1208=ORIENTED_EDGE('',*,*,#1886,.T.);
#1209=ORIENTED_EDGE('',*,*,#1442,.F.);
#1210=ORIENTED_EDGE('',*,*,#1887,.F.);
#1211=ORIENTED_EDGE('',*,*,#1888,.T.);
#1212=ORIENTED_EDGE('',*,*,#1884,.T.);
#1213=ORIENTED_EDGE('',*,*,#1446,.F.);
#1214=ORIENTED_EDGE('',*,*,#1889,.F.);
#1215=ORIENTED_EDGE('',*,*,#1890,.T.);
#1216=ORIENTED_EDGE('',*,*,#1887,.T.);
#1217=ORIENTED_EDGE('',*,*,#1445,.F.);
#1218=ORIENTED_EDGE('',*,*,#1891,.F.);
#1219=ORIENTED_EDGE('',*,*,#1892,.T.);
#1220=ORIENTED_EDGE('',*,*,#1889,.T.);
#1221=ORIENTED_EDGE('',*,*,#1444,.F.);
#1222=ORIENTED_EDGE('',*,*,#1886,.F.);
#1223=ORIENTED_EDGE('',*,*,#1893,.T.);
#1224=ORIENTED_EDGE('',*,*,#1891,.T.);
#1225=ORIENTED_EDGE('',*,*,#1885,.F.);
#1226=ORIENTED_EDGE('',*,*,#1888,.F.);
#1227=ORIENTED_EDGE('',*,*,#1890,.F.);
#1228=ORIENTED_EDGE('',*,*,#1892,.F.);
#1229=ORIENTED_EDGE('',*,*,#1893,.F.);
#1230=ORIENTED_EDGE('',*,*,#1448,.F.);
#1231=ORIENTED_EDGE('',*,*,#1894,.F.);
#1232=ORIENTED_EDGE('',*,*,#1895,.T.);
#1233=ORIENTED_EDGE('',*,*,#1896,.T.);
#1234=ORIENTED_EDGE('',*,*,#1447,.T.);
#1235=ORIENTED_EDGE('',*,*,#1897,.F.);
#1236=ORIENTED_EDGE('',*,*,#1898,.F.);
#1237=ORIENTED_EDGE('',*,*,#1894,.T.);
#1238=ORIENTED_EDGE('',*,*,#1451,.T.);
#1239=ORIENTED_EDGE('',*,*,#1899,.F.);
#1240=ORIENTED_EDGE('',*,*,#1900,.F.);
#1241=ORIENTED_EDGE('',*,*,#1897,.T.);
#1242=ORIENTED_EDGE('',*,*,#1450,.T.);
#1243=ORIENTED_EDGE('',*,*,#1901,.F.);
#1244=ORIENTED_EDGE('',*,*,#1902,.F.);
#1245=ORIENTED_EDGE('',*,*,#1899,.T.);
#1246=ORIENTED_EDGE('',*,*,#1449,.T.);
#1247=ORIENTED_EDGE('',*,*,#1896,.F.);
#1248=ORIENTED_EDGE('',*,*,#1903,.F.);
#1249=ORIENTED_EDGE('',*,*,#1901,.T.);
#1250=ORIENTED_EDGE('',*,*,#1895,.F.);
#1251=ORIENTED_EDGE('',*,*,#1898,.T.);
#1252=ORIENTED_EDGE('',*,*,#1900,.T.);
#1253=ORIENTED_EDGE('',*,*,#1902,.T.);
#1254=ORIENTED_EDGE('',*,*,#1903,.T.);
#1255=ORIENTED_EDGE('',*,*,#1397,.F.);
#1256=ORIENTED_EDGE('',*,*,#1904,.F.);
#1257=ORIENTED_EDGE('',*,*,#1905,.T.);
#1258=ORIENTED_EDGE('',*,*,#1906,.T.);
#1259=ORIENTED_EDGE('',*,*,#1396,.F.);
#1260=ORIENTED_EDGE('',*,*,#1907,.F.);
#1261=ORIENTED_EDGE('',*,*,#1908,.T.);
#1262=ORIENTED_EDGE('',*,*,#1904,.T.);
#1263=ORIENTED_EDGE('',*,*,#1400,.F.);
#1264=ORIENTED_EDGE('',*,*,#1909,.F.);
#1265=ORIENTED_EDGE('',*,*,#1910,.T.);
#1266=ORIENTED_EDGE('',*,*,#1907,.T.);
#1267=ORIENTED_EDGE('',*,*,#1399,.F.);
#1268=ORIENTED_EDGE('',*,*,#1911,.F.);
#1269=ORIENTED_EDGE('',*,*,#1912,.T.);
#1270=ORIENTED_EDGE('',*,*,#1909,.T.);
#1271=ORIENTED_EDGE('',*,*,#1398,.F.);
#1272=ORIENTED_EDGE('',*,*,#1906,.F.);
#1273=ORIENTED_EDGE('',*,*,#1913,.T.);
#1274=ORIENTED_EDGE('',*,*,#1911,.T.);
#1275=ORIENTED_EDGE('',*,*,#1905,.F.);
#1276=ORIENTED_EDGE('',*,*,#1908,.F.);
#1277=ORIENTED_EDGE('',*,*,#1910,.F.);
#1278=ORIENTED_EDGE('',*,*,#1912,.F.);
#1279=ORIENTED_EDGE('',*,*,#1913,.F.);
#1280=ORIENTED_EDGE('',*,*,#1402,.F.);
#1281=ORIENTED_EDGE('',*,*,#1914,.F.);
#1282=ORIENTED_EDGE('',*,*,#1915,.T.);
#1283=ORIENTED_EDGE('',*,*,#1916,.T.);
#1284=ORIENTED_EDGE('',*,*,#1401,.T.);
#1285=ORIENTED_EDGE('',*,*,#1917,.F.);
#1286=ORIENTED_EDGE('',*,*,#1918,.F.);
#1287=ORIENTED_EDGE('',*,*,#1914,.T.);
#1288=ORIENTED_EDGE('',*,*,#1405,.T.);
#1289=ORIENTED_EDGE('',*,*,#1919,.F.);
#1290=ORIENTED_EDGE('',*,*,#1920,.F.);
#1291=ORIENTED_EDGE('',*,*,#1917,.T.);
#1292=ORIENTED_EDGE('',*,*,#1404,.T.);
#1293=ORIENTED_EDGE('',*,*,#1921,.F.);
#1294=ORIENTED_EDGE('',*,*,#1922,.F.);
#1295=ORIENTED_EDGE('',*,*,#1919,.T.);
#1296=ORIENTED_EDGE('',*,*,#1403,.T.);
#1297=ORIENTED_EDGE('',*,*,#1916,.F.);
#1298=ORIENTED_EDGE('',*,*,#1923,.F.);
#1299=ORIENTED_EDGE('',*,*,#1921,.T.);
#1300=ORIENTED_EDGE('',*,*,#1915,.F.);
#1301=ORIENTED_EDGE('',*,*,#1918,.T.);
#1302=ORIENTED_EDGE('',*,*,#1920,.T.);
#1303=ORIENTED_EDGE('',*,*,#1922,.T.);
#1304=ORIENTED_EDGE('',*,*,#1923,.T.);
#1305=ORIENTED_EDGE('',*,*,#1407,.F.);
#1306=ORIENTED_EDGE('',*,*,#1924,.F.);
#1307=ORIENTED_EDGE('',*,*,#1925,.T.);
#1308=ORIENTED_EDGE('',*,*,#1926,.T.);
#1309=ORIENTED_EDGE('',*,*,#1406,.T.);
#1310=ORIENTED_EDGE('',*,*,#1927,.F.);
#1311=ORIENTED_EDGE('',*,*,#1928,.F.);
#1312=ORIENTED_EDGE('',*,*,#1924,.T.);
#1313=ORIENTED_EDGE('',*,*,#1410,.T.);
#1314=ORIENTED_EDGE('',*,*,#1929,.F.);
#1315=ORIENTED_EDGE('',*,*,#1930,.F.);
#1316=ORIENTED_EDGE('',*,*,#1927,.T.);
#1317=ORIENTED_EDGE('',*,*,#1409,.T.);
#1318=ORIENTED_EDGE('',*,*,#1931,.F.);
#1319=ORIENTED_EDGE('',*,*,#1932,.F.);
#1320=ORIENTED_EDGE('',*,*,#1929,.T.);
#1321=ORIENTED_EDGE('',*,*,#1408,.T.);
#1322=ORIENTED_EDGE('',*,*,#1926,.F.);
#1323=ORIENTED_EDGE('',*,*,#1933,.F.);
#1324=ORIENTED_EDGE('',*,*,#1931,.T.);
#1325=ORIENTED_EDGE('',*,*,#1925,.F.);
#1326=ORIENTED_EDGE('',*,*,#1928,.T.);
#1327=ORIENTED_EDGE('',*,*,#1930,.T.);
#1328=ORIENTED_EDGE('',*,*,#1932,.T.);
#1329=ORIENTED_EDGE('',*,*,#1933,.T.);
#1330=ORIENTED_EDGE('',*,*,#1412,.F.);
#1331=ORIENTED_EDGE('',*,*,#1934,.F.);
#1332=ORIENTED_EDGE('',*,*,#1935,.T.);
#1333=ORIENTED_EDGE('',*,*,#1936,.T.);
#1334=ORIENTED_EDGE('',*,*,#1411,.F.);
#1335=ORIENTED_EDGE('',*,*,#1937,.F.);
#1336=ORIENTED_EDGE('',*,*,#1938,.T.);
#1337=ORIENTED_EDGE('',*,*,#1934,.T.);
#1338=ORIENTED_EDGE('',*,*,#1415,.F.);
#1339=ORIENTED_EDGE('',*,*,#1939,.F.);
#1340=ORIENTED_EDGE('',*,*,#1940,.T.);
#1341=ORIENTED_EDGE('',*,*,#1937,.T.);
#1342=ORIENTED_EDGE('',*,*,#1414,.F.);
#1343=ORIENTED_EDGE('',*,*,#1941,.F.);
#1344=ORIENTED_EDGE('',*,*,#1942,.T.);
#1345=ORIENTED_EDGE('',*,*,#1939,.T.);
#1346=ORIENTED_EDGE('',*,*,#1413,.F.);
#1347=ORIENTED_EDGE('',*,*,#1936,.F.);
#1348=ORIENTED_EDGE('',*,*,#1943,.T.);
#1349=ORIENTED_EDGE('',*,*,#1941,.T.);
#1350=ORIENTED_EDGE('',*,*,#1935,.F.);
#1351=ORIENTED_EDGE('',*,*,#1938,.F.);
#1352=ORIENTED_EDGE('',*,*,#1940,.F.);
#1353=ORIENTED_EDGE('',*,*,#1942,.F.);
#1354=ORIENTED_EDGE('',*,*,#1943,.F.);
#1355=ORIENTED_EDGE('',*,*,#1417,.F.);
#1356=ORIENTED_EDGE('',*,*,#1944,.F.);
#1357=ORIENTED_EDGE('',*,*,#1945,.T.);
#1358=ORIENTED_EDGE('',*,*,#1946,.T.);
#1359=ORIENTED_EDGE('',*,*,#1416,.F.);
#1360=ORIENTED_EDGE('',*,*,#1947,.F.);
#1361=ORIENTED_EDGE('',*,*,#1948,.T.);
#1362=ORIENTED_EDGE('',*,*,#1944,.T.);
#1363=ORIENTED_EDGE('',*,*,#1420,.F.);
#1364=ORIENTED_EDGE('',*,*,#1949,.F.);
#1365=ORIENTED_EDGE('',*,*,#1950,.T.);
#1366=ORIENTED_EDGE('',*,*,#1947,.T.);
#1367=ORIENTED_EDGE('',*,*,#1419,.F.);
#1368=ORIENTED_EDGE('',*,*,#1951,.F.);
#1369=ORIENTED_EDGE('',*,*,#1952,.T.);
#1370=ORIENTED_EDGE('',*,*,#1949,.T.);
#1371=ORIENTED_EDGE('',*,*,#1418,.F.);
#1372=ORIENTED_EDGE('',*,*,#1946,.F.);
#1373=ORIENTED_EDGE('',*,*,#1953,.T.);
#1374=ORIENTED_EDGE('',*,*,#1951,.T.);
#1375=ORIENTED_EDGE('',*,*,#1945,.F.);
#1376=ORIENTED_EDGE('',*,*,#1948,.F.);
#1377=ORIENTED_EDGE('',*,*,#1950,.F.);
#1378=ORIENTED_EDGE('',*,*,#1952,.F.);
#1379=ORIENTED_EDGE('',*,*,#1953,.F.);
#1380=ORIENTED_EDGE('',*,*,#1390,.T.);
#1381=ORIENTED_EDGE('',*,*,#1954,.F.);
#1382=ORIENTED_EDGE('',*,*,#1955,.F.);
#1383=ORIENTED_EDGE('',*,*,#1956,.T.);
#1384=ORIENTED_EDGE('',*,*,#1391,.T.);
#1385=ORIENTED_EDGE('',*,*,#1956,.F.);
#1386=ORIENTED_EDGE('',*,*,#1957,.F.);
#1387=ORIENTED_EDGE('',*,*,#1954,.T.);
#1388=ORIENTED_EDGE('',*,*,#1955,.T.);
#1389=ORIENTED_EDGE('',*,*,#1957,.T.);
#1390=EDGE_CURVE('',#1958,#1959,#2322,.T.);
#1391=EDGE_CURVE('',#1959,#1958,#206,.T.);
#1392=EDGE_CURVE('',#1960,#1961,#2323,.T.);
#1393=EDGE_CURVE('',#1960,#1962,#2324,.T.);
#1394=EDGE_CURVE('',#1962,#1963,#2325,.T.);
#1395=EDGE_CURVE('',#1961,#1963,#2326,.T.);
#1396=EDGE_CURVE('',#1964,#1965,#207,.T.);
#1397=EDGE_CURVE('',#1965,#1966,#2327,.T.);
#1398=EDGE_CURVE('',#1966,#1967,#2328,.T.);
#1399=EDGE_CURVE('',#1967,#1968,#2329,.T.);
#1400=EDGE_CURVE('',#1968,#1964,#2330,.T.);
#1401=EDGE_CURVE('',#1969,#1970,#2331,.T.);
#1402=EDGE_CURVE('',#1969,#1971,#208,.T.);
#1403=EDGE_CURVE('',#1972,#1971,#2332,.T.);
#1404=EDGE_CURVE('',#1973,#1972,#2333,.T.);
#1405=EDGE_CURVE('',#1970,#1973,#2334,.T.);
#1406=EDGE_CURVE('',#1974,#1975,#2335,.T.);
#1407=EDGE_CURVE('',#1974,#1976,#209,.T.);
#1408=EDGE_CURVE('',#1977,#1976,#2336,.T.);
#1409=EDGE_CURVE('',#1978,#1977,#2337,.T.);
#1410=EDGE_CURVE('',#1975,#1978,#2338,.T.);
#1411=EDGE_CURVE('',#1979,#1980,#210,.T.);
#1412=EDGE_CURVE('',#1980,#1981,#2339,.T.);
#1413=EDGE_CURVE('',#1981,#1982,#2340,.T.);
#1414=EDGE_CURVE('',#1982,#1983,#2341,.T.);
#1415=EDGE_CURVE('',#1983,#1979,#2342,.T.);
#1416=EDGE_CURVE('',#1984,#1985,#211,.T.);
#1417=EDGE_CURVE('',#1985,#1986,#2343,.T.);
#1418=EDGE_CURVE('',#1986,#1987,#2344,.T.);
#1419=EDGE_CURVE('',#1987,#1988,#2345,.T.);
#1420=EDGE_CURVE('',#1988,#1984,#2346,.T.);
#1421=EDGE_CURVE('',#1989,#1990,#2347,.T.);
#1422=EDGE_CURVE('',#1990,#1989,#212,.T.);
#1423=EDGE_CURVE('',#1991,#1992,#2348,.T.);
#1424=EDGE_CURVE('',#1991,#1993,#2349,.T.);
#1425=EDGE_CURVE('',#1993,#1994,#2350,.T.);
#1426=EDGE_CURVE('',#1992,#1994,#2351,.T.);
#1427=EDGE_CURVE('',#1995,#1996,#2352,.T.);
#1428=EDGE_CURVE('',#1995,#1997,#213,.T.);
#1429=EDGE_CURVE('',#1998,#1997,#2353,.T.);
#1430=EDGE_CURVE('',#1999,#1998,#2354,.T.);
#1431=EDGE_CURVE('',#1996,#1999,#2355,.T.);
#1432=EDGE_CURVE('',#2000,#2001,#214,.T.);
#1433=EDGE_CURVE('',#2001,#2002,#2356,.T.);
#1434=EDGE_CURVE('',#2002,#2003,#2357,.T.);
#1435=EDGE_CURVE('',#2003,#2004,#2358,.T.);
#1436=EDGE_CURVE('',#2004,#2000,#2359,.T.);
#1437=EDGE_CURVE('',#2005,#2006,#215,.T.);
#1438=EDGE_CURVE('',#2006,#2007,#2360,.T.);
#1439=EDGE_CURVE('',#2007,#2008,#2361,.T.);
#1440=EDGE_CURVE('',#2008,#2009,#2362,.T.);
#1441=EDGE_CURVE('',#2009,#2005,#2363,.T.);
#1442=EDGE_CURVE('',#2010,#2011,#216,.T.);
#1443=EDGE_CURVE('',#2011,#2012,#2364,.T.);
#1444=EDGE_CURVE('',#2012,#2013,#2365,.T.);
#1445=EDGE_CURVE('',#2013,#2014,#2366,.T.);
#1446=EDGE_CURVE('',#2014,#2010,#2367,.T.);
#1447=EDGE_CURVE('',#2015,#2016,#2368,.T.);
#1448=EDGE_CURVE('',#2015,#2017,#217,.T.);
#1449=EDGE_CURVE('',#2018,#2017,#2369,.T.);
#1450=EDGE_CURVE('',#2019,#2018,#2370,.T.);
#1451=EDGE_CURVE('',#2016,#2019,#2371,.T.);
#1452=EDGE_CURVE('',#2020,#2021,#2372,.T.);
#1453=EDGE_CURVE('',#2021,#2022,#86,.T.);
#1454=EDGE_CURVE('',#2023,#2022,#2373,.T.);
#1455=EDGE_CURVE('',#2023,#2024,#87,.T.);
#1456=EDGE_CURVE('',#2024,#2025,#2374,.T.);
#1457=EDGE_CURVE('',#2026,#2025,#2375,.T.);
#1458=EDGE_CURVE('',#2027,#2026,#2376,.T.);
#1459=EDGE_CURVE('',#2027,#2028,#88,.T.);
#1460=EDGE_CURVE('',#2028,#2029,#2377,.T.);
#1461=EDGE_CURVE('',#2029,#2030,#89,.T.);
#1462=EDGE_CURVE('',#2031,#2030,#2378,.T.);
#1463=EDGE_CURVE('',#2031,#2020,#2379,.T.);
#1464=EDGE_CURVE('',#2032,#2033,#2380,.T.);
#1465=EDGE_CURVE('',#2034,#2033,#2381,.T.);
#1466=EDGE_CURVE('',#2035,#2034,#2382,.T.);
#1467=EDGE_CURVE('',#2035,#2032,#2383,.T.);
#1468=EDGE_CURVE('',#2036,#2037,#2384,.T.);
#1469=EDGE_CURVE('',#2036,#2038,#2385,.T.);
#1470=EDGE_CURVE('',#2038,#2039,#2386,.T.);
#1471=EDGE_CURVE('',#2037,#2039,#2387,.T.);
#1472=EDGE_CURVE('',#2040,#2041,#2388,.T.);
#1473=EDGE_CURVE('',#2040,#2042,#2389,.T.);
#1474=EDGE_CURVE('',#2042,#2043,#2390,.T.);
#1475=EDGE_CURVE('',#2041,#2043,#2391,.T.);
#1476=EDGE_CURVE('',#2044,#2045,#2392,.F.);
#1477=EDGE_CURVE('',#2046,#2044,#2393,.T.);
#1478=EDGE_CURVE('',#2046,#2047,#2394,.T.);
#1479=EDGE_CURVE('',#2047,#2045,#2395,.T.);
#1480=EDGE_CURVE('',#2048,#2049,#2396,.T.);
#1481=EDGE_CURVE('',#2048,#2050,#2397,.T.);
#1482=EDGE_CURVE('',#2051,#2050,#2398,.T.);
#1483=EDGE_CURVE('',#2049,#2051,#2399,.T.);
#1484=EDGE_CURVE('',#2052,#2053,#218,.T.);
#1485=EDGE_CURVE('',#2054,#2053,#2400,.T.);
#1486=EDGE_CURVE('',#2055,#2054,#2401,.T.);
#1487=EDGE_CURVE('',#2056,#2055,#2402,.T.);
#1488=EDGE_CURVE('',#2052,#2056,#2403,.T.);
#1489=EDGE_CURVE('',#2057,#2058,#219,.T.);
#1490=EDGE_CURVE('',#2059,#2058,#2404,.T.);
#1491=EDGE_CURVE('',#2060,#2059,#2405,.T.);
#1492=EDGE_CURVE('',#2061,#2060,#2406,.T.);
#1493=EDGE_CURVE('',#2057,#2061,#2407,.T.);
#1494=EDGE_CURVE('',#2062,#2063,#2408,.T.);
#1495=EDGE_CURVE('',#2063,#2064,#2409,.T.);
#1496=EDGE_CURVE('',#2064,#2065,#2410,.T.);
#1497=EDGE_CURVE('',#2065,#2066,#2411,.T.);
#1498=EDGE_CURVE('',#2066,#2062,#220,.T.);
#1499=EDGE_CURVE('',#2067,#2068,#2412,.T.);
#1500=EDGE_CURVE('',#2068,#2069,#2413,.T.);
#1501=EDGE_CURVE('',#2069,#2070,#2414,.T.);
#1502=EDGE_CURVE('',#2070,#2071,#2415,.T.);
#1503=EDGE_CURVE('',#2071,#2067,#221,.T.);
#1504=EDGE_CURVE('',#2072,#2073,#2416,.T.);
#1505=EDGE_CURVE('',#2073,#2074,#2417,.T.);
#1506=EDGE_CURVE('',#2074,#2075,#2418,.T.);
#1507=EDGE_CURVE('',#2075,#2076,#2419,.T.);
#1508=EDGE_CURVE('',#2076,#2072,#222,.T.);
#1509=EDGE_CURVE('',#2049,#2044,#223,.T.);
#1510=EDGE_CURVE('',#2077,#2051,#2420,.T.);
#1511=EDGE_CURVE('',#2078,#2077,#2421,.T.);
#1512=EDGE_CURVE('',#2078,#2046,#2422,.T.);
#1513=EDGE_CURVE('',#2048,#2045,#224,.T.);
#1514=EDGE_CURVE('',#2079,#2047,#2423,.T.);
#1515=EDGE_CURVE('',#2079,#2080,#2424,.T.);
#1516=EDGE_CURVE('',#2080,#2050,#2425,.T.);
#1517=EDGE_CURVE('',#2081,#2082,#2426,.T.);
#1518=EDGE_CURVE('',#2082,#2083,#2427,.T.);
#1519=EDGE_CURVE('',#2084,#2083,#2428,.T.);
#1520=EDGE_CURVE('',#2084,#2085,#225,.T.);
#1521=EDGE_CURVE('',#2086,#2085,#2429,.T.);
#1522=EDGE_CURVE('',#2081,#2086,#2430,.T.);
#1523=EDGE_CURVE('',#2087,#2088,#2431,.T.);
#1524=EDGE_CURVE('',#2088,#2089,#90,.T.);
#1525=EDGE_CURVE('',#2090,#2089,#2432,.T.);
#1526=EDGE_CURVE('',#2091,#2090,#2433,.T.);
#1527=EDGE_CURVE('',#2091,#2092,#2434,.T.);
#1528=EDGE_CURVE('',#2092,#2093,#91,.T.);
#1529=EDGE_CURVE('',#2094,#2093,#2435,.T.);
#1530=EDGE_CURVE('',#2094,#2095,#92,.T.);
#1531=EDGE_CURVE('',#2095,#2096,#2436,.T.);
#1532=EDGE_CURVE('',#2096,#2097,#2437,.T.);
#1533=EDGE_CURVE('',#2098,#2097,#2438,.T.);
#1534=EDGE_CURVE('',#2098,#2087,#93,.T.);
#1535=EDGE_CURVE('',#2099,#2100,#2439,.T.);
#1536=EDGE_CURVE('',#2101,#2099,#2440,.T.);
#1537=EDGE_CURVE('',#2101,#2102,#2441,.T.);
#1538=EDGE_CURVE('',#2102,#2100,#2442,.T.);
#1539=EDGE_CURVE('',#2084,#2103,#2443,.T.);
#1540=EDGE_CURVE('',#2104,#2083,#2444,.T.);
#1541=EDGE_CURVE('',#2103,#2104,#2445,.T.);
#1542=EDGE_CURVE('',#2105,#2106,#226,.T.);
#1543=EDGE_CURVE('',#2107,#2106,#2446,.T.);
#1544=EDGE_CURVE('',#2108,#2107,#2447,.T.);
#1545=EDGE_CURVE('',#2109,#2108,#2448,.T.);
#1546=EDGE_CURVE('',#2105,#2109,#2449,.T.);
#1547=EDGE_CURVE('',#2110,#2111,#227,.T.);
#1548=EDGE_CURVE('',#2112,#2111,#2450,.T.);
#1549=EDGE_CURVE('',#2113,#2112,#2451,.T.);
#1550=EDGE_CURVE('',#2114,#2113,#2452,.T.);
#1551=EDGE_CURVE('',#2110,#2114,#2453,.T.);
#1552=EDGE_CURVE('',#2115,#2116,#2454,.T.);
#1553=EDGE_CURVE('',#2116,#2117,#2455,.T.);
#1554=EDGE_CURVE('',#2117,#2118,#2456,.T.);
#1555=EDGE_CURVE('',#2118,#2119,#2457,.T.);
#1556=EDGE_CURVE('',#2119,#2115,#228,.T.);
#1557=EDGE_CURVE('',#2120,#2121,#2458,.T.);
#1558=EDGE_CURVE('',#2121,#2122,#2459,.T.);
#1559=EDGE_CURVE('',#2122,#2123,#2460,.T.);
#1560=EDGE_CURVE('',#2123,#2124,#2461,.T.);
#1561=EDGE_CURVE('',#2124,#2120,#229,.T.);
#1562=EDGE_CURVE('',#2125,#2126,#2462,.T.);
#1563=EDGE_CURVE('',#2126,#2127,#2463,.T.);
#1564=EDGE_CURVE('',#2127,#2128,#2464,.T.);
#1565=EDGE_CURVE('',#2128,#2129,#2465,.T.);
#1566=EDGE_CURVE('',#2129,#2125,#230,.T.);
#1567=EDGE_CURVE('',#2103,#2130,#231,.T.);
#1568=EDGE_CURVE('',#2131,#2104,#2466,.T.);
#1569=EDGE_CURVE('',#2132,#2131,#2467,.T.);
#1570=EDGE_CURVE('',#2132,#2133,#2468,.T.);
#1571=EDGE_CURVE('',#2133,#2130,#2469,.T.);
#1572=EDGE_CURVE('',#2134,#2135,#2470,.T.);
#1573=EDGE_CURVE('',#2135,#2136,#94,.T.);
#1574=EDGE_CURVE('',#2137,#2136,#2471,.T.);
#1575=EDGE_CURVE('',#2138,#2137,#2472,.T.);
#1576=EDGE_CURVE('',#2138,#2139,#2473,.T.);
#1577=EDGE_CURVE('',#2139,#2140,#95,.T.);
#1578=EDGE_CURVE('',#2141,#2140,#2474,.T.);
#1579=EDGE_CURVE('',#2141,#2142,#96,.T.);
#1580=EDGE_CURVE('',#2142,#2143,#2475,.T.);
#1581=EDGE_CURVE('',#2144,#2143,#2476,.T.);
#1582=EDGE_CURVE('',#2144,#2145,#97,.T.);
#1583=EDGE_CURVE('',#2145,#2146,#2477,.T.);
#1584=EDGE_CURVE('',#2146,#2147,#2478,.T.);
#1585=EDGE_CURVE('',#2148,#2147,#2479,.T.);
#1586=EDGE_CURVE('',#2148,#2134,#98,.T.);
#1587=EDGE_CURVE('',#2149,#2150,#2480,.T.);
#1588=EDGE_CURVE('',#2149,#2151,#99,.T.);
#1589=EDGE_CURVE('',#2151,#2152,#2481,.T.);
#1590=EDGE_CURVE('',#2152,#2153,#2482,.T.);
#1591=EDGE_CURVE('',#2154,#2153,#2483,.T.);
#1592=EDGE_CURVE('',#2155,#2154,#2484,.T.);
#1593=EDGE_CURVE('',#2155,#2150,#2485,.T.);
#1594=EDGE_CURVE('',#2033,#2153,#2486,.T.);
#1595=EDGE_CURVE('',#2032,#2154,#2487,.T.);
#1596=EDGE_CURVE('',#2156,#2152,#2488,.T.);
#1597=EDGE_CURVE('',#2157,#2156,#2489,.T.);
#1598=EDGE_CURVE('',#2157,#2100,#2490,.T.);
#1599=EDGE_CURVE('',#2102,#2158,#2491,.T.);
#1600=EDGE_CURVE('',#2158,#2150,#2492,.T.);
#1601=EDGE_CURVE('',#2034,#2150,#2493,.T.);
#1602=EDGE_CURVE('',#2035,#2155,#2494,.T.);
#1603=EDGE_CURVE('',#2020,#2137,#2495,.T.);
#1604=EDGE_CURVE('',#2031,#2138,#2496,.T.);
#1605=EDGE_CURVE('',#2136,#2021,#100,.T.);
#1606=EDGE_CURVE('',#2159,#2160,#101,.T.);
#1607=EDGE_CURVE('',#2160,#2161,#102,.T.);
#1608=EDGE_CURVE('',#2161,#2162,#103,.T.);
#1609=EDGE_CURVE('',#2162,#2159,#104,.T.);
#1610=EDGE_CURVE('',#2022,#2135,#105,.T.);
#1611=EDGE_CURVE('',#2134,#2023,#106,.T.);
#1612=EDGE_CURVE('',#2163,#2164,#107,.T.);
#1613=EDGE_CURVE('',#2164,#2165,#108,.T.);
#1614=EDGE_CURVE('',#2165,#2166,#109,.T.);
#1615=EDGE_CURVE('',#2166,#2163,#110,.T.);
#1616=EDGE_CURVE('',#2024,#2148,#111,.T.);
#1617=EDGE_CURVE('',#2025,#2147,#2497,.T.);
#1618=EDGE_CURVE('',#2167,#2146,#2498,.T.);
#1619=EDGE_CURVE('',#2168,#2167,#2499,.T.);
#1620=EDGE_CURVE('',#2168,#2097,#2500,.T.);
#1621=EDGE_CURVE('',#2096,#2169,#2501,.T.);
#1622=EDGE_CURVE('',#2169,#2143,#2502,.T.);
#1623=EDGE_CURVE('',#2026,#2143,#2503,.T.);
#1624=EDGE_CURVE('',#2142,#2027,#112,.T.);
#1625=EDGE_CURVE('',#2170,#2171,#113,.T.);
#1626=EDGE_CURVE('',#2171,#2172,#114,.T.);
#1627=EDGE_CURVE('',#2172,#2173,#115,.T.);
#1628=EDGE_CURVE('',#2173,#2170,#116,.T.);
#1629=EDGE_CURVE('',#2140,#2029,#117,.T.);
#1630=EDGE_CURVE('',#2028,#2141,#118,.T.);
#1631=EDGE_CURVE('',#2174,#2175,#119,.T.);
#1632=EDGE_CURVE('',#2175,#2176,#120,.T.);
#1633=EDGE_CURVE('',#2176,#2177,#121,.T.);
#1634=EDGE_CURVE('',#2177,#2174,#122,.T.);
#1635=EDGE_CURVE('',#2030,#2139,#123,.T.);
#1636=EDGE_CURVE('',#2145,#2178,#124,.T.);
#1637=EDGE_CURVE('',#2167,#2178,#2504,.T.);
#1638=EDGE_CURVE('',#2169,#2179,#2505,.T.);
#1639=EDGE_CURVE('',#2179,#2144,#125,.T.);
#1640=EDGE_CURVE('',#2151,#2180,#126,.T.);
#1641=EDGE_CURVE('',#2156,#2180,#2506,.T.);
#1642=EDGE_CURVE('',#2158,#2181,#2507,.T.);
#1643=EDGE_CURVE('',#2181,#2149,#127,.T.);
#1644=EDGE_CURVE('',#2182,#2157,#2508,.T.);
#1645=EDGE_CURVE('',#2182,#2099,#2509,.T.);
#1646=EDGE_CURVE('',#2183,#2101,#2510,.T.);
#1647=EDGE_CURVE('',#2183,#2158,#2511,.T.);
#1648=EDGE_CURVE('',#2184,#2090,#2512,.T.);
#1649=EDGE_CURVE('',#2185,#2184,#2513,.T.);
#1650=EDGE_CURVE('',#2185,#2091,#2514,.T.);
#1651=EDGE_CURVE('',#2089,#2186,#128,.T.);
#1652=EDGE_CURVE('',#2184,#2186,#2515,.T.);
#1653=EDGE_CURVE('',#2187,#2188,#129,.T.);
#1654=EDGE_CURVE('',#2188,#2189,#130,.T.);
#1655=EDGE_CURVE('',#2189,#2190,#131,.T.);
#1656=EDGE_CURVE('',#2190,#2187,#132,.T.);
#1657=EDGE_CURVE('',#2191,#2192,#2516,.T.);
#1658=EDGE_CURVE('',#2192,#2088,#133,.T.);
#1659=EDGE_CURVE('',#2087,#2191,#134,.T.);
#1660=EDGE_CURVE('',#2193,#2194,#135,.T.);
#1661=EDGE_CURVE('',#2194,#2195,#136,.T.);
#1662=EDGE_CURVE('',#2195,#2196,#137,.T.);
#1663=EDGE_CURVE('',#2196,#2193,#138,.T.);
#1664=EDGE_CURVE('',#2197,#2168,#2517,.T.);
#1665=EDGE_CURVE('',#2197,#2098,#139,.T.);
#1666=EDGE_CURVE('',#2095,#2198,#140,.T.);
#1667=EDGE_CURVE('',#2198,#2169,#2518,.T.);
#1668=EDGE_CURVE('',#2199,#2200,#141,.T.);
#1669=EDGE_CURVE('',#2200,#2201,#142,.T.);
#1670=EDGE_CURVE('',#2201,#2202,#143,.T.);
#1671=EDGE_CURVE('',#2202,#2199,#144,.T.);
#1672=EDGE_CURVE('',#2093,#2203,#145,.T.);
#1673=EDGE_CURVE('',#2204,#2203,#2519,.T.);
#1674=EDGE_CURVE('',#2204,#2094,#146,.T.);
#1675=EDGE_CURVE('',#2205,#2206,#147,.T.);
#1676=EDGE_CURVE('',#2206,#2207,#148,.T.);
#1677=EDGE_CURVE('',#2207,#2208,#149,.T.);
#1678=EDGE_CURVE('',#2208,#2205,#150,.T.);
#1679=EDGE_CURVE('',#2185,#2209,#2520,.T.);
#1680=EDGE_CURVE('',#2209,#2092,#151,.T.);
#1681=EDGE_CURVE('',#2183,#2182,#2521,.T.);
#1682=EDGE_CURVE('',#2180,#2181,#152,.T.);
#1683=EDGE_CURVE('',#2186,#2192,#153,.T.);
#1684=EDGE_CURVE('',#2191,#2197,#154,.T.);
#1685=EDGE_CURVE('',#2178,#2179,#155,.T.);
#1686=EDGE_CURVE('',#2198,#2204,#156,.T.);
#1687=EDGE_CURVE('',#2203,#2209,#157,.T.);
#1688=EDGE_CURVE('',#2210,#2211,#158,.T.);
#1689=EDGE_CURVE('',#2211,#2212,#159,.T.);
#1690=EDGE_CURVE('',#2212,#2213,#160,.T.);
#1691=EDGE_CURVE('',#2213,#2210,#161,.T.);
#1692=EDGE_CURVE('',#2210,#2145,#162,.F.);
#1693=EDGE_CURVE('',#2178,#2213,#163,.F.);
#1694=EDGE_CURVE('',#2179,#2212,#164,.F.);
#1695=EDGE_CURVE('',#2211,#2144,#165,.F.);
#1696=EDGE_CURVE('',#2214,#2215,#166,.T.);
#1697=EDGE_CURVE('',#2215,#2216,#167,.T.);
#1698=EDGE_CURVE('',#2216,#2217,#168,.T.);
#1699=EDGE_CURVE('',#2217,#2214,#169,.T.);
#1700=EDGE_CURVE('',#2214,#2151,#170,.F.);
#1701=EDGE_CURVE('',#2180,#2217,#171,.F.);
#1702=EDGE_CURVE('',#2181,#2216,#172,.F.);
#1703=EDGE_CURVE('',#2215,#2149,#173,.F.);
#1704=EDGE_CURVE('',#2187,#2088,#174,.F.);
#1705=EDGE_CURVE('',#2089,#2190,#175,.F.);
#1706=EDGE_CURVE('',#2186,#2189,#176,.F.);
#1707=EDGE_CURVE('',#2188,#2192,#177,.F.);
#1708=EDGE_CURVE('',#2087,#2196,#178,.F.);
#1709=EDGE_CURVE('',#2193,#2098,#179,.F.);
#1710=EDGE_CURVE('',#2194,#2197,#180,.F.);
#1711=EDGE_CURVE('',#2191,#2195,#181,.F.);
#1712=EDGE_CURVE('',#2205,#2092,#182,.F.);
#1713=EDGE_CURVE('',#2093,#2208,#183,.F.);
#1714=EDGE_CURVE('',#2203,#2207,#184,.F.);
#1715=EDGE_CURVE('',#2206,#2209,#185,.F.);
#1716=EDGE_CURVE('',#2095,#2202,#186,.F.);
#1717=EDGE_CURVE('',#2199,#2094,#187,.F.);
#1718=EDGE_CURVE('',#2200,#2204,#188,.F.);
#1719=EDGE_CURVE('',#2198,#2201,#189,.F.);
#1720=EDGE_CURVE('',#2159,#2135,#190,.F.);
#1721=EDGE_CURVE('',#2136,#2162,#191,.F.);
#1722=EDGE_CURVE('',#2021,#2161,#192,.F.);
#1723=EDGE_CURVE('',#2160,#2022,#193,.F.);
#1724=EDGE_CURVE('',#2134,#2166,#194,.F.);
#1725=EDGE_CURVE('',#2163,#2148,#195,.F.);
#1726=EDGE_CURVE('',#2164,#2024,#196,.F.);
#1727=EDGE_CURVE('',#2023,#2165,#197,.F.);
#1728=EDGE_CURVE('',#2174,#2139,#198,.F.);
#1729=EDGE_CURVE('',#2140,#2177,#199,.F.);
#1730=EDGE_CURVE('',#2029,#2176,#200,.F.);
#1731=EDGE_CURVE('',#2175,#2030,#201,.F.);
#1732=EDGE_CURVE('',#2142,#2173,#202,.F.);
#1733=EDGE_CURVE('',#2170,#2141,#203,.F.);
#1734=EDGE_CURVE('',#2171,#2028,#204,.F.);
#1735=EDGE_CURVE('',#2027,#2172,#205,.F.);
#1736=EDGE_CURVE('',#2132,#2081,#2522,.T.);
#1737=EDGE_CURVE('',#2131,#2082,#2523,.T.);
#1738=EDGE_CURVE('',#2133,#2086,#2524,.T.);
#1739=EDGE_CURVE('',#2085,#2130,#2525,.T.);
#1740=EDGE_CURVE('',#2218,#2125,#2526,.T.);
#1741=EDGE_CURVE('',#2218,#2219,#2527,.T.);
#1742=EDGE_CURVE('',#2219,#2126,#2528,.T.);
#1743=EDGE_CURVE('',#2220,#2129,#2529,.T.);
#1744=EDGE_CURVE('',#2220,#2218,#232,.T.);
#1745=EDGE_CURVE('',#2221,#2128,#2530,.T.);
#1746=EDGE_CURVE('',#2221,#2220,#2531,.T.);
#1747=EDGE_CURVE('',#2222,#2127,#2532,.T.);
#1748=EDGE_CURVE('',#2222,#2221,#2533,.T.);
#1749=EDGE_CURVE('',#2219,#2222,#2534,.T.);
#1750=EDGE_CURVE('',#2223,#2120,#2535,.T.);
#1751=EDGE_CURVE('',#2223,#2224,#2536,.T.);
#1752=EDGE_CURVE('',#2224,#2121,#2537,.T.);
#1753=EDGE_CURVE('',#2225,#2124,#2538,.T.);
#1754=EDGE_CURVE('',#2225,#2223,#233,.T.);
#1755=EDGE_CURVE('',#2226,#2123,#2539,.T.);
#1756=EDGE_CURVE('',#2226,#2225,#2540,.T.);
#1757=EDGE_CURVE('',#2227,#2122,#2541,.T.);
#1758=EDGE_CURVE('',#2227,#2226,#2542,.T.);
#1759=EDGE_CURVE('',#2224,#2227,#2543,.T.);
#1760=EDGE_CURVE('',#2228,#2115,#2544,.T.);
#1761=EDGE_CURVE('',#2228,#2229,#2545,.T.);
#1762=EDGE_CURVE('',#2229,#2116,#2546,.T.);
#1763=EDGE_CURVE('',#2230,#2119,#2547,.T.);
#1764=EDGE_CURVE('',#2230,#2228,#234,.T.);
#1765=EDGE_CURVE('',#2231,#2118,#2548,.T.);
#1766=EDGE_CURVE('',#2231,#2230,#2549,.T.);
#1767=EDGE_CURVE('',#2232,#2117,#2550,.T.);
#1768=EDGE_CURVE('',#2232,#2231,#2551,.T.);
#1769=EDGE_CURVE('',#2229,#2232,#2552,.T.);
#1770=EDGE_CURVE('',#2233,#2110,#2553,.T.);
#1771=EDGE_CURVE('',#2233,#2234,#235,.T.);
#1772=EDGE_CURVE('',#2234,#2111,#2554,.T.);
#1773=EDGE_CURVE('',#2235,#2114,#2555,.T.);
#1774=EDGE_CURVE('',#2233,#2235,#2556,.T.);
#1775=EDGE_CURVE('',#2236,#2113,#2557,.T.);
#1776=EDGE_CURVE('',#2235,#2236,#2558,.T.);
#1777=EDGE_CURVE('',#2237,#2112,#2559,.T.);
#1778=EDGE_CURVE('',#2236,#2237,#2560,.T.);
#1779=EDGE_CURVE('',#2237,#2234,#2561,.T.);
#1780=EDGE_CURVE('',#2238,#2105,#2562,.T.);
#1781=EDGE_CURVE('',#2238,#2239,#236,.T.);
#1782=EDGE_CURVE('',#2239,#2106,#2563,.T.);
#1783=EDGE_CURVE('',#2240,#2109,#2564,.T.);
#1784=EDGE_CURVE('',#2238,#2240,#2565,.T.);
#1785=EDGE_CURVE('',#2241,#2108,#2566,.T.);
#1786=EDGE_CURVE('',#2240,#2241,#2567,.T.);
#1787=EDGE_CURVE('',#2242,#2107,#2568,.T.);
#1788=EDGE_CURVE('',#2241,#2242,#2569,.T.);
#1789=EDGE_CURVE('',#2242,#2239,#2570,.T.);
#1790=EDGE_CURVE('',#2078,#2079,#2571,.T.);
#1791=EDGE_CURVE('',#2077,#2080,#2572,.T.);
#1792=EDGE_CURVE('',#2243,#2072,#2573,.T.);
#1793=EDGE_CURVE('',#2243,#2244,#2574,.T.);
#1794=EDGE_CURVE('',#2244,#2073,#2575,.T.);
#1795=EDGE_CURVE('',#2245,#2076,#2576,.T.);
#1796=EDGE_CURVE('',#2245,#2243,#237,.T.);
#1797=EDGE_CURVE('',#2246,#2075,#2577,.T.);
#1798=EDGE_CURVE('',#2246,#2245,#2578,.T.);
#1799=EDGE_CURVE('',#2247,#2074,#2579,.T.);
#1800=EDGE_CURVE('',#2247,#2246,#2580,.T.);
#1801=EDGE_CURVE('',#2244,#2247,#2581,.T.);
#1802=EDGE_CURVE('',#2248,#2067,#2582,.T.);
#1803=EDGE_CURVE('',#2248,#2249,#2583,.T.);
#1804=EDGE_CURVE('',#2249,#2068,#2584,.T.);
#1805=EDGE_CURVE('',#2250,#2071,#2585,.T.);
#1806=EDGE_CURVE('',#2250,#2248,#238,.T.);
#1807=EDGE_CURVE('',#2251,#2070,#2586,.T.);
#1808=EDGE_CURVE('',#2251,#2250,#2587,.T.);
#1809=EDGE_CURVE('',#2252,#2069,#2588,.T.);
#1810=EDGE_CURVE('',#2252,#2251,#2589,.T.);
#1811=EDGE_CURVE('',#2249,#2252,#2590,.T.);
#1812=EDGE_CURVE('',#2253,#2062,#2591,.T.);
#1813=EDGE_CURVE('',#2253,#2254,#2592,.T.);
#1814=EDGE_CURVE('',#2254,#2063,#2593,.T.);
#1815=EDGE_CURVE('',#2255,#2066,#2594,.T.);
#1816=EDGE_CURVE('',#2255,#2253,#239,.T.);
#1817=EDGE_CURVE('',#2256,#2065,#2595,.T.);
#1818=EDGE_CURVE('',#2256,#2255,#2596,.T.);
#1819=EDGE_CURVE('',#2257,#2064,#2597,.T.);
#1820=EDGE_CURVE('',#2257,#2256,#2598,.T.);
#1821=EDGE_CURVE('',#2254,#2257,#2599,.T.);
#1822=EDGE_CURVE('',#2258,#2057,#2600,.T.);
#1823=EDGE_CURVE('',#2258,#2259,#240,.T.);
#1824=EDGE_CURVE('',#2259,#2058,#2601,.T.);
#1825=EDGE_CURVE('',#2260,#2061,#2602,.T.);
#1826=EDGE_CURVE('',#2258,#2260,#2603,.T.);
#1827=EDGE_CURVE('',#2261,#2060,#2604,.T.);
#1828=EDGE_CURVE('',#2260,#2261,#2605,.T.);
#1829=EDGE_CURVE('',#2262,#2059,#2606,.T.);
#1830=EDGE_CURVE('',#2261,#2262,#2607,.T.);
#1831=EDGE_CURVE('',#2262,#2259,#2608,.T.);
#1832=EDGE_CURVE('',#2263,#2052,#2609,.T.);
#1833=EDGE_CURVE('',#2263,#2264,#241,.T.);
#1834=EDGE_CURVE('',#2264,#2053,#2610,.T.);
#1835=EDGE_CURVE('',#2265,#2056,#2611,.T.);
#1836=EDGE_CURVE('',#2263,#2265,#2612,.T.);
#1837=EDGE_CURVE('',#2266,#2055,#2613,.T.);
#1838=EDGE_CURVE('',#2265,#2266,#2614,.T.);
#1839=EDGE_CURVE('',#2267,#2054,#2615,.T.);
#1840=EDGE_CURVE('',#2266,#2267,#2616,.T.);
#1841=EDGE_CURVE('',#2267,#2264,#2617,.T.);
#1842=EDGE_CURVE('',#1960,#2036,#2618,.T.);
#1843=EDGE_CURVE('',#1961,#2038,#2619,.T.);
#1844=EDGE_CURVE('',#1962,#2037,#2620,.T.);
#1845=EDGE_CURVE('',#1963,#2039,#2621,.T.);
#1846=EDGE_CURVE('',#1991,#2040,#2622,.T.);
#1847=EDGE_CURVE('',#1992,#2042,#2623,.T.);
#1848=EDGE_CURVE('',#1993,#2041,#2624,.T.);
#1849=EDGE_CURVE('',#1994,#2043,#2625,.T.);
#1850=EDGE_CURVE('',#2268,#1990,#2626,.T.);
#1851=EDGE_CURVE('',#2269,#2268,#2627,.T.);
#1852=EDGE_CURVE('',#2269,#1989,#2628,.T.);
#1853=EDGE_CURVE('',#2268,#2269,#242,.T.);
#1854=EDGE_CURVE('',#2270,#1995,#2629,.T.);
#1855=EDGE_CURVE('',#2270,#2271,#243,.T.);
#1856=EDGE_CURVE('',#2271,#1997,#2630,.T.);
#1857=EDGE_CURVE('',#2272,#1996,#2631,.T.);
#1858=EDGE_CURVE('',#2270,#2272,#2632,.T.);
#1859=EDGE_CURVE('',#2273,#1999,#2633,.T.);
#1860=EDGE_CURVE('',#2272,#2273,#2634,.T.);
#1861=EDGE_CURVE('',#2274,#1998,#2635,.T.);
#1862=EDGE_CURVE('',#2273,#2274,#2636,.T.);
#1863=EDGE_CURVE('',#2274,#2271,#2637,.T.);
#1864=EDGE_CURVE('',#2275,#2001,#2638,.T.);
#1865=EDGE_CURVE('',#2275,#2276,#2639,.T.);
#1866=EDGE_CURVE('',#2276,#2002,#2640,.T.);
#1867=EDGE_CURVE('',#2277,#2000,#2641,.T.);
#1868=EDGE_CURVE('',#2277,#2275,#244,.T.);
#1869=EDGE_CURVE('',#2278,#2004,#2642,.T.);
#1870=EDGE_CURVE('',#2278,#2277,#2643,.T.);
#1871=EDGE_CURVE('',#2279,#2003,#2644,.T.);
#1872=EDGE_CURVE('',#2279,#2278,#2645,.T.);
#1873=EDGE_CURVE('',#2276,#2279,#2646,.T.);
#1874=EDGE_CURVE('',#2280,#2006,#2647,.T.);
#1875=EDGE_CURVE('',#2280,#2281,#2648,.T.);
#1876=EDGE_CURVE('',#2281,#2007,#2649,.T.);
#1877=EDGE_CURVE('',#2282,#2005,#2650,.T.);
#1878=EDGE_CURVE('',#2282,#2280,#245,.T.);
#1879=EDGE_CURVE('',#2283,#2009,#2651,.T.);
#1880=EDGE_CURVE('',#2283,#2282,#2652,.T.);
#1881=EDGE_CURVE('',#2284,#2008,#2653,.T.);
#1882=EDGE_CURVE('',#2284,#2283,#2654,.T.);
#1883=EDGE_CURVE('',#2281,#2284,#2655,.T.);
#1884=EDGE_CURVE('',#2285,#2011,#2656,.T.);
#1885=EDGE_CURVE('',#2285,#2286,#2657,.T.);
#1886=EDGE_CURVE('',#2286,#2012,#2658,.T.);
#1887=EDGE_CURVE('',#2287,#2010,#2659,.T.);
#1888=EDGE_CURVE('',#2287,#2285,#246,.T.);
#1889=EDGE_CURVE('',#2288,#2014,#2660,.T.);
#1890=EDGE_CURVE('',#2288,#2287,#2661,.T.);
#1891=EDGE_CURVE('',#2289,#2013,#2662,.T.);
#1892=EDGE_CURVE('',#2289,#2288,#2663,.T.);
#1893=EDGE_CURVE('',#2286,#2289,#2664,.T.);
#1894=EDGE_CURVE('',#2290,#2015,#2665,.T.);
#1895=EDGE_CURVE('',#2290,#2291,#247,.T.);
#1896=EDGE_CURVE('',#2291,#2017,#2666,.T.);
#1897=EDGE_CURVE('',#2292,#2016,#2667,.T.);
#1898=EDGE_CURVE('',#2290,#2292,#2668,.T.);
#1899=EDGE_CURVE('',#2293,#2019,#2669,.T.);
#1900=EDGE_CURVE('',#2292,#2293,#2670,.T.);
#1901=EDGE_CURVE('',#2294,#2018,#2671,.T.);
#1902=EDGE_CURVE('',#2293,#2294,#2672,.T.);
#1903=EDGE_CURVE('',#2294,#2291,#2673,.T.);
#1904=EDGE_CURVE('',#2295,#1965,#2674,.T.);
#1905=EDGE_CURVE('',#2295,#2296,#2675,.T.);
#1906=EDGE_CURVE('',#2296,#1966,#2676,.T.);
#1907=EDGE_CURVE('',#2297,#1964,#2677,.T.);
#1908=EDGE_CURVE('',#2297,#2295,#248,.T.);
#1909=EDGE_CURVE('',#2298,#1968,#2678,.T.);
#1910=EDGE_CURVE('',#2298,#2297,#2679,.T.);
#1911=EDGE_CURVE('',#2299,#1967,#2680,.T.);
#1912=EDGE_CURVE('',#2299,#2298,#2681,.T.);
#1913=EDGE_CURVE('',#2296,#2299,#2682,.T.);
#1914=EDGE_CURVE('',#2300,#1969,#2683,.T.);
#1915=EDGE_CURVE('',#2300,#2301,#249,.T.);
#1916=EDGE_CURVE('',#2301,#1971,#2684,.T.);
#1917=EDGE_CURVE('',#2302,#1970,#2685,.T.);
#1918=EDGE_CURVE('',#2300,#2302,#2686,.T.);
#1919=EDGE_CURVE('',#2303,#1973,#2687,.T.);
#1920=EDGE_CURVE('',#2302,#2303,#2688,.T.);
#1921=EDGE_CURVE('',#2304,#1972,#2689,.T.);
#1922=EDGE_CURVE('',#2303,#2304,#2690,.T.);
#1923=EDGE_CURVE('',#2304,#2301,#2691,.T.);
#1924=EDGE_CURVE('',#2305,#1974,#2692,.T.);
#1925=EDGE_CURVE('',#2305,#2306,#250,.T.);
#1926=EDGE_CURVE('',#2306,#1976,#2693,.T.);
#1927=EDGE_CURVE('',#2307,#1975,#2694,.T.);
#1928=EDGE_CURVE('',#2305,#2307,#2695,.T.);
#1929=EDGE_CURVE('',#2308,#1978,#2696,.T.);
#1930=EDGE_CURVE('',#2307,#2308,#2697,.T.);
#1931=EDGE_CURVE('',#2309,#1977,#2698,.T.);
#1932=EDGE_CURVE('',#2308,#2309,#2699,.T.);
#1933=EDGE_CURVE('',#2309,#2306,#2700,.T.);
#1934=EDGE_CURVE('',#2310,#1980,#2701,.T.);
#1935=EDGE_CURVE('',#2310,#2311,#2702,.T.);
#1936=EDGE_CURVE('',#2311,#1981,#2703,.T.);
#1937=EDGE_CURVE('',#2312,#1979,#2704,.T.);
#1938=EDGE_CURVE('',#2312,#2310,#251,.T.);
#1939=EDGE_CURVE('',#2313,#1983,#2705,.T.);
#1940=EDGE_CURVE('',#2313,#2312,#2706,.T.);
#1941=EDGE_CURVE('',#2314,#1982,#2707,.T.);
#1942=EDGE_CURVE('',#2314,#2313,#2708,.T.);
#1943=EDGE_CURVE('',#2311,#2314,#2709,.T.);
#1944=EDGE_CURVE('',#2315,#1985,#2710,.T.);
#1945=EDGE_CURVE('',#2315,#2316,#2711,.T.);
#1946=EDGE_CURVE('',#2316,#1986,#2712,.T.);
#1947=EDGE_CURVE('',#2317,#1984,#2713,.T.);
#1948=EDGE_CURVE('',#2317,#2315,#252,.T.);
#1949=EDGE_CURVE('',#2318,#1988,#2714,.T.);
#1950=EDGE_CURVE('',#2318,#2317,#2715,.T.);
#1951=EDGE_CURVE('',#2319,#1987,#2716,.T.);
#1952=EDGE_CURVE('',#2319,#2318,#2717,.T.);
#1953=EDGE_CURVE('',#2316,#2319,#2718,.T.);
#1954=EDGE_CURVE('',#2320,#1959,#2719,.T.);
#1955=EDGE_CURVE('',#2321,#2320,#2720,.T.);
#1956=EDGE_CURVE('',#2321,#1958,#2721,.T.);
#1957=EDGE_CURVE('',#2320,#2321,#253,.T.);
#1958=VERTEX_POINT('',#5231);
#1959=VERTEX_POINT('',#5232);
#1960=VERTEX_POINT('',#5235);
#1961=VERTEX_POINT('',#5236);
#1962=VERTEX_POINT('',#5238);
#1963=VERTEX_POINT('',#5240);
#1964=VERTEX_POINT('',#5243);
#1965=VERTEX_POINT('',#5244);
#1966=VERTEX_POINT('',#5246);
#1967=VERTEX_POINT('',#5248);
#1968=VERTEX_POINT('',#5250);
#1969=VERTEX_POINT('',#5253);
#1970=VERTEX_POINT('',#5254);
#1971=VERTEX_POINT('',#5256);
#1972=VERTEX_POINT('',#5258);
#1973=VERTEX_POINT('',#5260);
#1974=VERTEX_POINT('',#5263);
#1975=VERTEX_POINT('',#5264);
#1976=VERTEX_POINT('',#5266);
#1977=VERTEX_POINT('',#5268);
#1978=VERTEX_POINT('',#5270);
#1979=VERTEX_POINT('',#5273);
#1980=VERTEX_POINT('',#5274);
#1981=VERTEX_POINT('',#5276);
#1982=VERTEX_POINT('',#5278);
#1983=VERTEX_POINT('',#5280);
#1984=VERTEX_POINT('',#5283);
#1985=VERTEX_POINT('',#5284);
#1986=VERTEX_POINT('',#5286);
#1987=VERTEX_POINT('',#5288);
#1988=VERTEX_POINT('',#5290);
#1989=VERTEX_POINT('',#5294);
#1990=VERTEX_POINT('',#5295);
#1991=VERTEX_POINT('',#5298);
#1992=VERTEX_POINT('',#5299);
#1993=VERTEX_POINT('',#5301);
#1994=VERTEX_POINT('',#5303);
#1995=VERTEX_POINT('',#5306);
#1996=VERTEX_POINT('',#5307);
#1997=VERTEX_POINT('',#5309);
#1998=VERTEX_POINT('',#5311);
#1999=VERTEX_POINT('',#5313);
#2000=VERTEX_POINT('',#5316);
#2001=VERTEX_POINT('',#5317);
#2002=VERTEX_POINT('',#5319);
#2003=VERTEX_POINT('',#5321);
#2004=VERTEX_POINT('',#5323);
#2005=VERTEX_POINT('',#5326);
#2006=VERTEX_POINT('',#5327);
#2007=VERTEX_POINT('',#5329);
#2008=VERTEX_POINT('',#5331);
#2009=VERTEX_POINT('',#5333);
#2010=VERTEX_POINT('',#5336);
#2011=VERTEX_POINT('',#5337);
#2012=VERTEX_POINT('',#5339);
#2013=VERTEX_POINT('',#5341);
#2014=VERTEX_POINT('',#5343);
#2015=VERTEX_POINT('',#5346);
#2016=VERTEX_POINT('',#5347);
#2017=VERTEX_POINT('',#5349);
#2018=VERTEX_POINT('',#5351);
#2019=VERTEX_POINT('',#5353);
#2020=VERTEX_POINT('',#5357);
#2021=VERTEX_POINT('',#5358);
#2022=VERTEX_POINT('',#5363);
#2023=VERTEX_POINT('',#5365);
#2024=VERTEX_POINT('',#5370);
#2025=VERTEX_POINT('',#5372);
#2026=VERTEX_POINT('',#5374);
#2027=VERTEX_POINT('',#5376);
#2028=VERTEX_POINT('',#5381);
#2029=VERTEX_POINT('',#5383);
#2030=VERTEX_POINT('',#5388);
#2031=VERTEX_POINT('',#5390);
#2032=VERTEX_POINT('',#5393);
#2033=VERTEX_POINT('',#5394);
#2034=VERTEX_POINT('',#5396);
#2035=VERTEX_POINT('',#5398);
#2036=VERTEX_POINT('',#5401);
#2037=VERTEX_POINT('',#5402);
#2038=VERTEX_POINT('',#5404);
#2039=VERTEX_POINT('',#5406);
#2040=VERTEX_POINT('',#5409);
#2041=VERTEX_POINT('',#5410);
#2042=VERTEX_POINT('',#5412);
#2043=VERTEX_POINT('',#5414);
#2044=VERTEX_POINT('',#5418);
#2045=VERTEX_POINT('',#5419);
#2046=VERTEX_POINT('',#5421);
#2047=VERTEX_POINT('',#5423);
#2048=VERTEX_POINT('',#5427);
#2049=VERTEX_POINT('',#5428);
#2050=VERTEX_POINT('',#5430);
#2051=VERTEX_POINT('',#5432);
#2052=VERTEX_POINT('',#5436);
#2053=VERTEX_POINT('',#5437);
#2054=VERTEX_POINT('',#5439);
#2055=VERTEX_POINT('',#5441);
#2056=VERTEX_POINT('',#5443);
#2057=VERTEX_POINT('',#5446);
#2058=VERTEX_POINT('',#5447);
#2059=VERTEX_POINT('',#5449);
#2060=VERTEX_POINT('',#5451);
#2061=VERTEX_POINT('',#5453);
#2062=VERTEX_POINT('',#5456);
#2063=VERTEX_POINT('',#5457);
#2064=VERTEX_POINT('',#5459);
#2065=VERTEX_POINT('',#5461);
#2066=VERTEX_POINT('',#5463);
#2067=VERTEX_POINT('',#5466);
#2068=VERTEX_POINT('',#5467);
#2069=VERTEX_POINT('',#5469);
#2070=VERTEX_POINT('',#5471);
#2071=VERTEX_POINT('',#5473);
#2072=VERTEX_POINT('',#5476);
#2073=VERTEX_POINT('',#5477);
#2074=VERTEX_POINT('',#5479);
#2075=VERTEX_POINT('',#5481);
#2076=VERTEX_POINT('',#5483);
#2077=VERTEX_POINT('',#5487);
#2078=VERTEX_POINT('',#5489);
#2079=VERTEX_POINT('',#5494);
#2080=VERTEX_POINT('',#5496);
#2081=VERTEX_POINT('',#5499);
#2082=VERTEX_POINT('',#5500);
#2083=VERTEX_POINT('',#5502);
#2084=VERTEX_POINT('',#5504);
#2085=VERTEX_POINT('',#5506);
#2086=VERTEX_POINT('',#5508);
#2087=VERTEX_POINT('',#5511);
#2088=VERTEX_POINT('',#5512);
#2089=VERTEX_POINT('',#5517);
#2090=VERTEX_POINT('',#5519);
#2091=VERTEX_POINT('',#5521);
#2092=VERTEX_POINT('',#5523);
#2093=VERTEX_POINT('',#5528);
#2094=VERTEX_POINT('',#5530);
#2095=VERTEX_POINT('',#5535);
#2096=VERTEX_POINT('',#5537);
#2097=VERTEX_POINT('',#5539);
#2098=VERTEX_POINT('',#5541);
#2099=VERTEX_POINT('',#5547);
#2100=VERTEX_POINT('',#5548);
#2101=VERTEX_POINT('',#5550);
#2102=VERTEX_POINT('',#5552);
#2103=VERTEX_POINT('',#5556);
#2104=VERTEX_POINT('',#5558);
#2105=VERTEX_POINT('',#5562);
#2106=VERTEX_POINT('',#5563);
#2107=VERTEX_POINT('',#5565);
#2108=VERTEX_POINT('',#5567);
#2109=VERTEX_POINT('',#5569);
#2110=VERTEX_POINT('',#5572);
#2111=VERTEX_POINT('',#5573);
#2112=VERTEX_POINT('',#5575);
#2113=VERTEX_POINT('',#5577);
#2114=VERTEX_POINT('',#5579);
#2115=VERTEX_POINT('',#5582);
#2116=VERTEX_POINT('',#5583);
#2117=VERTEX_POINT('',#5585);
#2118=VERTEX_POINT('',#5587);
#2119=VERTEX_POINT('',#5589);
#2120=VERTEX_POINT('',#5592);
#2121=VERTEX_POINT('',#5593);
#2122=VERTEX_POINT('',#5595);
#2123=VERTEX_POINT('',#5597);
#2124=VERTEX_POINT('',#5599);
#2125=VERTEX_POINT('',#5602);
#2126=VERTEX_POINT('',#5603);
#2127=VERTEX_POINT('',#5605);
#2128=VERTEX_POINT('',#5607);
#2129=VERTEX_POINT('',#5609);
#2130=VERTEX_POINT('',#5612);
#2131=VERTEX_POINT('',#5614);
#2132=VERTEX_POINT('',#5616);
#2133=VERTEX_POINT('',#5618);
#2134=VERTEX_POINT('',#5622);
#2135=VERTEX_POINT('',#5623);
#2136=VERTEX_POINT('',#5628);
#2137=VERTEX_POINT('',#5630);
#2138=VERTEX_POINT('',#5632);
#2139=VERTEX_POINT('',#5634);
#2140=VERTEX_POINT('',#5639);
#2141=VERTEX_POINT('',#5641);
#2142=VERTEX_POINT('',#5646);
#2143=VERTEX_POINT('',#5648);
#2144=VERTEX_POINT('',#5650);
#2145=VERTEX_POINT('',#5655);
#2146=VERTEX_POINT('',#5657);
#2147=VERTEX_POINT('',#5659);
#2148=VERTEX_POINT('',#5661);
#2149=VERTEX_POINT('',#5667);
#2150=VERTEX_POINT('',#5668);
#2151=VERTEX_POINT('',#5673);
#2152=VERTEX_POINT('',#5675);
#2153=VERTEX_POINT('',#5677);
#2154=VERTEX_POINT('',#5679);
#2155=VERTEX_POINT('',#5681);
#2156=VERTEX_POINT('',#5688);
#2157=VERTEX_POINT('',#5690);
#2158=VERTEX_POINT('',#5693);
#2159=VERTEX_POINT('',#5711);
#2160=VERTEX_POINT('',#5712);
#2161=VERTEX_POINT('',#5717);
#2162=VERTEX_POINT('',#5722);
#2163=VERTEX_POINT('',#5741);
#2164=VERTEX_POINT('',#5742);
#2165=VERTEX_POINT('',#5747);
#2166=VERTEX_POINT('',#5752);
#2167=VERTEX_POINT('',#5765);
#2168=VERTEX_POINT('',#5767);
#2169=VERTEX_POINT('',#5770);
#2170=VERTEX_POINT('',#5783);
#2171=VERTEX_POINT('',#5784);
#2172=VERTEX_POINT('',#5789);
#2173=VERTEX_POINT('',#5794);
#2174=VERTEX_POINT('',#5813);
#2175=VERTEX_POINT('',#5814);
#2176=VERTEX_POINT('',#5819);
#2177=VERTEX_POINT('',#5824);
#2178=VERTEX_POINT('',#5840);
#2179=VERTEX_POINT('',#5844);
#2180=VERTEX_POINT('',#5854);
#2181=VERTEX_POINT('',#5858);
#2182=VERTEX_POINT('',#5865);
#2183=VERTEX_POINT('',#5869);
#2184=VERTEX_POINT('',#5873);
#2185=VERTEX_POINT('',#5875);
#2186=VERTEX_POINT('',#5882);
#2187=VERTEX_POINT('',#5889);
#2188=VERTEX_POINT('',#5890);
#2189=VERTEX_POINT('',#5895);
#2190=VERTEX_POINT('',#5900);
#2191=VERTEX_POINT('',#5907);
#2192=VERTEX_POINT('',#5908);
#2193=VERTEX_POINT('',#5922);
#2194=VERTEX_POINT('',#5923);
#2195=VERTEX_POINT('',#5928);
#2196=VERTEX_POINT('',#5933);
#2197=VERTEX_POINT('',#5940);
#2198=VERTEX_POINT('',#5950);
#2199=VERTEX_POINT('',#5957);
#2200=VERTEX_POINT('',#5958);
#2201=VERTEX_POINT('',#5963);
#2202=VERTEX_POINT('',#5968);
#2203=VERTEX_POINT('',#5978);
#2204=VERTEX_POINT('',#5980);
#2205=VERTEX_POINT('',#5990);
#2206=VERTEX_POINT('',#5991);
#2207=VERTEX_POINT('',#5996);
#2208=VERTEX_POINT('',#6001);
#2209=VERTEX_POINT('',#6008);
#2210=VERTEX_POINT('',#6045);
#2211=VERTEX_POINT('',#6046);
#2212=VERTEX_POINT('',#6051);
#2213=VERTEX_POINT('',#6056);
#2214=VERTEX_POINT('',#6234);
#2215=VERTEX_POINT('',#6235);
#2216=VERTEX_POINT('',#6240);
#2217=VERTEX_POINT('',#6245);
#2218=VERTEX_POINT('',#7229);
#2219=VERTEX_POINT('',#7231);
#2220=VERTEX_POINT('',#7235);
#2221=VERTEX_POINT('',#7239);
#2222=VERTEX_POINT('',#7243);
#2223=VERTEX_POINT('',#7250);
#2224=VERTEX_POINT('',#7252);
#2225=VERTEX_POINT('',#7256);
#2226=VERTEX_POINT('',#7260);
#2227=VERTEX_POINT('',#7264);
#2228=VERTEX_POINT('',#7271);
#2229=VERTEX_POINT('',#7273);
#2230=VERTEX_POINT('',#7277);
#2231=VERTEX_POINT('',#7281);
#2232=VERTEX_POINT('',#7285);
#2233=VERTEX_POINT('',#7292);
#2234=VERTEX_POINT('',#7294);
#2235=VERTEX_POINT('',#7298);
#2236=VERTEX_POINT('',#7302);
#2237=VERTEX_POINT('',#7306);
#2238=VERTEX_POINT('',#7313);
#2239=VERTEX_POINT('',#7315);
#2240=VERTEX_POINT('',#7319);
#2241=VERTEX_POINT('',#7323);
#2242=VERTEX_POINT('',#7327);
#2243=VERTEX_POINT('',#7340);
#2244=VERTEX_POINT('',#7342);
#2245=VERTEX_POINT('',#7346);
#2246=VERTEX_POINT('',#7350);
#2247=VERTEX_POINT('',#7354);
#2248=VERTEX_POINT('',#7361);
#2249=VERTEX_POINT('',#7363);
#2250=VERTEX_POINT('',#7367);
#2251=VERTEX_POINT('',#7371);
#2252=VERTEX_POINT('',#7375);
#2253=VERTEX_POINT('',#7382);
#2254=VERTEX_POINT('',#7384);
#2255=VERTEX_POINT('',#7388);
#2256=VERTEX_POINT('',#7392);
#2257=VERTEX_POINT('',#7396);
#2258=VERTEX_POINT('',#7403);
#2259=VERTEX_POINT('',#7405);
#2260=VERTEX_POINT('',#7409);
#2261=VERTEX_POINT('',#7413);
#2262=VERTEX_POINT('',#7417);
#2263=VERTEX_POINT('',#7424);
#2264=VERTEX_POINT('',#7426);
#2265=VERTEX_POINT('',#7430);
#2266=VERTEX_POINT('',#7434);
#2267=VERTEX_POINT('',#7438);
#2268=VERTEX_POINT('',#7461);
#2269=VERTEX_POINT('',#7463);
#2270=VERTEX_POINT('',#7470);
#2271=VERTEX_POINT('',#7472);
#2272=VERTEX_POINT('',#7476);
#2273=VERTEX_POINT('',#7480);
#2274=VERTEX_POINT('',#7484);
#2275=VERTEX_POINT('',#7491);
#2276=VERTEX_POINT('',#7493);
#2277=VERTEX_POINT('',#7497);
#2278=VERTEX_POINT('',#7501);
#2279=VERTEX_POINT('',#7505);
#2280=VERTEX_POINT('',#7512);
#2281=VERTEX_POINT('',#7514);
#2282=VERTEX_POINT('',#7518);
#2283=VERTEX_POINT('',#7522);
#2284=VERTEX_POINT('',#7526);
#2285=VERTEX_POINT('',#7533);
#2286=VERTEX_POINT('',#7535);
#2287=VERTEX_POINT('',#7539);
#2288=VERTEX_POINT('',#7543);
#2289=VERTEX_POINT('',#7547);
#2290=VERTEX_POINT('',#7554);
#2291=VERTEX_POINT('',#7556);
#2292=VERTEX_POINT('',#7560);
#2293=VERTEX_POINT('',#7564);
#2294=VERTEX_POINT('',#7568);
#2295=VERTEX_POINT('',#7575);
#2296=VERTEX_POINT('',#7577);
#2297=VERTEX_POINT('',#7581);
#2298=VERTEX_POINT('',#7585);
#2299=VERTEX_POINT('',#7589);
#2300=VERTEX_POINT('',#7596);
#2301=VERTEX_POINT('',#7598);
#2302=VERTEX_POINT('',#7602);
#2303=VERTEX_POINT('',#7606);
#2304=VERTEX_POINT('',#7610);
#2305=VERTEX_POINT('',#7617);
#2306=VERTEX_POINT('',#7619);
#2307=VERTEX_POINT('',#7623);
#2308=VERTEX_POINT('',#7627);
#2309=VERTEX_POINT('',#7631);
#2310=VERTEX_POINT('',#7638);
#2311=VERTEX_POINT('',#7640);
#2312=VERTEX_POINT('',#7644);
#2313=VERTEX_POINT('',#7648);
#2314=VERTEX_POINT('',#7652);
#2315=VERTEX_POINT('',#7659);
#2316=VERTEX_POINT('',#7661);
#2317=VERTEX_POINT('',#7665);
#2318=VERTEX_POINT('',#7669);
#2319=VERTEX_POINT('',#7673);
#2320=VERTEX_POINT('',#7680);
#2321=VERTEX_POINT('',#7682);
#2322=LINE('',#5230,#2722);
#2323=LINE('',#5234,#2723);
#2324=LINE('',#5237,#2724);
#2325=LINE('',#5239,#2725);
#2326=LINE('',#5241,#2726);
#2327=LINE('',#5245,#2727);
#2328=LINE('',#5247,#2728);
#2329=LINE('',#5249,#2729);
#2330=LINE('',#5251,#2730);
#2331=LINE('',#5252,#2731);
#2332=LINE('',#5257,#2732);
#2333=LINE('',#5259,#2733);
#2334=LINE('',#5261,#2734);
#2335=LINE('',#5262,#2735);
#2336=LINE('',#5267,#2736);
#2337=LINE('',#5269,#2737);
#2338=LINE('',#5271,#2738);
#2339=LINE('',#5275,#2739);
#2340=LINE('',#5277,#2740);
#2341=LINE('',#5279,#2741);
#2342=LINE('',#5281,#2742);
#2343=LINE('',#5285,#2743);
#2344=LINE('',#5287,#2744);
#2345=LINE('',#5289,#2745);
#2346=LINE('',#5291,#2746);
#2347=LINE('',#5293,#2747);
#2348=LINE('',#5297,#2748);
#2349=LINE('',#5300,#2749);
#2350=LINE('',#5302,#2750);
#2351=LINE('',#5304,#2751);
#2352=LINE('',#5305,#2752);
#2353=LINE('',#5310,#2753);
#2354=LINE('',#5312,#2754);
#2355=LINE('',#5314,#2755);
#2356=LINE('',#5318,#2756);
#2357=LINE('',#5320,#2757);
#2358=LINE('',#5322,#2758);
#2359=LINE('',#5324,#2759);
#2360=LINE('',#5328,#2760);
#2361=LINE('',#5330,#2761);
#2362=LINE('',#5332,#2762);
#2363=LINE('',#5334,#2763);
#2364=LINE('',#5338,#2764);
#2365=LINE('',#5340,#2765);
#2366=LINE('',#5342,#2766);
#2367=LINE('',#5344,#2767);
#2368=LINE('',#5345,#2768);
#2369=LINE('',#5350,#2769);
#2370=LINE('',#5352,#2770);
#2371=LINE('',#5354,#2771);
#2372=LINE('',#5356,#2772);
#2373=LINE('',#5364,#2773);
#2374=LINE('',#5371,#2774);
#2375=LINE('',#5373,#2775);
#2376=LINE('',#5375,#2776);
#2377=LINE('',#5382,#2777);
#2378=LINE('',#5389,#2778);
#2379=LINE('',#5391,#2779);
#2380=LINE('',#5392,#2780);
#2381=LINE('',#5395,#2781);
#2382=LINE('',#5397,#2782);
#2383=LINE('',#5399,#2783);
#2384=LINE('',#5400,#2784);
#2385=LINE('',#5403,#2785);
#2386=LINE('',#5405,#2786);
#2387=LINE('',#5407,#2787);
#2388=LINE('',#5408,#2788);
#2389=LINE('',#5411,#2789);
#2390=LINE('',#5413,#2790);
#2391=LINE('',#5415,#2791);
#2392=LINE('',#5417,#2792);
#2393=LINE('',#5420,#2793);
#2394=LINE('',#5422,#2794);
#2395=LINE('',#5424,#2795);
#2396=LINE('',#5426,#2796);
#2397=LINE('',#5429,#2797);
#2398=LINE('',#5431,#2798);
#2399=LINE('',#5433,#2799);
#2400=LINE('',#5438,#2800);
#2401=LINE('',#5440,#2801);
#2402=LINE('',#5442,#2802);
#2403=LINE('',#5444,#2803);
#2404=LINE('',#5448,#2804);
#2405=LINE('',#5450,#2805);
#2406=LINE('',#5452,#2806);
#2407=LINE('',#5454,#2807);
#2408=LINE('',#5455,#2808);
#2409=LINE('',#5458,#2809);
#2410=LINE('',#5460,#2810);
#2411=LINE('',#5462,#2811);
#2412=LINE('',#5465,#2812);
#2413=LINE('',#5468,#2813);
#2414=LINE('',#5470,#2814);
#2415=LINE('',#5472,#2815);
#2416=LINE('',#5475,#2816);
#2417=LINE('',#5478,#2817);
#2418=LINE('',#5480,#2818);
#2419=LINE('',#5482,#2819);
#2420=LINE('',#5486,#2820);
#2421=LINE('',#5488,#2821);
#2422=LINE('',#5490,#2822);
#2423=LINE('',#5493,#2823);
#2424=LINE('',#5495,#2824);
#2425=LINE('',#5497,#2825);
#2426=LINE('',#5498,#2826);
#2427=LINE('',#5501,#2827);
#2428=LINE('',#5503,#2828);
#2429=LINE('',#5507,#2829);
#2430=LINE('',#5509,#2830);
#2431=LINE('',#5510,#2831);
#2432=LINE('',#5518,#2832);
#2433=LINE('',#5520,#2833);
#2434=LINE('',#5522,#2834);
#2435=LINE('',#5529,#2835);
#2436=LINE('',#5536,#2836);
#2437=LINE('',#5538,#2837);
#2438=LINE('',#5540,#2838);
#2439=LINE('',#5546,#2839);
#2440=LINE('',#5549,#2840);
#2441=LINE('',#5551,#2841);
#2442=LINE('',#5553,#2842);
#2443=LINE('',#5555,#2843);
#2444=LINE('',#5557,#2844);
#2445=LINE('',#5559,#2845);
#2446=LINE('',#5564,#2846);
#2447=LINE('',#5566,#2847);
#2448=LINE('',#5568,#2848);
#2449=LINE('',#5570,#2849);
#2450=LINE('',#5574,#2850);
#2451=LINE('',#5576,#2851);
#2452=LINE('',#5578,#2852);
#2453=LINE('',#5580,#2853);
#2454=LINE('',#5581,#2854);
#2455=LINE('',#5584,#2855);
#2456=LINE('',#5586,#2856);
#2457=LINE('',#5588,#2857);
#2458=LINE('',#5591,#2858);
#2459=LINE('',#5594,#2859);
#2460=LINE('',#5596,#2860);
#2461=LINE('',#5598,#2861);
#2462=LINE('',#5601,#2862);
#2463=LINE('',#5604,#2863);
#2464=LINE('',#5606,#2864);
#2465=LINE('',#5608,#2865);
#2466=LINE('',#5613,#2866);
#2467=LINE('',#5615,#2867);
#2468=LINE('',#5617,#2868);
#2469=LINE('',#5619,#2869);
#2470=LINE('',#5621,#2870);
#2471=LINE('',#5629,#2871);
#2472=LINE('',#5631,#2872);
#2473=LINE('',#5633,#2873);
#2474=LINE('',#5640,#2874);
#2475=LINE('',#5647,#2875);
#2476=LINE('',#5649,#2876);
#2477=LINE('',#5656,#2877);
#2478=LINE('',#5658,#2878);
#2479=LINE('',#5660,#2879);
#2480=LINE('',#5666,#2880);
#2481=LINE('',#5674,#2881);
#2482=LINE('',#5676,#2882);
#2483=LINE('',#5678,#2883);
#2484=LINE('',#5680,#2884);
#2485=LINE('',#5682,#2885);
#2486=LINE('',#5684,#2886);
#2487=LINE('',#5685,#2887);
#2488=LINE('',#5687,#2888);
#2489=LINE('',#5689,#2889);
#2490=LINE('',#5691,#2890);
#2491=LINE('',#5692,#2891);
#2492=LINE('',#5694,#2892);
#2493=LINE('',#5695,#2893);
#2494=LINE('',#5697,#2894);
#2495=LINE('',#5699,#2895);
#2496=LINE('',#5700,#2896);
#2497=LINE('',#5762,#2897);
#2498=LINE('',#5764,#2898);
#2499=LINE('',#5766,#2899);
#2500=LINE('',#5768,#2900);
#2501=LINE('',#5769,#2901);
#2502=LINE('',#5771,#2902);
#2503=LINE('',#5772,#2903);
#2504=LINE('',#5841,#2904);
#2505=LINE('',#5843,#2905);
#2506=LINE('',#5855,#2906);
#2507=LINE('',#5857,#2907);
#2508=LINE('',#5864,#2908);
#2509=LINE('',#5866,#2909);
#2510=LINE('',#5868,#2910);
#2511=LINE('',#5870,#2911);
#2512=LINE('',#5872,#2912);
#2513=LINE('',#5874,#2913);
#2514=LINE('',#5876,#2914);
#2515=LINE('',#5883,#2915);
#2516=LINE('',#5906,#2916);
#2517=LINE('',#5939,#2917);
#2518=LINE('',#5951,#2918);
#2519=LINE('',#5979,#2919);
#2520=LINE('',#6007,#2920);
#2521=LINE('',#6014,#2921);
#2522=LINE('',#7219,#2922);
#2523=LINE('',#7220,#2923);
#2524=LINE('',#7222,#2924);
#2525=LINE('',#7224,#2925);
#2526=LINE('',#7228,#2926);
#2527=LINE('',#7230,#2927);
#2528=LINE('',#7232,#2928);
#2529=LINE('',#7234,#2929);
#2530=LINE('',#7238,#2930);
#2531=LINE('',#7240,#2931);
#2532=LINE('',#7242,#2932);
#2533=LINE('',#7244,#2933);
#2534=LINE('',#7246,#2934);
#2535=LINE('',#7249,#2935);
#2536=LINE('',#7251,#2936);
#2537=LINE('',#7253,#2937);
#2538=LINE('',#7255,#2938);
#2539=LINE('',#7259,#2939);
#2540=LINE('',#7261,#2940);
#2541=LINE('',#7263,#2941);
#2542=LINE('',#7265,#2942);
#2543=LINE('',#7267,#2943);
#2544=LINE('',#7270,#2944);
#2545=LINE('',#7272,#2945);
#2546=LINE('',#7274,#2946);
#2547=LINE('',#7276,#2947);
#2548=LINE('',#7280,#2948);
#2549=LINE('',#7282,#2949);
#2550=LINE('',#7284,#2950);
#2551=LINE('',#7286,#2951);
#2552=LINE('',#7288,#2952);
#2553=LINE('',#7291,#2953);
#2554=LINE('',#7295,#2954);
#2555=LINE('',#7297,#2955);
#2556=LINE('',#7299,#2956);
#2557=LINE('',#7301,#2957);
#2558=LINE('',#7303,#2958);
#2559=LINE('',#7305,#2959);
#2560=LINE('',#7307,#2960);
#2561=LINE('',#7309,#2961);
#2562=LINE('',#7312,#2962);
#2563=LINE('',#7316,#2963);
#2564=LINE('',#7318,#2964);
#2565=LINE('',#7320,#2965);
#2566=LINE('',#7322,#2966);
#2567=LINE('',#7324,#2967);
#2568=LINE('',#7326,#2968);
#2569=LINE('',#7328,#2969);
#2570=LINE('',#7330,#2970);
#2571=LINE('',#7333,#2971);
#2572=LINE('',#7334,#2972);
#2573=LINE('',#7339,#2973);
#2574=LINE('',#7341,#2974);
#2575=LINE('',#7343,#2975);
#2576=LINE('',#7345,#2976);
#2577=LINE('',#7349,#2977);
#2578=LINE('',#7351,#2978);
#2579=LINE('',#7353,#2979);
#2580=LINE('',#7355,#2980);
#2581=LINE('',#7357,#2981);
#2582=LINE('',#7360,#2982);
#2583=LINE('',#7362,#2983);
#2584=LINE('',#7364,#2984);
#2585=LINE('',#7366,#2985);
#2586=LINE('',#7370,#2986);
#2587=LINE('',#7372,#2987);
#2588=LINE('',#7374,#2988);
#2589=LINE('',#7376,#2989);
#2590=LINE('',#7378,#2990);
#2591=LINE('',#7381,#2991);
#2592=LINE('',#7383,#2992);
#2593=LINE('',#7385,#2993);
#2594=LINE('',#7387,#2994);
#2595=LINE('',#7391,#2995);
#2596=LINE('',#7393,#2996);
#2597=LINE('',#7395,#2997);
#2598=LINE('',#7397,#2998);
#2599=LINE('',#7399,#2999);
#2600=LINE('',#7402,#3000);
#2601=LINE('',#7406,#3001);
#2602=LINE('',#7408,#3002);
#2603=LINE('',#7410,#3003);
#2604=LINE('',#7412,#3004);
#2605=LINE('',#7414,#3005);
#2606=LINE('',#7416,#3006);
#2607=LINE('',#7418,#3007);
#2608=LINE('',#7420,#3008);
#2609=LINE('',#7423,#3009);
#2610=LINE('',#7427,#3010);
#2611=LINE('',#7429,#3011);
#2612=LINE('',#7431,#3012);
#2613=LINE('',#7433,#3013);
#2614=LINE('',#7435,#3014);
#2615=LINE('',#7437,#3015);
#2616=LINE('',#7439,#3016);
#2617=LINE('',#7441,#3017);
#2618=LINE('',#7444,#3018);
#2619=LINE('',#7445,#3019);
#2620=LINE('',#7447,#3020);
#2621=LINE('',#7449,#3021);
#2622=LINE('',#7452,#3022);
#2623=LINE('',#7453,#3023);
#2624=LINE('',#7455,#3024);
#2625=LINE('',#7457,#3025);
#2626=LINE('',#7460,#3026);
#2627=LINE('',#7462,#3027);
#2628=LINE('',#7464,#3028);
#2629=LINE('',#7469,#3029);
#2630=LINE('',#7473,#3030);
#2631=LINE('',#7475,#3031);
#2632=LINE('',#7477,#3032);
#2633=LINE('',#7479,#3033);
#2634=LINE('',#7481,#3034);
#2635=LINE('',#7483,#3035);
#2636=LINE('',#7485,#3036);
#2637=LINE('',#7487,#3037);
#2638=LINE('',#7490,#3038);
#2639=LINE('',#7492,#3039);
#2640=LINE('',#7494,#3040);
#2641=LINE('',#7496,#3041);
#2642=LINE('',#7500,#3042);
#2643=LINE('',#7502,#3043);
#2644=LINE('',#7504,#3044);
#2645=LINE('',#7506,#3045);
#2646=LINE('',#7508,#3046);
#2647=LINE('',#7511,#3047);
#2648=LINE('',#7513,#3048);
#2649=LINE('',#7515,#3049);
#2650=LINE('',#7517,#3050);
#2651=LINE('',#7521,#3051);
#2652=LINE('',#7523,#3052);
#2653=LINE('',#7525,#3053);
#2654=LINE('',#7527,#3054);
#2655=LINE('',#7529,#3055);
#2656=LINE('',#7532,#3056);
#2657=LINE('',#7534,#3057);
#2658=LINE('',#7536,#3058);
#2659=LINE('',#7538,#3059);
#2660=LINE('',#7542,#3060);
#2661=LINE('',#7544,#3061);
#2662=LINE('',#7546,#3062);
#2663=LINE('',#7548,#3063);
#2664=LINE('',#7550,#3064);
#2665=LINE('',#7553,#3065);
#2666=LINE('',#7557,#3066);
#2667=LINE('',#7559,#3067);
#2668=LINE('',#7561,#3068);
#2669=LINE('',#7563,#3069);
#2670=LINE('',#7565,#3070);
#2671=LINE('',#7567,#3071);
#2672=LINE('',#7569,#3072);
#2673=LINE('',#7571,#3073);
#2674=LINE('',#7574,#3074);
#2675=LINE('',#7576,#3075);
#2676=LINE('',#7578,#3076);
#2677=LINE('',#7580,#3077);
#2678=LINE('',#7584,#3078);
#2679=LINE('',#7586,#3079);
#2680=LINE('',#7588,#3080);
#2681=LINE('',#7590,#3081);
#2682=LINE('',#7592,#3082);
#2683=LINE('',#7595,#3083);
#2684=LINE('',#7599,#3084);
#2685=LINE('',#7601,#3085);
#2686=LINE('',#7603,#3086);
#2687=LINE('',#7605,#3087);
#2688=LINE('',#7607,#3088);
#2689=LINE('',#7609,#3089);
#2690=LINE('',#7611,#3090);
#2691=LINE('',#7613,#3091);
#2692=LINE('',#7616,#3092);
#2693=LINE('',#7620,#3093);
#2694=LINE('',#7622,#3094);
#2695=LINE('',#7624,#3095);
#2696=LINE('',#7626,#3096);
#2697=LINE('',#7628,#3097);
#2698=LINE('',#7630,#3098);
#2699=LINE('',#7632,#3099);
#2700=LINE('',#7634,#3100);
#2701=LINE('',#7637,#3101);
#2702=LINE('',#7639,#3102);
#2703=LINE('',#7641,#3103);
#2704=LINE('',#7643,#3104);
#2705=LINE('',#7647,#3105);
#2706=LINE('',#7649,#3106);
#2707=LINE('',#7651,#3107);
#2708=LINE('',#7653,#3108);
#2709=LINE('',#7655,#3109);
#2710=LINE('',#7658,#3110);
#2711=LINE('',#7660,#3111);
#2712=LINE('',#7662,#3112);
#2713=LINE('',#7664,#3113);
#2714=LINE('',#7668,#3114);
#2715=LINE('',#7670,#3115);
#2716=LINE('',#7672,#3116);
#2717=LINE('',#7674,#3117);
#2718=LINE('',#7676,#3118);
#2719=LINE('',#7679,#3119);
#2720=LINE('',#7681,#3120);
#2721=LINE('',#7683,#3121);
#2722=VECTOR('',#4354,1.);
#2723=VECTOR('',#4357,1.);
#2724=VECTOR('',#4358,1.);
#2725=VECTOR('',#4359,1.);
#2726=VECTOR('',#4360,1.);
#2727=VECTOR('',#4363,1.);
#2728=VECTOR('',#4364,1.);
#2729=VECTOR('',#4365,1.);
#2730=VECTOR('',#4366,1.);
#2731=VECTOR('',#4367,1.);
#2732=VECTOR('',#4370,1.);
#2733=VECTOR('',#4371,1.);
#2734=VECTOR('',#4372,1.);
#2735=VECTOR('',#4373,1.);
#2736=VECTOR('',#4376,1.);
#2737=VECTOR('',#4377,1.);
#2738=VECTOR('',#4378,1.);
#2739=VECTOR('',#4381,1.);
#2740=VECTOR('',#4382,1.);
#2741=VECTOR('',#4383,1.);
#2742=VECTOR('',#4384,1.);
#2743=VECTOR('',#4387,1.);
#2744=VECTOR('',#4388,1.);
#2745=VECTOR('',#4389,1.);
#2746=VECTOR('',#4390,1.);
#2747=VECTOR('',#4393,1.);
#2748=VECTOR('',#4396,1.);
#2749=VECTOR('',#4397,1.);
#2750=VECTOR('',#4398,1.);
#2751=VECTOR('',#4399,1.);
#2752=VECTOR('',#4400,1.);
#2753=VECTOR('',#4403,1.);
#2754=VECTOR('',#4404,1.);
#2755=VECTOR('',#4405,1.);
#2756=VECTOR('',#4408,1.);
#2757=VECTOR('',#4409,1.);
#2758=VECTOR('',#4410,1.);
#2759=VECTOR('',#4411,1.);
#2760=VECTOR('',#4414,1.);
#2761=VECTOR('',#4415,1.);
#2762=VECTOR('',#4416,1.);
#2763=VECTOR('',#4417,1.);
#2764=VECTOR('',#4420,1.);
#2765=VECTOR('',#4421,1.);
#2766=VECTOR('',#4422,1.);
#2767=VECTOR('',#4423,1.);
#2768=VECTOR('',#4424,1.);
#2769=VECTOR('',#4427,1.);
#2770=VECTOR('',#4428,1.);
#2771=VECTOR('',#4429,1.);
#2772=VECTOR('',#4432,1.);
#2773=VECTOR('',#4433,1.);
#2774=VECTOR('',#4434,1.);
#2775=VECTOR('',#4435,1.);
#2776=VECTOR('',#4436,1.);
#2777=VECTOR('',#4437,1.);
#2778=VECTOR('',#4438,1.);
#2779=VECTOR('',#4439,1.);
#2780=VECTOR('',#4440,1.);
#2781=VECTOR('',#4441,1.);
#2782=VECTOR('',#4442,1.);
#2783=VECTOR('',#4443,1.);
#2784=VECTOR('',#4444,1.);
#2785=VECTOR('',#4445,1.);
#2786=VECTOR('',#4446,1.);
#2787=VECTOR('',#4447,1.);
#2788=VECTOR('',#4448,1.);
#2789=VECTOR('',#4449,1.);
#2790=VECTOR('',#4450,1.);
#2791=VECTOR('',#4451,1.);
#2792=VECTOR('',#4454,1.);
#2793=VECTOR('',#4455,1.);
#2794=VECTOR('',#4456,1.);
#2795=VECTOR('',#4457,1.);
#2796=VECTOR('',#4460,1.);
#2797=VECTOR('',#4461,1.);
#2798=VECTOR('',#4462,1.);
#2799=VECTOR('',#4463,1.);
#2800=VECTOR('',#4468,1.);
#2801=VECTOR('',#4469,1.);
#2802=VECTOR('',#4470,1.);
#2803=VECTOR('',#4471,1.);
#2804=VECTOR('',#4474,1.);
#2805=VECTOR('',#4475,1.);
#2806=VECTOR('',#4476,1.);
#2807=VECTOR('',#4477,1.);
#2808=VECTOR('',#4478,1.);
#2809=VECTOR('',#4479,1.);
#2810=VECTOR('',#4480,1.);
#2811=VECTOR('',#4481,1.);
#2812=VECTOR('',#4484,1.);
#2813=VECTOR('',#4485,1.);
#2814=VECTOR('',#4486,1.);
#2815=VECTOR('',#4487,1.);
#2816=VECTOR('',#4490,1.);
#2817=VECTOR('',#4491,1.);
#2818=VECTOR('',#4492,1.);
#2819=VECTOR('',#4493,1.);
#2820=VECTOR('',#4498,1.);
#2821=VECTOR('',#4499,1.);
#2822=VECTOR('',#4500,1.);
#2823=VECTOR('',#4505,1.);
#2824=VECTOR('',#4506,1.);
#2825=VECTOR('',#4507,1.);
#2826=VECTOR('',#4508,1.);
#2827=VECTOR('',#4509,1.);
#2828=VECTOR('',#4510,1.);
#2829=VECTOR('',#4513,1.);
#2830=VECTOR('',#4514,1.);
#2831=VECTOR('',#4515,1.);
#2832=VECTOR('',#4516,1.);
#2833=VECTOR('',#4517,1.);
#2834=VECTOR('',#4518,1.);
#2835=VECTOR('',#4519,1.);
#2836=VECTOR('',#4520,1.);
#2837=VECTOR('',#4521,1.);
#2838=VECTOR('',#4522,1.);
#2839=VECTOR('',#4523,1.);
#2840=VECTOR('',#4524,1.);
#2841=VECTOR('',#4525,1.);
#2842=VECTOR('',#4526,1.);
#2843=VECTOR('',#4529,1.);
#2844=VECTOR('',#4530,1.);
#2845=VECTOR('',#4531,1.);
#2846=VECTOR('',#4536,1.);
#2847=VECTOR('',#4537,1.);
#2848=VECTOR('',#4538,1.);
#2849=VECTOR('',#4539,1.);
#2850=VECTOR('',#4542,1.);
#2851=VECTOR('',#4543,1.);
#2852=VECTOR('',#4544,1.);
#2853=VECTOR('',#4545,1.);
#2854=VECTOR('',#4546,1.);
#2855=VECTOR('',#4547,1.);
#2856=VECTOR('',#4548,1.);
#2857=VECTOR('',#4549,1.);
#2858=VECTOR('',#4552,1.);
#2859=VECTOR('',#4553,1.);
#2860=VECTOR('',#4554,1.);
#2861=VECTOR('',#4555,1.);
#2862=VECTOR('',#4558,1.);
#2863=VECTOR('',#4559,1.);
#2864=VECTOR('',#4560,1.);
#2865=VECTOR('',#4561,1.);
#2866=VECTOR('',#4566,1.);
#2867=VECTOR('',#4567,1.);
#2868=VECTOR('',#4568,1.);
#2869=VECTOR('',#4569,1.);
#2870=VECTOR('',#4572,1.);
#2871=VECTOR('',#4573,1.);
#2872=VECTOR('',#4574,1.);
#2873=VECTOR('',#4575,1.);
#2874=VECTOR('',#4576,1.);
#2875=VECTOR('',#4577,1.);
#2876=VECTOR('',#4578,1.);
#2877=VECTOR('',#4579,1.);
#2878=VECTOR('',#4580,1.);
#2879=VECTOR('',#4581,1.);
#2880=VECTOR('',#4582,1.);
#2881=VECTOR('',#4583,1.);
#2882=VECTOR('',#4584,1.);
#2883=VECTOR('',#4585,1.);
#2884=VECTOR('',#4586,1.);
#2885=VECTOR('',#4587,1.);
#2886=VECTOR('',#4590,1.);
#2887=VECTOR('',#4591,1.);
#2888=VECTOR('',#4594,1.);
#2889=VECTOR('',#4595,1.);
#2890=VECTOR('',#4596,1.);
#2891=VECTOR('',#4597,1.);
#2892=VECTOR('',#4598,1.);
#2893=VECTOR('',#4599,1.);
#2894=VECTOR('',#4602,1.);
#2895=VECTOR('',#4605,1.);
#2896=VECTOR('',#4606,1.);
#2897=VECTOR('',#4617,1.);
#2898=VECTOR('',#4620,1.);
#2899=VECTOR('',#4621,1.);
#2900=VECTOR('',#4622,1.);
#2901=VECTOR('',#4623,1.);
#2902=VECTOR('',#4624,1.);
#2903=VECTOR('',#4625,1.);
#2904=VECTOR('',#4640,1.);
#2905=VECTOR('',#4643,1.);
#2906=VECTOR('',#4646,1.);
#2907=VECTOR('',#4649,1.);
#2908=VECTOR('',#4652,1.);
#2909=VECTOR('',#4653,1.);
#2910=VECTOR('',#4656,1.);
#2911=VECTOR('',#4657,1.);
#2912=VECTOR('',#4660,1.);
#2913=VECTOR('',#4661,1.);
#2914=VECTOR('',#4662,1.);
#2915=VECTOR('',#4665,1.);
#2916=VECTOR('',#4670,1.);
#2917=VECTOR('',#4675,1.);
#2918=VECTOR('',#4678,1.);
#2919=VECTOR('',#4683,1.);
#2920=VECTOR('',#4688,1.);
#2921=VECTOR('',#4691,1.);
#2922=VECTOR('',#4700,1.);
#2923=VECTOR('',#4701,1.);
#2924=VECTOR('',#4704,1.);
#2925=VECTOR('',#4707,1.);
#2926=VECTOR('',#4714,1.);
#2927=VECTOR('',#4715,1.);
#2928=VECTOR('',#4716,1.);
#2929=VECTOR('',#4719,1.);
#2930=VECTOR('',#4724,1.);
#2931=VECTOR('',#4725,1.);
#2932=VECTOR('',#4728,1.);
#2933=VECTOR('',#4729,1.);
#2934=VECTOR('',#4732,1.);
#2935=VECTOR('',#4737,1.);
#2936=VECTOR('',#4738,1.);
#2937=VECTOR('',#4739,1.);
#2938=VECTOR('',#4742,1.);
#2939=VECTOR('',#4747,1.);
#2940=VECTOR('',#4748,1.);
#2941=VECTOR('',#4751,1.);
#2942=VECTOR('',#4752,1.);
#2943=VECTOR('',#4755,1.);
#2944=VECTOR('',#4760,1.);
#2945=VECTOR('',#4761,1.);
#2946=VECTOR('',#4762,1.);
#2947=VECTOR('',#4765,1.);
#2948=VECTOR('',#4770,1.);
#2949=VECTOR('',#4771,1.);
#2950=VECTOR('',#4774,1.);
#2951=VECTOR('',#4775,1.);
#2952=VECTOR('',#4778,1.);
#2953=VECTOR('',#4783,1.);
#2954=VECTOR('',#4786,1.);
#2955=VECTOR('',#4789,1.);
#2956=VECTOR('',#4790,1.);
#2957=VECTOR('',#4793,1.);
#2958=VECTOR('',#4794,1.);
#2959=VECTOR('',#4797,1.);
#2960=VECTOR('',#4798,1.);
#2961=VECTOR('',#4801,1.);
#2962=VECTOR('',#4806,1.);
#2963=VECTOR('',#4809,1.);
#2964=VECTOR('',#4812,1.);
#2965=VECTOR('',#4813,1.);
#2966=VECTOR('',#4816,1.);
#2967=VECTOR('',#4817,1.);
#2968=VECTOR('',#4820,1.);
#2969=VECTOR('',#4821,1.);
#2970=VECTOR('',#4824,1.);
#2971=VECTOR('',#4829,1.);
#2972=VECTOR('',#4830,1.);
#2973=VECTOR('',#4839,1.);
#2974=VECTOR('',#4840,1.);
#2975=VECTOR('',#4841,1.);
#2976=VECTOR('',#4844,1.);
#2977=VECTOR('',#4849,1.);
#2978=VECTOR('',#4850,1.);
#2979=VECTOR('',#4853,1.);
#2980=VECTOR('',#4854,1.);
#2981=VECTOR('',#4857,1.);
#2982=VECTOR('',#4862,1.);
#2983=VECTOR('',#4863,1.);
#2984=VECTOR('',#4864,1.);
#2985=VECTOR('',#4867,1.);
#2986=VECTOR('',#4872,1.);
#2987=VECTOR('',#4873,1.);
#2988=VECTOR('',#4876,1.);
#2989=VECTOR('',#4877,1.);
#2990=VECTOR('',#4880,1.);
#2991=VECTOR('',#4885,1.);
#2992=VECTOR('',#4886,1.);
#2993=VECTOR('',#4887,1.);
#2994=VECTOR('',#4890,1.);
#2995=VECTOR('',#4895,1.);
#2996=VECTOR('',#4896,1.);
#2997=VECTOR('',#4899,1.);
#2998=VECTOR('',#4900,1.);
#2999=VECTOR('',#4903,1.);
#3000=VECTOR('',#4908,1.);
#3001=VECTOR('',#4911,1.);
#3002=VECTOR('',#4914,1.);
#3003=VECTOR('',#4915,1.);
#3004=VECTOR('',#4918,1.);
#3005=VECTOR('',#4919,1.);
#3006=VECTOR('',#4922,1.);
#3007=VECTOR('',#4923,1.);
#3008=VECTOR('',#4926,1.);
#3009=VECTOR('',#4931,1.);
#3010=VECTOR('',#4934,1.);
#3011=VECTOR('',#4937,1.);
#3012=VECTOR('',#4938,1.);
#3013=VECTOR('',#4941,1.);
#3014=VECTOR('',#4942,1.);
#3015=VECTOR('',#4945,1.);
#3016=VECTOR('',#4946,1.);
#3017=VECTOR('',#4949,1.);
#3018=VECTOR('',#4954,1.);
#3019=VECTOR('',#4955,1.);
#3020=VECTOR('',#4958,1.);
#3021=VECTOR('',#4961,1.);
#3022=VECTOR('',#4966,1.);
#3023=VECTOR('',#4967,1.);
#3024=VECTOR('',#4970,1.);
#3025=VECTOR('',#4973,1.);
#3026=VECTOR('',#4978,1.);
#3027=VECTOR('',#4979,1.);
#3028=VECTOR('',#4980,1.);
#3029=VECTOR('',#4989,1.);
#3030=VECTOR('',#4992,1.);
#3031=VECTOR('',#4995,1.);
#3032=VECTOR('',#4996,1.);
#3033=VECTOR('',#4999,1.);
#3034=VECTOR('',#5000,1.);
#3035=VECTOR('',#5003,1.);
#3036=VECTOR('',#5004,1.);
#3037=VECTOR('',#5007,1.);
#3038=VECTOR('',#5012,1.);
#3039=VECTOR('',#5013,1.);
#3040=VECTOR('',#5014,1.);
#3041=VECTOR('',#5017,1.);
#3042=VECTOR('',#5022,1.);
#3043=VECTOR('',#5023,1.);
#3044=VECTOR('',#5026,1.);
#3045=VECTOR('',#5027,1.);
#3046=VECTOR('',#5030,1.);
#3047=VECTOR('',#5035,1.);
#3048=VECTOR('',#5036,1.);
#3049=VECTOR('',#5037,1.);
#3050=VECTOR('',#5040,1.);
#3051=VECTOR('',#5045,1.);
#3052=VECTOR('',#5046,1.);
#3053=VECTOR('',#5049,1.);
#3054=VECTOR('',#5050,1.);
#3055=VECTOR('',#5053,1.);
#3056=VECTOR('',#5058,1.);
#3057=VECTOR('',#5059,1.);
#3058=VECTOR('',#5060,1.);
#3059=VECTOR('',#5063,1.);
#3060=VECTOR('',#5068,1.);
#3061=VECTOR('',#5069,1.);
#3062=VECTOR('',#5072,1.);
#3063=VECTOR('',#5073,1.);
#3064=VECTOR('',#5076,1.);
#3065=VECTOR('',#5081,1.);
#3066=VECTOR('',#5084,1.);
#3067=VECTOR('',#5087,1.);
#3068=VECTOR('',#5088,1.);
#3069=VECTOR('',#5091,1.);
#3070=VECTOR('',#5092,1.);
#3071=VECTOR('',#5095,1.);
#3072=VECTOR('',#5096,1.);
#3073=VECTOR('',#5099,1.);
#3074=VECTOR('',#5104,1.);
#3075=VECTOR('',#5105,1.);
#3076=VECTOR('',#5106,1.);
#3077=VECTOR('',#5109,1.);
#3078=VECTOR('',#5114,1.);
#3079=VECTOR('',#5115,1.);
#3080=VECTOR('',#5118,1.);
#3081=VECTOR('',#5119,1.);
#3082=VECTOR('',#5122,1.);
#3083=VECTOR('',#5127,1.);
#3084=VECTOR('',#5130,1.);
#3085=VECTOR('',#5133,1.);
#3086=VECTOR('',#5134,1.);
#3087=VECTOR('',#5137,1.);
#3088=VECTOR('',#5138,1.);
#3089=VECTOR('',#5141,1.);
#3090=VECTOR('',#5142,1.);
#3091=VECTOR('',#5145,1.);
#3092=VECTOR('',#5150,1.);
#3093=VECTOR('',#5153,1.);
#3094=VECTOR('',#5156,1.);
#3095=VECTOR('',#5157,1.);
#3096=VECTOR('',#5160,1.);
#3097=VECTOR('',#5161,1.);
#3098=VECTOR('',#5164,1.);
#3099=VECTOR('',#5165,1.);
#3100=VECTOR('',#5168,1.);
#3101=VECTOR('',#5173,1.);
#3102=VECTOR('',#5174,1.);
#3103=VECTOR('',#5175,1.);
#3104=VECTOR('',#5178,1.);
#3105=VECTOR('',#5183,1.);
#3106=VECTOR('',#5184,1.);
#3107=VECTOR('',#5187,1.);
#3108=VECTOR('',#5188,1.);
#3109=VECTOR('',#5191,1.);
#3110=VECTOR('',#5196,1.);
#3111=VECTOR('',#5197,1.);
#3112=VECTOR('',#5198,1.);
#3113=VECTOR('',#5201,1.);
#3114=VECTOR('',#5206,1.);
#3115=VECTOR('',#5207,1.);
#3116=VECTOR('',#5210,1.);
#3117=VECTOR('',#5211,1.);
#3118=VECTOR('',#5214,1.);
#3119=VECTOR('',#5219,1.);
#3120=VECTOR('',#5220,1.);
#3121=VECTOR('',#5221,1.);
#3122=EDGE_LOOP('',(#254,#255));
#3123=EDGE_LOOP('',(#256,#257,#258,#259));
#3124=EDGE_LOOP('',(#260,#261,#262,#263,#264));
#3125=EDGE_LOOP('',(#265,#266,#267,#268,#269));
#3126=EDGE_LOOP('',(#270,#271,#272,#273,#274));
#3127=EDGE_LOOP('',(#275,#276,#277,#278,#279));
#3128=EDGE_LOOP('',(#280,#281,#282,#283,#284));
#3129=EDGE_LOOP('',(#285,#286));
#3130=EDGE_LOOP('',(#287,#288,#289,#290));
#3131=EDGE_LOOP('',(#291,#292,#293,#294,#295));
#3132=EDGE_LOOP('',(#296,#297,#298,#299,#300));
#3133=EDGE_LOOP('',(#301,#302,#303,#304,#305));
#3134=EDGE_LOOP('',(#306,#307,#308,#309,#310));
#3135=EDGE_LOOP('',(#311,#312,#313,#314,#315));
#3136=EDGE_LOOP('',(#316,#317,#318,#319,#320,#321,#322,#323,#324,#325,#326,
#327));
#3137=EDGE_LOOP('',(#328,#329,#330,#331));
#3138=EDGE_LOOP('',(#332,#333,#334,#335));
#3139=EDGE_LOOP('',(#336,#337,#338,#339));
#3140=EDGE_LOOP('',(#340,#341,#342,#343));
#3141=EDGE_LOOP('',(#344,#345,#346,#347));
#3142=EDGE_LOOP('',(#348,#349,#350,#351,#352));
#3143=EDGE_LOOP('',(#353,#354,#355,#356,#357));
#3144=EDGE_LOOP('',(#358,#359,#360,#361,#362));
#3145=EDGE_LOOP('',(#363,#364,#365,#366,#367));
#3146=EDGE_LOOP('',(#368,#369,#370,#371,#372));
#3147=EDGE_LOOP('',(#373,#374,#375,#376,#377,#378));
#3148=EDGE_LOOP('',(#379,#380,#381,#382,#383,#384));
#3149=EDGE_LOOP('',(#385,#386,#387,#388,#389,#390));
#3150=EDGE_LOOP('',(#391,#392,#393,#394,#395,#396,#397,#398,#399,#400,#401,
#402));
#3151=EDGE_LOOP('',(#403,#404,#405,#406));
#3152=EDGE_LOOP('',(#407,#408,#409,#410));
#3153=EDGE_LOOP('',(#411,#412,#413,#414,#415));
#3154=EDGE_LOOP('',(#416,#417,#418,#419,#420));
#3155=EDGE_LOOP('',(#421,#422,#423,#424,#425));
#3156=EDGE_LOOP('',(#426,#427,#428,#429,#430));
#3157=EDGE_LOOP('',(#431,#432,#433,#434,#435));
#3158=EDGE_LOOP('',(#436,#437,#438,#439,#440,#441));
#3159=EDGE_LOOP('',(#442,#443,#444,#445,#446,#447,#448,#449,#450,#451,#452,
#453,#454,#455,#456));
#3160=EDGE_LOOP('',(#457,#458,#459,#460,#461,#462,#463));
#3161=EDGE_LOOP('',(#464,#465,#466,#467));
#3162=EDGE_LOOP('',(#468,#469,#470,#471,#472,#473,#474,#475,#476,#477));
#3163=EDGE_LOOP('',(#478,#479,#480,#481));
#3164=EDGE_LOOP('',(#482,#483,#484,#485));
#3165=EDGE_LOOP('',(#486,#487,#488,#489));
#3166=EDGE_LOOP('',(#490,#491,#492,#493));
#3167=EDGE_LOOP('',(#494,#495,#496,#497));
#3168=EDGE_LOOP('',(#498,#499,#500,#501));
#3169=EDGE_LOOP('',(#502,#503,#504,#505));
#3170=EDGE_LOOP('',(#506,#507,#508,#509,#510,#511,#512,#513,#514,#515));
#3171=EDGE_LOOP('',(#516,#517,#518,#519));
#3172=EDGE_LOOP('',(#520,#521,#522,#523));
#3173=EDGE_LOOP('',(#524,#525,#526,#527));
#3174=EDGE_LOOP('',(#528,#529,#530,#531));
#3175=EDGE_LOOP('',(#532,#533,#534,#535));
#3176=EDGE_LOOP('',(#536,#537,#538,#539));
#3177=EDGE_LOOP('',(#540,#541,#542,#543));
#3178=EDGE_LOOP('',(#544,#545,#546,#547));
#3179=EDGE_LOOP('',(#548,#549,#550,#551));
#3180=EDGE_LOOP('',(#552,#553,#554,#555));
#3181=EDGE_LOOP('',(#556,#557,#558,#559));
#3182=EDGE_LOOP('',(#560,#561,#562,#563));
#3183=EDGE_LOOP('',(#564,#565,#566,#567));
#3184=EDGE_LOOP('',(#568,#569,#570,#571));
#3185=EDGE_LOOP('',(#572,#573,#574,#575));
#3186=EDGE_LOOP('',(#576,#577,#578,#579));
#3187=EDGE_LOOP('',(#580,#581,#582,#583));
#3188=EDGE_LOOP('',(#584,#585,#586,#587));
#3189=EDGE_LOOP('',(#588,#589,#590,#591));
#3190=EDGE_LOOP('',(#592,#593,#594,#595));
#3191=EDGE_LOOP('',(#596,#597,#598,#599));
#3192=EDGE_LOOP('',(#600,#601,#602,#603));
#3193=EDGE_LOOP('',(#604,#605,#606,#607));
#3194=EDGE_LOOP('',(#608,#609,#610,#611));
#3195=EDGE_LOOP('',(#612,#613,#614,#615,#616,#617,#618));
#3196=EDGE_LOOP('',(#619,#620,#621,#622,#623,#624,#625,#626,#627,#628,#629,
#630,#631,#632,#633));
#3197=EDGE_LOOP('',(#634,#635,#636,#637));
#3198=EDGE_LOOP('',(#638,#639,#640,#641));
#3199=EDGE_LOOP('',(#642,#643,#644,#645));
#3200=EDGE_LOOP('',(#646,#647,#648,#649));
#3201=EDGE_LOOP('',(#650,#651,#652,#653));
#3202=EDGE_LOOP('',(#654,#655,#656,#657));
#3203=EDGE_LOOP('',(#658,#659,#660,#661));
#3204=EDGE_LOOP('',(#662,#663,#664,#665));
#3205=EDGE_LOOP('',(#666,#667,#668,#669));
#3206=EDGE_LOOP('',(#670,#671,#672,#673));
#3207=EDGE_LOOP('',(#674,#675,#676,#677));
#3208=EDGE_LOOP('',(#678,#679,#680,#681));
#3209=EDGE_LOOP('',(#682,#683,#684,#685));
#3210=EDGE_LOOP('',(#686,#687,#688,#689));
#3211=EDGE_LOOP('',(#690,#691,#692,#693));
#3212=EDGE_LOOP('',(#694,#695,#696,#697));
#3213=EDGE_LOOP('',(#698,#699,#700,#701));
#3214=EDGE_LOOP('',(#702,#703,#704,#705));
#3215=EDGE_LOOP('',(#706,#707,#708,#709));
#3216=EDGE_LOOP('',(#710,#711,#712,#713));
#3217=EDGE_LOOP('',(#714,#715,#716,#717));
#3218=EDGE_LOOP('',(#718,#719,#720,#721));
#3219=EDGE_LOOP('',(#722,#723,#724,#725));
#3220=EDGE_LOOP('',(#726,#727,#728,#729));
#3221=EDGE_LOOP('',(#730,#731,#732,#733));
#3222=EDGE_LOOP('',(#734,#735,#736,#737));
#3223=EDGE_LOOP('',(#738,#739,#740,#741));
#3224=EDGE_LOOP('',(#742,#743,#744,#745));
#3225=EDGE_LOOP('',(#746,#747,#748,#749));
#3226=EDGE_LOOP('',(#750,#751,#752,#753));
#3227=EDGE_LOOP('',(#754,#755,#756,#757));
#3228=EDGE_LOOP('',(#758,#759,#760,#761));
#3229=EDGE_LOOP('',(#762,#763,#764,#765));
#3230=EDGE_LOOP('',(#766,#767,#768,#769));
#3231=EDGE_LOOP('',(#770,#771,#772,#773));
#3232=EDGE_LOOP('',(#774,#775,#776,#777));
#3233=EDGE_LOOP('',(#778,#779,#780,#781));
#3234=EDGE_LOOP('',(#782,#783,#784,#785));
#3235=EDGE_LOOP('',(#786,#787,#788,#789));
#3236=EDGE_LOOP('',(#790,#791,#792,#793));
#3237=EDGE_LOOP('',(#794,#795,#796,#797));
#3238=EDGE_LOOP('',(#798,#799,#800,#801));
#3239=EDGE_LOOP('',(#802,#803,#804,#805));
#3240=EDGE_LOOP('',(#806,#807,#808,#809));
#3241=EDGE_LOOP('',(#810,#811,#812,#813));
#3242=EDGE_LOOP('',(#814,#815,#816,#817));
#3243=EDGE_LOOP('',(#818,#819,#820,#821));
#3244=EDGE_LOOP('',(#822,#823,#824,#825));
#3245=EDGE_LOOP('',(#826,#827,#828,#829));
#3246=EDGE_LOOP('',(#830,#831,#832,#833));
#3247=EDGE_LOOP('',(#834,#835,#836,#837));
#3248=EDGE_LOOP('',(#838,#839,#840,#841));
#3249=EDGE_LOOP('',(#842,#843,#844,#845,#846));
#3250=EDGE_LOOP('',(#847,#848,#849,#850));
#3251=EDGE_LOOP('',(#851,#852,#853,#854));
#3252=EDGE_LOOP('',(#855,#856,#857,#858));
#3253=EDGE_LOOP('',(#859,#860,#861,#862));
#3254=EDGE_LOOP('',(#863,#864,#865,#866));
#3255=EDGE_LOOP('',(#867,#868,#869,#870,#871));
#3256=EDGE_LOOP('',(#872,#873,#874,#875));
#3257=EDGE_LOOP('',(#876,#877,#878,#879));
#3258=EDGE_LOOP('',(#880,#881,#882,#883));
#3259=EDGE_LOOP('',(#884,#885,#886,#887));
#3260=EDGE_LOOP('',(#888,#889,#890,#891));
#3261=EDGE_LOOP('',(#892,#893,#894,#895,#896));
#3262=EDGE_LOOP('',(#897,#898,#899,#900));
#3263=EDGE_LOOP('',(#901,#902,#903,#904));
#3264=EDGE_LOOP('',(#905,#906,#907,#908));
#3265=EDGE_LOOP('',(#909,#910,#911,#912));
#3266=EDGE_LOOP('',(#913,#914,#915,#916));
#3267=EDGE_LOOP('',(#917,#918,#919,#920,#921));
#3268=EDGE_LOOP('',(#922,#923,#924,#925));
#3269=EDGE_LOOP('',(#926,#927,#928,#929));
#3270=EDGE_LOOP('',(#930,#931,#932,#933));
#3271=EDGE_LOOP('',(#934,#935,#936,#937));
#3272=EDGE_LOOP('',(#938,#939,#940,#941));
#3273=EDGE_LOOP('',(#942,#943,#944,#945,#946));
#3274=EDGE_LOOP('',(#947,#948,#949,#950));
#3275=EDGE_LOOP('',(#951,#952,#953,#954));
#3276=EDGE_LOOP('',(#955,#956,#957,#958));
#3277=EDGE_LOOP('',(#959,#960,#961,#962));
#3278=EDGE_LOOP('',(#963,#964,#965,#966));
#3279=EDGE_LOOP('',(#967,#968,#969,#970));
#3280=EDGE_LOOP('',(#971,#972,#973,#974));
#3281=EDGE_LOOP('',(#975,#976,#977,#978));
#3282=EDGE_LOOP('',(#979,#980,#981,#982));
#3283=EDGE_LOOP('',(#983,#984,#985,#986,#987));
#3284=EDGE_LOOP('',(#988,#989,#990,#991));
#3285=EDGE_LOOP('',(#992,#993,#994,#995));
#3286=EDGE_LOOP('',(#996,#997,#998,#999));
#3287=EDGE_LOOP('',(#1000,#1001,#1002,#1003));
#3288=EDGE_LOOP('',(#1004,#1005,#1006,#1007));
#3289=EDGE_LOOP('',(#1008,#1009,#1010,#1011,#1012));
#3290=EDGE_LOOP('',(#1013,#1014,#1015,#1016));
#3291=EDGE_LOOP('',(#1017,#1018,#1019,#1020));
#3292=EDGE_LOOP('',(#1021,#1022,#1023,#1024));
#3293=EDGE_LOOP('',(#1025,#1026,#1027,#1028));
#3294=EDGE_LOOP('',(#1029,#1030,#1031,#1032));
#3295=EDGE_LOOP('',(#1033,#1034,#1035,#1036,#1037));
#3296=EDGE_LOOP('',(#1038,#1039,#1040,#1041));
#3297=EDGE_LOOP('',(#1042,#1043,#1044,#1045));
#3298=EDGE_LOOP('',(#1046,#1047,#1048,#1049));
#3299=EDGE_LOOP('',(#1050,#1051,#1052,#1053));
#3300=EDGE_LOOP('',(#1054,#1055,#1056,#1057));
#3301=EDGE_LOOP('',(#1058,#1059,#1060,#1061,#1062));
#3302=EDGE_LOOP('',(#1063,#1064,#1065,#1066));
#3303=EDGE_LOOP('',(#1067,#1068,#1069,#1070));
#3304=EDGE_LOOP('',(#1071,#1072,#1073,#1074));
#3305=EDGE_LOOP('',(#1075,#1076,#1077,#1078));
#3306=EDGE_LOOP('',(#1079,#1080,#1081,#1082));
#3307=EDGE_LOOP('',(#1083,#1084,#1085,#1086,#1087));
#3308=EDGE_LOOP('',(#1088,#1089,#1090,#1091));
#3309=EDGE_LOOP('',(#1092,#1093,#1094,#1095));
#3310=EDGE_LOOP('',(#1096,#1097,#1098,#1099));
#3311=EDGE_LOOP('',(#1100,#1101,#1102,#1103));
#3312=EDGE_LOOP('',(#1104,#1105,#1106,#1107));
#3313=EDGE_LOOP('',(#1108,#1109,#1110,#1111));
#3314=EDGE_LOOP('',(#1112,#1113,#1114,#1115));
#3315=EDGE_LOOP('',(#1116,#1117,#1118,#1119));
#3316=EDGE_LOOP('',(#1120,#1121,#1122,#1123));
#3317=EDGE_LOOP('',(#1124,#1125,#1126,#1127));
#3318=EDGE_LOOP('',(#1128,#1129));
#3319=EDGE_LOOP('',(#1130,#1131,#1132,#1133));
#3320=EDGE_LOOP('',(#1134,#1135,#1136,#1137));
#3321=EDGE_LOOP('',(#1138,#1139,#1140,#1141));
#3322=EDGE_LOOP('',(#1142,#1143,#1144,#1145));
#3323=EDGE_LOOP('',(#1146,#1147,#1148,#1149));
#3324=EDGE_LOOP('',(#1150,#1151,#1152,#1153,#1154));
#3325=EDGE_LOOP('',(#1155,#1156,#1157,#1158));
#3326=EDGE_LOOP('',(#1159,#1160,#1161,#1162));
#3327=EDGE_LOOP('',(#1163,#1164,#1165,#1166));
#3328=EDGE_LOOP('',(#1167,#1168,#1169,#1170));
#3329=EDGE_LOOP('',(#1171,#1172,#1173,#1174));
#3330=EDGE_LOOP('',(#1175,#1176,#1177,#1178,#1179));
#3331=EDGE_LOOP('',(#1180,#1181,#1182,#1183));
#3332=EDGE_LOOP('',(#1184,#1185,#1186,#1187));
#3333=EDGE_LOOP('',(#1188,#1189,#1190,#1191));
#3334=EDGE_LOOP('',(#1192,#1193,#1194,#1195));
#3335=EDGE_LOOP('',(#1196,#1197,#1198,#1199));
#3336=EDGE_LOOP('',(#1200,#1201,#1202,#1203,#1204));
#3337=EDGE_LOOP('',(#1205,#1206,#1207,#1208));
#3338=EDGE_LOOP('',(#1209,#1210,#1211,#1212));
#3339=EDGE_LOOP('',(#1213,#1214,#1215,#1216));
#3340=EDGE_LOOP('',(#1217,#1218,#1219,#1220));
#3341=EDGE_LOOP('',(#1221,#1222,#1223,#1224));
#3342=EDGE_LOOP('',(#1225,#1226,#1227,#1228,#1229));
#3343=EDGE_LOOP('',(#1230,#1231,#1232,#1233));
#3344=EDGE_LOOP('',(#1234,#1235,#1236,#1237));
#3345=EDGE_LOOP('',(#1238,#1239,#1240,#1241));
#3346=EDGE_LOOP('',(#1242,#1243,#1244,#1245));
#3347=EDGE_LOOP('',(#1246,#1247,#1248,#1249));
#3348=EDGE_LOOP('',(#1250,#1251,#1252,#1253,#1254));
#3349=EDGE_LOOP('',(#1255,#1256,#1257,#1258));
#3350=EDGE_LOOP('',(#1259,#1260,#1261,#1262));
#3351=EDGE_LOOP('',(#1263,#1264,#1265,#1266));
#3352=EDGE_LOOP('',(#1267,#1268,#1269,#1270));
#3353=EDGE_LOOP('',(#1271,#1272,#1273,#1274));
#3354=EDGE_LOOP('',(#1275,#1276,#1277,#1278,#1279));
#3355=EDGE_LOOP('',(#1280,#1281,#1282,#1283));
#3356=EDGE_LOOP('',(#1284,#1285,#1286,#1287));
#3357=EDGE_LOOP('',(#1288,#1289,#1290,#1291));
#3358=EDGE_LOOP('',(#1292,#1293,#1294,#1295));
#3359=EDGE_LOOP('',(#1296,#1297,#1298,#1299));
#3360=EDGE_LOOP('',(#1300,#1301,#1302,#1303,#1304));
#3361=EDGE_LOOP('',(#1305,#1306,#1307,#1308));
#3362=EDGE_LOOP('',(#1309,#1310,#1311,#1312));
#3363=EDGE_LOOP('',(#1313,#1314,#1315,#1316));
#3364=EDGE_LOOP('',(#1317,#1318,#1319,#1320));
#3365=EDGE_LOOP('',(#1321,#1322,#1323,#1324));
#3366=EDGE_LOOP('',(#1325,#1326,#1327,#1328,#1329));
#3367=EDGE_LOOP('',(#1330,#1331,#1332,#1333));
#3368=EDGE_LOOP('',(#1334,#1335,#1336,#1337));
#3369=EDGE_LOOP('',(#1338,#1339,#1340,#1341));
#3370=EDGE_LOOP('',(#1342,#1343,#1344,#1345));
#3371=EDGE_LOOP('',(#1346,#1347,#1348,#1349));
#3372=EDGE_LOOP('',(#1350,#1351,#1352,#1353,#1354));
#3373=EDGE_LOOP('',(#1355,#1356,#1357,#1358));
#3374=EDGE_LOOP('',(#1359,#1360,#1361,#1362));
#3375=EDGE_LOOP('',(#1363,#1364,#1365,#1366));
#3376=EDGE_LOOP('',(#1367,#1368,#1369,#1370));
#3377=EDGE_LOOP('',(#1371,#1372,#1373,#1374));
#3378=EDGE_LOOP('',(#1375,#1376,#1377,#1378,#1379));
#3379=EDGE_LOOP('',(#1380,#1381,#1382,#1383));
#3380=EDGE_LOOP('',(#1384,#1385,#1386,#1387));
#3381=EDGE_LOOP('',(#1388,#1389));
#3382=FACE_BOUND('',#3122,.T.);
#3383=FACE_BOUND('',#3123,.T.);
#3384=FACE_BOUND('',#3124,.T.);
#3385=FACE_BOUND('',#3125,.T.);
#3386=FACE_BOUND('',#3126,.T.);
#3387=FACE_BOUND('',#3127,.T.);
#3388=FACE_BOUND('',#3128,.T.);
#3389=FACE_BOUND('',#3129,.T.);
#3390=FACE_BOUND('',#3130,.T.);
#3391=FACE_BOUND('',#3131,.T.);
#3392=FACE_BOUND('',#3132,.T.);
#3393=FACE_BOUND('',#3133,.T.);
#3394=FACE_BOUND('',#3134,.T.);
#3395=FACE_BOUND('',#3135,.T.);
#3396=FACE_BOUND('',#3136,.T.);
#3397=FACE_BOUND('',#3137,.T.);
#3398=FACE_BOUND('',#3138,.T.);
#3399=FACE_BOUND('',#3139,.T.);
#3400=FACE_BOUND('',#3140,.T.);
#3401=FACE_BOUND('',#3141,.T.);
#3402=FACE_BOUND('',#3142,.T.);
#3403=FACE_BOUND('',#3143,.T.);
#3404=FACE_BOUND('',#3144,.T.);
#3405=FACE_BOUND('',#3145,.T.);
#3406=FACE_BOUND('',#3146,.T.);
#3407=FACE_BOUND('',#3147,.T.);
#3408=FACE_BOUND('',#3148,.T.);
#3409=FACE_BOUND('',#3149,.T.);
#3410=FACE_BOUND('',#3150,.T.);
#3411=FACE_BOUND('',#3151,.T.);
#3412=FACE_BOUND('',#3152,.T.);
#3413=FACE_BOUND('',#3153,.T.);
#3414=FACE_BOUND('',#3154,.T.);
#3415=FACE_BOUND('',#3155,.T.);
#3416=FACE_BOUND('',#3156,.T.);
#3417=FACE_BOUND('',#3157,.T.);
#3418=FACE_BOUND('',#3158,.T.);
#3419=FACE_BOUND('',#3159,.T.);
#3420=FACE_BOUND('',#3160,.T.);
#3421=FACE_BOUND('',#3161,.T.);
#3422=FACE_BOUND('',#3162,.T.);
#3423=FACE_BOUND('',#3163,.T.);
#3424=FACE_BOUND('',#3164,.T.);
#3425=FACE_BOUND('',#3165,.T.);
#3426=FACE_BOUND('',#3166,.T.);
#3427=FACE_BOUND('',#3167,.T.);
#3428=FACE_BOUND('',#3168,.T.);
#3429=FACE_BOUND('',#3169,.T.);
#3430=FACE_BOUND('',#3170,.T.);
#3431=FACE_BOUND('',#3171,.T.);
#3432=FACE_BOUND('',#3172,.T.);
#3433=FACE_BOUND('',#3173,.T.);
#3434=FACE_BOUND('',#3174,.T.);
#3435=FACE_BOUND('',#3175,.T.);
#3436=FACE_BOUND('',#3176,.T.);
#3437=FACE_BOUND('',#3177,.T.);
#3438=FACE_BOUND('',#3178,.T.);
#3439=FACE_BOUND('',#3179,.T.);
#3440=FACE_BOUND('',#3180,.T.);
#3441=FACE_BOUND('',#3181,.T.);
#3442=FACE_BOUND('',#3182,.T.);
#3443=FACE_BOUND('',#3183,.T.);
#3444=FACE_BOUND('',#3184,.T.);
#3445=FACE_BOUND('',#3185,.T.);
#3446=FACE_BOUND('',#3186,.T.);
#3447=FACE_BOUND('',#3187,.T.);
#3448=FACE_BOUND('',#3188,.T.);
#3449=FACE_BOUND('',#3189,.T.);
#3450=FACE_BOUND('',#3190,.T.);
#3451=FACE_BOUND('',#3191,.T.);
#3452=FACE_BOUND('',#3192,.T.);
#3453=FACE_BOUND('',#3193,.T.);
#3454=FACE_BOUND('',#3194,.T.);
#3455=FACE_BOUND('',#3195,.T.);
#3456=FACE_BOUND('',#3196,.T.);
#3457=FACE_BOUND('',#3197,.T.);
#3458=FACE_BOUND('',#3198,.T.);
#3459=FACE_BOUND('',#3199,.T.);
#3460=FACE_BOUND('',#3200,.T.);
#3461=FACE_BOUND('',#3201,.T.);
#3462=FACE_BOUND('',#3202,.T.);
#3463=FACE_BOUND('',#3203,.T.);
#3464=FACE_BOUND('',#3204,.T.);
#3465=FACE_BOUND('',#3205,.T.);
#3466=FACE_BOUND('',#3206,.T.);
#3467=FACE_BOUND('',#3207,.T.);
#3468=FACE_BOUND('',#3208,.T.);
#3469=FACE_BOUND('',#3209,.T.);
#3470=FACE_BOUND('',#3210,.T.);
#3471=FACE_BOUND('',#3211,.T.);
#3472=FACE_BOUND('',#3212,.T.);
#3473=FACE_BOUND('',#3213,.T.);
#3474=FACE_BOUND('',#3214,.T.);
#3475=FACE_BOUND('',#3215,.T.);
#3476=FACE_BOUND('',#3216,.T.);
#3477=FACE_BOUND('',#3217,.T.);
#3478=FACE_BOUND('',#3218,.T.);
#3479=FACE_BOUND('',#3219,.T.);
#3480=FACE_BOUND('',#3220,.T.);
#3481=FACE_BOUND('',#3221,.T.);
#3482=FACE_BOUND('',#3222,.T.);
#3483=FACE_BOUND('',#3223,.T.);
#3484=FACE_BOUND('',#3224,.T.);
#3485=FACE_BOUND('',#3225,.T.);
#3486=FACE_BOUND('',#3226,.T.);
#3487=FACE_BOUND('',#3227,.T.);
#3488=FACE_BOUND('',#3228,.T.);
#3489=FACE_BOUND('',#3229,.T.);
#3490=FACE_BOUND('',#3230,.T.);
#3491=FACE_BOUND('',#3231,.T.);
#3492=FACE_BOUND('',#3232,.T.);
#3493=FACE_BOUND('',#3233,.T.);
#3494=FACE_BOUND('',#3234,.T.);
#3495=FACE_BOUND('',#3235,.T.);
#3496=FACE_BOUND('',#3236,.T.);
#3497=FACE_BOUND('',#3237,.T.);
#3498=FACE_BOUND('',#3238,.T.);
#3499=FACE_BOUND('',#3239,.T.);
#3500=FACE_BOUND('',#3240,.T.);
#3501=FACE_BOUND('',#3241,.T.);
#3502=FACE_BOUND('',#3242,.T.);
#3503=FACE_BOUND('',#3243,.T.);
#3504=FACE_BOUND('',#3244,.T.);
#3505=FACE_BOUND('',#3245,.T.);
#3506=FACE_BOUND('',#3246,.T.);
#3507=FACE_BOUND('',#3247,.T.);
#3508=FACE_BOUND('',#3248,.T.);
#3509=FACE_BOUND('',#3249,.T.);
#3510=FACE_BOUND('',#3250,.T.);
#3511=FACE_BOUND('',#3251,.T.);
#3512=FACE_BOUND('',#3252,.T.);
#3513=FACE_BOUND('',#3253,.T.);
#3514=FACE_BOUND('',#3254,.T.);
#3515=FACE_BOUND('',#3255,.T.);
#3516=FACE_BOUND('',#3256,.T.);
#3517=FACE_BOUND('',#3257,.T.);
#3518=FACE_BOUND('',#3258,.T.);
#3519=FACE_BOUND('',#3259,.T.);
#3520=FACE_BOUND('',#3260,.T.);
#3521=FACE_BOUND('',#3261,.T.);
#3522=FACE_BOUND('',#3262,.T.);
#3523=FACE_BOUND('',#3263,.T.);
#3524=FACE_BOUND('',#3264,.T.);
#3525=FACE_BOUND('',#3265,.T.);
#3526=FACE_BOUND('',#3266,.T.);
#3527=FACE_BOUND('',#3267,.T.);
#3528=FACE_BOUND('',#3268,.T.);
#3529=FACE_BOUND('',#3269,.T.);
#3530=FACE_BOUND('',#3270,.T.);
#3531=FACE_BOUND('',#3271,.T.);
#3532=FACE_BOUND('',#3272,.T.);
#3533=FACE_BOUND('',#3273,.T.);
#3534=FACE_BOUND('',#3274,.T.);
#3535=FACE_BOUND('',#3275,.T.);
#3536=FACE_BOUND('',#3276,.T.);
#3537=FACE_BOUND('',#3277,.T.);
#3538=FACE_BOUND('',#3278,.T.);
#3539=FACE_BOUND('',#3279,.T.);
#3540=FACE_BOUND('',#3280,.T.);
#3541=FACE_BOUND('',#3281,.T.);
#3542=FACE_BOUND('',#3282,.T.);
#3543=FACE_BOUND('',#3283,.T.);
#3544=FACE_BOUND('',#3284,.T.);
#3545=FACE_BOUND('',#3285,.T.);
#3546=FACE_BOUND('',#3286,.T.);
#3547=FACE_BOUND('',#3287,.T.);
#3548=FACE_BOUND('',#3288,.T.);
#3549=FACE_BOUND('',#3289,.T.);
#3550=FACE_BOUND('',#3290,.T.);
#3551=FACE_BOUND('',#3291,.T.);
#3552=FACE_BOUND('',#3292,.T.);
#3553=FACE_BOUND('',#3293,.T.);
#3554=FACE_BOUND('',#3294,.T.);
#3555=FACE_BOUND('',#3295,.T.);
#3556=FACE_BOUND('',#3296,.T.);
#3557=FACE_BOUND('',#3297,.T.);
#3558=FACE_BOUND('',#3298,.T.);
#3559=FACE_BOUND('',#3299,.T.);
#3560=FACE_BOUND('',#3300,.T.);
#3561=FACE_BOUND('',#3301,.T.);
#3562=FACE_BOUND('',#3302,.T.);
#3563=FACE_BOUND('',#3303,.T.);
#3564=FACE_BOUND('',#3304,.T.);
#3565=FACE_BOUND('',#3305,.T.);
#3566=FACE_BOUND('',#3306,.T.);
#3567=FACE_BOUND('',#3307,.T.);
#3568=FACE_BOUND('',#3308,.T.);
#3569=FACE_BOUND('',#3309,.T.);
#3570=FACE_BOUND('',#3310,.T.);
#3571=FACE_BOUND('',#3311,.T.);
#3572=FACE_BOUND('',#3312,.T.);
#3573=FACE_BOUND('',#3313,.T.);
#3574=FACE_BOUND('',#3314,.T.);
#3575=FACE_BOUND('',#3315,.T.);
#3576=FACE_BOUND('',#3316,.T.);
#3577=FACE_BOUND('',#3317,.T.);
#3578=FACE_BOUND('',#3318,.T.);
#3579=FACE_BOUND('',#3319,.T.);
#3580=FACE_BOUND('',#3320,.T.);
#3581=FACE_BOUND('',#3321,.T.);
#3582=FACE_BOUND('',#3322,.T.);
#3583=FACE_BOUND('',#3323,.T.);
#3584=FACE_BOUND('',#3324,.T.);
#3585=FACE_BOUND('',#3325,.T.);
#3586=FACE_BOUND('',#3326,.T.);
#3587=FACE_BOUND('',#3327,.T.);
#3588=FACE_BOUND('',#3328,.T.);
#3589=FACE_BOUND('',#3329,.T.);
#3590=FACE_BOUND('',#3330,.T.);
#3591=FACE_BOUND('',#3331,.T.);
#3592=FACE_BOUND('',#3332,.T.);
#3593=FACE_BOUND('',#3333,.T.);
#3594=FACE_BOUND('',#3334,.T.);
#3595=FACE_BOUND('',#3335,.T.);
#3596=FACE_BOUND('',#3336,.T.);
#3597=FACE_BOUND('',#3337,.T.);
#3598=FACE_BOUND('',#3338,.T.);
#3599=FACE_BOUND('',#3339,.T.);
#3600=FACE_BOUND('',#3340,.T.);
#3601=FACE_BOUND('',#3341,.T.);
#3602=FACE_BOUND('',#3342,.T.);
#3603=FACE_BOUND('',#3343,.T.);
#3604=FACE_BOUND('',#3344,.T.);
#3605=FACE_BOUND('',#3345,.T.);
#3606=FACE_BOUND('',#3346,.T.);
#3607=FACE_BOUND('',#3347,.T.);
#3608=FACE_BOUND('',#3348,.T.);
#3609=FACE_BOUND('',#3349,.T.);
#3610=FACE_BOUND('',#3350,.T.);
#3611=FACE_BOUND('',#3351,.T.);
#3612=FACE_BOUND('',#3352,.T.);
#3613=FACE_BOUND('',#3353,.T.);
#3614=FACE_BOUND('',#3354,.T.);
#3615=FACE_BOUND('',#3355,.T.);
#3616=FACE_BOUND('',#3356,.T.);
#3617=FACE_BOUND('',#3357,.T.);
#3618=FACE_BOUND('',#3358,.T.);
#3619=FACE_BOUND('',#3359,.T.);
#3620=FACE_BOUND('',#3360,.T.);
#3621=FACE_BOUND('',#3361,.T.);
#3622=FACE_BOUND('',#3362,.T.);
#3623=FACE_BOUND('',#3363,.T.);
#3624=FACE_BOUND('',#3364,.T.);
#3625=FACE_BOUND('',#3365,.T.);
#3626=FACE_BOUND('',#3366,.T.);
#3627=FACE_BOUND('',#3367,.T.);
#3628=FACE_BOUND('',#3368,.T.);
#3629=FACE_BOUND('',#3369,.T.);
#3630=FACE_BOUND('',#3370,.T.);
#3631=FACE_BOUND('',#3371,.T.);
#3632=FACE_BOUND('',#3372,.T.);
#3633=FACE_BOUND('',#3373,.T.);
#3634=FACE_BOUND('',#3374,.T.);
#3635=FACE_BOUND('',#3375,.T.);
#3636=FACE_BOUND('',#3376,.T.);
#3637=FACE_BOUND('',#3377,.T.);
#3638=FACE_BOUND('',#3378,.T.);
#3639=FACE_BOUND('',#3379,.T.);
#3640=FACE_BOUND('',#3380,.T.);
#3641=FACE_BOUND('',#3381,.T.);
#3642=PLANE('',#4112);
#3643=PLANE('',#4119);
#3644=PLANE('',#4126);
#3645=PLANE('',#4127);
#3646=PLANE('',#4128);
#3647=PLANE('',#4129);
#3648=PLANE('',#4136);
#3649=PLANE('',#4139);
#3650=PLANE('',#4140);
#3651=PLANE('',#4147);
#3652=PLANE('',#4148);
#3653=PLANE('',#4149);
#3654=PLANE('',#4150);
#3655=PLANE('',#4151);
#3656=PLANE('',#4152);
#3657=PLANE('',#4153);
#3658=PLANE('',#4154);
#3659=PLANE('',#4155);
#3660=PLANE('',#4156);
#3661=PLANE('',#4157);
#3662=PLANE('',#4158);
#3663=PLANE('',#4159);
#3664=PLANE('',#4160);
#3665=PLANE('',#4161);
#3666=PLANE('',#4162);
#3667=PLANE('',#4163);
#3668=PLANE('',#4164);
#3669=PLANE('',#4165);
#3670=PLANE('',#4166);
#3671=PLANE('',#4167);
#3672=PLANE('',#4168);
#3673=PLANE('',#4169);
#3674=PLANE('',#4170);
#3675=PLANE('',#4171);
#3676=PLANE('',#4172);
#3677=PLANE('',#4173);
#3678=PLANE('',#4174);
#3679=PLANE('',#4175);
#3680=PLANE('',#4176);
#3681=PLANE('',#4177);
#3682=PLANE('',#4178);
#3683=PLANE('',#4179);
#3684=PLANE('',#4180);
#3685=PLANE('',#4181);
#3686=PLANE('',#4182);
#3687=PLANE('',#4183);
#3688=PLANE('',#4184);
#3689=PLANE('',#4185);
#3690=PLANE('',#4186);
#3691=PLANE('',#4187);
#3692=PLANE('',#4188);
#3693=PLANE('',#4190);
#3694=PLANE('',#4193);
#3695=PLANE('',#4194);
#3696=PLANE('',#4195);
#3697=PLANE('',#4196);
#3698=PLANE('',#4197);
#3699=PLANE('',#4200);
#3700=PLANE('',#4201);
#3701=PLANE('',#4202);
#3702=PLANE('',#4203);
#3703=PLANE('',#4204);
#3704=PLANE('',#4207);
#3705=PLANE('',#4208);
#3706=PLANE('',#4209);
#3707=PLANE('',#4210);
#3708=PLANE('',#4213);
#3709=PLANE('',#4214);
#3710=PLANE('',#4215);
#3711=PLANE('',#4216);
#3712=PLANE('',#4217);
#3713=PLANE('',#4220);
#3714=PLANE('',#4221);
#3715=PLANE('',#4222);
#3716=PLANE('',#4223);
#3717=PLANE('',#4224);
#3718=PLANE('',#4225);
#3719=PLANE('',#4226);
#3720=PLANE('',#4227);
#3721=PLANE('',#4229);
#3722=PLANE('',#4232);
#3723=PLANE('',#4233);
#3724=PLANE('',#4234);
#3725=PLANE('',#4235);
#3726=PLANE('',#4236);
#3727=PLANE('',#4239);
#3728=PLANE('',#4240);
#3729=PLANE('',#4241);
#3730=PLANE('',#4242);
#3731=PLANE('',#4243);
#3732=PLANE('',#4246);
#3733=PLANE('',#4247);
#3734=PLANE('',#4248);
#3735=PLANE('',#4249);
#3736=PLANE('',#4252);
#3737=PLANE('',#4253);
#3738=PLANE('',#4254);
#3739=PLANE('',#4255);
#3740=PLANE('',#4256);
#3741=PLANE('',#4259);
#3742=PLANE('',#4260);
#3743=PLANE('',#4261);
#3744=PLANE('',#4262);
#3745=PLANE('',#4263);
#3746=PLANE('',#4264);
#3747=PLANE('',#4265);
#3748=PLANE('',#4266);
#3749=PLANE('',#4267);
#3750=PLANE('',#4268);
#3751=PLANE('',#4269);
#3752=PLANE('',#4270);
#3753=PLANE('',#4271);
#3754=PLANE('',#4272);
#3755=PLANE('',#4275);
#3756=PLANE('',#4278);
#3757=PLANE('',#4279);
#3758=PLANE('',#4280);
#3759=PLANE('',#4281);
#3760=PLANE('',#4282);
#3761=PLANE('',#4283);
#3762=PLANE('',#4286);
#3763=PLANE('',#4287);
#3764=PLANE('',#4288);
#3765=PLANE('',#4289);
#3766=PLANE('',#4290);
#3767=PLANE('',#4293);
#3768=PLANE('',#4294);
#3769=PLANE('',#4295);
#3770=PLANE('',#4296);
#3771=PLANE('',#4297);
#3772=PLANE('',#4300);
#3773=PLANE('',#4301);
#3774=PLANE('',#4302);
#3775=PLANE('',#4303);
#3776=PLANE('',#4306);
#3777=PLANE('',#4307);
#3778=PLANE('',#4308);
#3779=PLANE('',#4309);
#3780=PLANE('',#4310);
#3781=PLANE('',#4311);
#3782=PLANE('',#4314);
#3783=PLANE('',#4315);
#3784=PLANE('',#4316);
#3785=PLANE('',#4317);
#3786=PLANE('',#4320);
#3787=PLANE('',#4321);
#3788=PLANE('',#4322);
#3789=PLANE('',#4323);
#3790=PLANE('',#4324);
#3791=PLANE('',#4327);
#3792=PLANE('',#4328);
#3793=PLANE('',#4329);
#3794=PLANE('',#4330);
#3795=PLANE('',#4331);
#3796=PLANE('',#4332);
#3797=PLANE('',#4335);
#3798=PLANE('',#4336);
#3799=PLANE('',#4337);
#3800=PLANE('',#4338);
#3801=PLANE('',#4339);
#3802=PLANE('',#4342);
#3803=PLANE('',#4343);
#3804=PLANE('',#4344);
#3805=PLANE('',#4345);
#3806=PLANE('',#4346);
#3807=PLANE('',#4349);
#3808=ADVANCED_FACE('',(#3382,#3383,#3384,#3385,#3386,#3387,#3388),#3642,
 .T.);
#3809=ADVANCED_FACE('',(#3389,#3390,#3391,#3392,#3393,#3394,#3395),#3643,
 .T.);
#3810=ADVANCED_FACE('',(#3396,#3397,#3398,#3399),#3644,.T.);
#3811=ADVANCED_FACE('',(#3400),#3645,.F.);
#3812=ADVANCED_FACE('',(#3401),#3646,.F.);
#3813=ADVANCED_FACE('',(#3402,#3403,#3404,#3405,#3406,#3407),#3647,.T.);
#3814=ADVANCED_FACE('',(#3408,#3409,#3410,#3411),#3648,.F.);
#3815=ADVANCED_FACE('',(#3412),#3649,.F.);
#3816=ADVANCED_FACE('',(#3413,#3414,#3415,#3416,#3417,#3418),#3650,.T.);
#3817=ADVANCED_FACE('',(#3419,#3420),#3651,.F.);
#3818=ADVANCED_FACE('',(#3421),#3652,.F.);
#3819=ADVANCED_FACE('',(#3422),#3653,.T.);
#3820=ADVANCED_FACE('',(#3423),#3654,.T.);
#3821=ADVANCED_FACE('',(#3424),#3655,.F.);
#3822=ADVANCED_FACE('',(#3425),#3656,.F.);
#3823=ADVANCED_FACE('',(#3426),#3657,.F.);
#3824=ADVANCED_FACE('',(#3427),#3658,.T.);
#3825=ADVANCED_FACE('',(#3428),#3659,.T.);
#3826=ADVANCED_FACE('',(#3429),#3660,.F.);
#3827=ADVANCED_FACE('',(#3430),#3661,.T.);
#3828=ADVANCED_FACE('',(#3431),#3662,.T.);
#3829=ADVANCED_FACE('',(#3432),#3663,.T.);
#3830=ADVANCED_FACE('',(#3433),#3664,.F.);
#3831=ADVANCED_FACE('',(#3434),#3665,.F.);
#3832=ADVANCED_FACE('',(#3435),#3666,.T.);
#3833=ADVANCED_FACE('',(#3436),#3667,.F.);
#3834=ADVANCED_FACE('',(#3437),#3668,.T.);
#3835=ADVANCED_FACE('',(#3438),#3669,.F.);
#3836=ADVANCED_FACE('',(#3439),#3670,.T.);
#3837=ADVANCED_FACE('',(#3440),#3671,.F.);
#3838=ADVANCED_FACE('',(#3441),#3672,.F.);
#3839=ADVANCED_FACE('',(#3442),#3673,.T.);
#3840=ADVANCED_FACE('',(#3443),#3674,.F.);
#3841=ADVANCED_FACE('',(#3444),#3675,.F.);
#3842=ADVANCED_FACE('',(#3445),#3676,.F.);
#3843=ADVANCED_FACE('',(#3446),#3677,.T.);
#3844=ADVANCED_FACE('',(#3447),#3678,.T.);
#3845=ADVANCED_FACE('',(#3448),#3679,.F.);
#3846=ADVANCED_FACE('',(#3449),#3680,.T.);
#3847=ADVANCED_FACE('',(#3450),#3681,.T.);
#3848=ADVANCED_FACE('',(#3451),#3682,.F.);
#3849=ADVANCED_FACE('',(#3452),#3683,.F.);
#3850=ADVANCED_FACE('',(#3453),#3684,.T.);
#3851=ADVANCED_FACE('',(#3454),#3685,.F.);
#3852=ADVANCED_FACE('',(#3455,#3456),#3686,.T.);
#3853=ADVANCED_FACE('Face appearance 2',(#3457),#3687,.T.);
#3854=ADVANCED_FACE('Face appearance 2',(#3458),#36,.T.);
#3855=ADVANCED_FACE('Face appearance 2',(#3459),#37,.T.);
#3856=ADVANCED_FACE('Face appearance 2',(#3460),#38,.T.);
#3857=ADVANCED_FACE('Face appearance 2',(#3461),#39,.T.);
#3858=ADVANCED_FACE('Face appearance 2',(#3462),#3688,.T.);
#3859=ADVANCED_FACE('Face appearance 2',(#3463),#40,.T.);
#3860=ADVANCED_FACE('Face appearance 2',(#3464),#41,.T.);
#3861=ADVANCED_FACE('Face appearance 2',(#3465),#42,.T.);
#3862=ADVANCED_FACE('Face appearance 2',(#3466),#43,.T.);
#3863=ADVANCED_FACE('',(#3467),#44,.T.);
#3864=ADVANCED_FACE('',(#3468),#45,.T.);
#3865=ADVANCED_FACE('',(#3469),#46,.T.);
#3866=ADVANCED_FACE('',(#3470),#47,.T.);
#3867=ADVANCED_FACE('',(#3471),#48,.T.);
#3868=ADVANCED_FACE('',(#3472),#49,.T.);
#3869=ADVANCED_FACE('',(#3473),#50,.T.);
#3870=ADVANCED_FACE('',(#3474),#51,.T.);
#3871=ADVANCED_FACE('',(#3475),#52,.T.);
#3872=ADVANCED_FACE('',(#3476),#53,.T.);
#3873=ADVANCED_FACE('',(#3477),#54,.T.);
#3874=ADVANCED_FACE('',(#3478),#55,.T.);
#3875=ADVANCED_FACE('',(#3479),#56,.T.);
#3876=ADVANCED_FACE('',(#3480),#57,.T.);
#3877=ADVANCED_FACE('',(#3481),#58,.T.);
#3878=ADVANCED_FACE('',(#3482),#59,.T.);
#3879=ADVANCED_FACE('',(#3483),#60,.T.);
#3880=ADVANCED_FACE('',(#3484),#61,.T.);
#3881=ADVANCED_FACE('',(#3485),#62,.T.);
#3882=ADVANCED_FACE('',(#3486),#63,.T.);
#3883=ADVANCED_FACE('',(#3487),#64,.T.);
#3884=ADVANCED_FACE('',(#3488),#65,.T.);
#3885=ADVANCED_FACE('',(#3489),#66,.T.);
#3886=ADVANCED_FACE('',(#3490),#67,.T.);
#3887=ADVANCED_FACE('',(#3491),#68,.T.);
#3888=ADVANCED_FACE('',(#3492),#69,.T.);
#3889=ADVANCED_FACE('',(#3493),#70,.T.);
#3890=ADVANCED_FACE('',(#3494),#71,.T.);
#3891=ADVANCED_FACE('',(#3495),#72,.T.);
#3892=ADVANCED_FACE('',(#3496),#73,.T.);
#3893=ADVANCED_FACE('',(#3497),#74,.T.);
#3894=ADVANCED_FACE('',(#3498),#75,.T.);
#3895=ADVANCED_FACE('',(#3499),#3689,.T.);
#3896=ADVANCED_FACE('',(#3500),#3690,.F.);
#3897=ADVANCED_FACE('',(#3501),#3691,.F.);
#3898=ADVANCED_FACE('',(#3502),#3692,.T.);
#3899=ADVANCED_FACE('',(#3503),#12,.T.);
#3900=ADVANCED_FACE('',(#3504),#3693,.T.);
#3901=ADVANCED_FACE('',(#3505),#13,.F.);
#3902=ADVANCED_FACE('',(#3506),#3694,.T.);
#3903=ADVANCED_FACE('',(#3507),#3695,.T.);
#3904=ADVANCED_FACE('',(#3508),#3696,.T.);
#3905=ADVANCED_FACE('',(#3509),#3697,.T.);
#3906=ADVANCED_FACE('',(#3510),#3698,.T.);
#3907=ADVANCED_FACE('',(#3511),#14,.F.);
#3908=ADVANCED_FACE('',(#3512),#3699,.T.);
#3909=ADVANCED_FACE('',(#3513),#3700,.T.);
#3910=ADVANCED_FACE('',(#3514),#3701,.T.);
#3911=ADVANCED_FACE('',(#3515),#3702,.T.);
#3912=ADVANCED_FACE('',(#3516),#3703,.T.);
#3913=ADVANCED_FACE('',(#3517),#15,.F.);
#3914=ADVANCED_FACE('',(#3518),#3704,.T.);
#3915=ADVANCED_FACE('',(#3519),#3705,.T.);
#3916=ADVANCED_FACE('',(#3520),#3706,.T.);
#3917=ADVANCED_FACE('',(#3521),#3707,.T.);
#3918=ADVANCED_FACE('',(#3522),#16,.F.);
#3919=ADVANCED_FACE('',(#3523),#3708,.F.);
#3920=ADVANCED_FACE('',(#3524),#3709,.F.);
#3921=ADVANCED_FACE('',(#3525),#3710,.F.);
#3922=ADVANCED_FACE('',(#3526),#3711,.F.);
#3923=ADVANCED_FACE('',(#3527),#3712,.T.);
#3924=ADVANCED_FACE('',(#3528),#17,.F.);
#3925=ADVANCED_FACE('',(#3529),#3713,.F.);
#3926=ADVANCED_FACE('',(#3530),#3714,.F.);
#3927=ADVANCED_FACE('',(#3531),#3715,.F.);
#3928=ADVANCED_FACE('',(#3532),#3716,.F.);
#3929=ADVANCED_FACE('',(#3533),#3717,.T.);
#3930=ADVANCED_FACE('',(#3534),#3718,.T.);
#3931=ADVANCED_FACE('',(#3535),#3719,.F.);
#3932=ADVANCED_FACE('',(#3536),#3720,.T.);
#3933=ADVANCED_FACE('',(#3537),#18,.T.);
#3934=ADVANCED_FACE('',(#3538),#3721,.T.);
#3935=ADVANCED_FACE('',(#3539),#19,.F.);
#3936=ADVANCED_FACE('',(#3540),#3722,.T.);
#3937=ADVANCED_FACE('',(#3541),#3723,.T.);
#3938=ADVANCED_FACE('',(#3542),#3724,.T.);
#3939=ADVANCED_FACE('',(#3543),#3725,.T.);
#3940=ADVANCED_FACE('',(#3544),#3726,.T.);
#3941=ADVANCED_FACE('',(#3545),#20,.F.);
#3942=ADVANCED_FACE('',(#3546),#3727,.T.);
#3943=ADVANCED_FACE('',(#3547),#3728,.T.);
#3944=ADVANCED_FACE('',(#3548),#3729,.T.);
#3945=ADVANCED_FACE('',(#3549),#3730,.T.);
#3946=ADVANCED_FACE('',(#3550),#3731,.T.);
#3947=ADVANCED_FACE('',(#3551),#21,.F.);
#3948=ADVANCED_FACE('',(#3552),#3732,.T.);
#3949=ADVANCED_FACE('',(#3553),#3733,.T.);
#3950=ADVANCED_FACE('',(#3554),#3734,.T.);
#3951=ADVANCED_FACE('',(#3555),#3735,.T.);
#3952=ADVANCED_FACE('',(#3556),#22,.F.);
#3953=ADVANCED_FACE('',(#3557),#3736,.F.);
#3954=ADVANCED_FACE('',(#3558),#3737,.F.);
#3955=ADVANCED_FACE('',(#3559),#3738,.F.);
#3956=ADVANCED_FACE('',(#3560),#3739,.F.);
#3957=ADVANCED_FACE('',(#3561),#3740,.T.);
#3958=ADVANCED_FACE('',(#3562),#23,.F.);
#3959=ADVANCED_FACE('',(#3563),#3741,.F.);
#3960=ADVANCED_FACE('',(#3564),#3742,.F.);
#3961=ADVANCED_FACE('',(#3565),#3743,.F.);
#3962=ADVANCED_FACE('',(#3566),#3744,.F.);
#3963=ADVANCED_FACE('',(#3567),#3745,.T.);
#3964=ADVANCED_FACE('',(#3568),#3746,.T.);
#3965=ADVANCED_FACE('',(#3569),#3747,.F.);
#3966=ADVANCED_FACE('',(#3570),#3748,.F.);
#3967=ADVANCED_FACE('',(#3571),#3749,.T.);
#3968=ADVANCED_FACE('',(#3572),#3750,.T.);
#3969=ADVANCED_FACE('',(#3573),#3751,.F.);
#3970=ADVANCED_FACE('',(#3574),#3752,.F.);
#3971=ADVANCED_FACE('',(#3575),#3753,.T.);
#3972=ADVANCED_FACE('',(#3576),#3754,.F.);
#3973=ADVANCED_FACE('',(#3577),#24,.F.);
#3974=ADVANCED_FACE('',(#3578),#3755,.T.);
#3975=ADVANCED_FACE('',(#3579),#25,.T.);
#3976=ADVANCED_FACE('',(#3580),#3756,.F.);
#3977=ADVANCED_FACE('',(#3581),#3757,.F.);
#3978=ADVANCED_FACE('',(#3582),#3758,.F.);
#3979=ADVANCED_FACE('',(#3583),#3759,.F.);
#3980=ADVANCED_FACE('',(#3584),#3760,.T.);
#3981=ADVANCED_FACE('',(#3585),#3761,.T.);
#3982=ADVANCED_FACE('',(#3586),#26,.T.);
#3983=ADVANCED_FACE('',(#3587),#3762,.T.);
#3984=ADVANCED_FACE('',(#3588),#3763,.T.);
#3985=ADVANCED_FACE('',(#3589),#3764,.T.);
#3986=ADVANCED_FACE('',(#3590),#3765,.T.);
#3987=ADVANCED_FACE('',(#3591),#3766,.T.);
#3988=ADVANCED_FACE('',(#3592),#27,.T.);
#3989=ADVANCED_FACE('',(#3593),#3767,.T.);
#3990=ADVANCED_FACE('',(#3594),#3768,.T.);
#3991=ADVANCED_FACE('',(#3595),#3769,.T.);
#3992=ADVANCED_FACE('',(#3596),#3770,.T.);
#3993=ADVANCED_FACE('',(#3597),#3771,.T.);
#3994=ADVANCED_FACE('',(#3598),#28,.T.);
#3995=ADVANCED_FACE('',(#3599),#3772,.T.);
#3996=ADVANCED_FACE('',(#3600),#3773,.T.);
#3997=ADVANCED_FACE('',(#3601),#3774,.T.);
#3998=ADVANCED_FACE('',(#3602),#3775,.T.);
#3999=ADVANCED_FACE('',(#3603),#29,.T.);
#4000=ADVANCED_FACE('',(#3604),#3776,.F.);
#4001=ADVANCED_FACE('',(#3605),#3777,.F.);
#4002=ADVANCED_FACE('',(#3606),#3778,.F.);
#4003=ADVANCED_FACE('',(#3607),#3779,.F.);
#4004=ADVANCED_FACE('',(#3608),#3780,.T.);
#4005=ADVANCED_FACE('',(#3609),#3781,.T.);
#4006=ADVANCED_FACE('',(#3610),#30,.T.);
#4007=ADVANCED_FACE('',(#3611),#3782,.T.);
#4008=ADVANCED_FACE('',(#3612),#3783,.T.);
#4009=ADVANCED_FACE('',(#3613),#3784,.T.);
#4010=ADVANCED_FACE('',(#3614),#3785,.T.);
#4011=ADVANCED_FACE('',(#3615),#31,.T.);
#4012=ADVANCED_FACE('',(#3616),#3786,.F.);
#4013=ADVANCED_FACE('',(#3617),#3787,.F.);
#4014=ADVANCED_FACE('',(#3618),#3788,.F.);
#4015=ADVANCED_FACE('',(#3619),#3789,.F.);
#4016=ADVANCED_FACE('',(#3620),#3790,.T.);
#4017=ADVANCED_FACE('',(#3621),#32,.T.);
#4018=ADVANCED_FACE('',(#3622),#3791,.F.);
#4019=ADVANCED_FACE('',(#3623),#3792,.F.);
#4020=ADVANCED_FACE('',(#3624),#3793,.F.);
#4021=ADVANCED_FACE('',(#3625),#3794,.F.);
#4022=ADVANCED_FACE('',(#3626),#3795,.T.);
#4023=ADVANCED_FACE('',(#3627),#3796,.T.);
#4024=ADVANCED_FACE('',(#3628),#33,.T.);
#4025=ADVANCED_FACE('',(#3629),#3797,.T.);
#4026=ADVANCED_FACE('',(#3630),#3798,.T.);
#4027=ADVANCED_FACE('',(#3631),#3799,.T.);
#4028=ADVANCED_FACE('',(#3632),#3800,.T.);
#4029=ADVANCED_FACE('',(#3633),#3801,.T.);
#4030=ADVANCED_FACE('',(#3634),#34,.T.);
#4031=ADVANCED_FACE('',(#3635),#3802,.T.);
#4032=ADVANCED_FACE('',(#3636),#3803,.T.);
#4033=ADVANCED_FACE('',(#3637),#3804,.T.);
#4034=ADVANCED_FACE('',(#3638),#3805,.T.);
#4035=ADVANCED_FACE('',(#3639),#3806,.F.);
#4036=ADVANCED_FACE('',(#3640),#35,.F.);
#4037=ADVANCED_FACE('',(#3641),#3807,.T.);
#4038=CLOSED_SHELL('',(#3808,#3809,#3810,#3811,#3812,#3813,#3814,#3815,
#3816,#3817,#3818,#3819,#3820,#3821,#3822,#3823,#3824,#3825,#3826,#3827,
#3828,#3829,#3830,#3831,#3832,#3833,#3834,#3835,#3836,#3837,#3838,#3839,
#3840,#3841,#3842,#3843,#3844,#3845,#3846,#3847,#3848,#3849,#3850,#3851,
#3852,#3853,#3854,#3855,#3856,#3857,#3858,#3859,#3860,#3861,#3862,#3863,
#3864,#3865,#3866,#3867,#3868,#3869,#3870,#3871,#3872,#3873,#3874,#3875,
#3876,#3877,#3878,#3879,#3880,#3881,#3882,#3883,#3884,#3885,#3886,#3887,
#3888,#3889,#3890,#3891,#3892,#3893,#3894,#3895,#3896,#3897,#3898,#3899,
#3900,#3901,#3902,#3903,#3904,#3905,#3906,#3907,#3908,#3909,#3910,#3911,
#3912,#3913,#3914,#3915,#3916,#3917,#3918,#3919,#3920,#3921,#3922,#3923,
#3924,#3925,#3926,#3927,#3928,#3929,#3930,#3931,#3932,#3933,#3934,#3935,
#3936,#3937,#3938,#3939,#3940,#3941,#3942,#3943,#3944,#3945,#3946,#3947,
#3948,#3949,#3950,#3951,#3952,#3953,#3954,#3955,#3956,#3957,#3958,#3959,
#3960,#3961,#3962,#3963,#3964,#3965,#3966,#3967,#3968,#3969,#3970,#3971,
#3972,#3973,#3974,#3975,#3976,#3977,#3978,#3979,#3980,#3981,#3982,#3983,
#3984,#3985,#3986,#3987,#3988,#3989,#3990,#3991,#3992,#3993,#3994,#3995,
#3996,#3997,#3998,#3999,#4000,#4001,#4002,#4003,#4004,#4005,#4006,#4007,
#4008,#4009,#4010,#4011,#4012,#4013,#4014,#4015,#4016,#4017,#4018,#4019,
#4020,#4021,#4022,#4023,#4024,#4025,#4026,#4027,#4028,#4029,#4030,#4031,
#4032,#4033,#4034,#4035,#4036,#4037));
#4039=STYLED_ITEM('',(#4040),#4108);
#4040=PRESENTATION_STYLE_ASSIGNMENT((#4051));
#4041=PRESENTATION_STYLE_ASSIGNMENT((#4052));
#4042=PRESENTATION_STYLE_ASSIGNMENT((#4053));
#4043=PRESENTATION_STYLE_ASSIGNMENT((#4054));
#4044=PRESENTATION_STYLE_ASSIGNMENT((#4055));
#4045=PRESENTATION_STYLE_ASSIGNMENT((#4056));
#4046=PRESENTATION_STYLE_ASSIGNMENT((#4057));
#4047=PRESENTATION_STYLE_ASSIGNMENT((#4058));
#4048=PRESENTATION_STYLE_ASSIGNMENT((#4059));
#4049=PRESENTATION_STYLE_ASSIGNMENT((#4060));
#4050=PRESENTATION_STYLE_ASSIGNMENT((#4061));
#4051=SURFACE_STYLE_USAGE(.BOTH.,#4062);
#4052=SURFACE_STYLE_USAGE(.BOTH.,#4063);
#4053=SURFACE_STYLE_USAGE(.BOTH.,#4064);
#4054=SURFACE_STYLE_USAGE(.BOTH.,#4065);
#4055=SURFACE_STYLE_USAGE(.BOTH.,#4066);
#4056=SURFACE_STYLE_USAGE(.BOTH.,#4067);
#4057=SURFACE_STYLE_USAGE(.BOTH.,#4068);
#4058=SURFACE_STYLE_USAGE(.BOTH.,#4069);
#4059=SURFACE_STYLE_USAGE(.BOTH.,#4070);
#4060=SURFACE_STYLE_USAGE(.BOTH.,#4071);
#4061=SURFACE_STYLE_USAGE(.BOTH.,#4072);
#4062=SURFACE_SIDE_STYLE('',(#4073));
#4063=SURFACE_SIDE_STYLE('',(#4074));
#4064=SURFACE_SIDE_STYLE('',(#4075));
#4065=SURFACE_SIDE_STYLE('',(#4076));
#4066=SURFACE_SIDE_STYLE('',(#4077));
#4067=SURFACE_SIDE_STYLE('',(#4078));
#4068=SURFACE_SIDE_STYLE('',(#4079));
#4069=SURFACE_SIDE_STYLE('',(#4080));
#4070=SURFACE_SIDE_STYLE('',(#4081));
#4071=SURFACE_SIDE_STYLE('',(#4082));
#4072=SURFACE_SIDE_STYLE('',(#4083));
#4073=SURFACE_STYLE_FILL_AREA(#4084);
#4074=SURFACE_STYLE_FILL_AREA(#4085);
#4075=SURFACE_STYLE_FILL_AREA(#4086);
#4076=SURFACE_STYLE_FILL_AREA(#4087);
#4077=SURFACE_STYLE_FILL_AREA(#4088);
#4078=SURFACE_STYLE_FILL_AREA(#4089);
#4079=SURFACE_STYLE_FILL_AREA(#4090);
#4080=SURFACE_STYLE_FILL_AREA(#4091);
#4081=SURFACE_STYLE_FILL_AREA(#4092);
#4082=SURFACE_STYLE_FILL_AREA(#4093);
#4083=SURFACE_STYLE_FILL_AREA(#4094);
#4084=FILL_AREA_STYLE('',(#4095));
#4085=FILL_AREA_STYLE('',(#4096));
#4086=FILL_AREA_STYLE('',(#4097));
#4087=FILL_AREA_STYLE('',(#4098));
#4088=FILL_AREA_STYLE('',(#4099));
#4089=FILL_AREA_STYLE('',(#4100));
#4090=FILL_AREA_STYLE('',(#4101));
#4091=FILL_AREA_STYLE('',(#4102));
#4092=FILL_AREA_STYLE('',(#4103));
#4093=FILL_AREA_STYLE('',(#4104));
#4094=FILL_AREA_STYLE('',(#4105));
#4095=FILL_AREA_STYLE_COLOUR('',#4106);
#4096=FILL_AREA_STYLE_COLOUR('',#4107);
#4097=FILL_AREA_STYLE_COLOUR('',#4107);
#4098=FILL_AREA_STYLE_COLOUR('',#4107);
#4099=FILL_AREA_STYLE_COLOUR('',#4107);
#4100=FILL_AREA_STYLE_COLOUR('',#4107);
#4101=FILL_AREA_STYLE_COLOUR('',#4107);
#4102=FILL_AREA_STYLE_COLOUR('',#4107);
#4103=FILL_AREA_STYLE_COLOUR('',#4107);
#4104=FILL_AREA_STYLE_COLOUR('',#4107);
#4105=FILL_AREA_STYLE_COLOUR('',#4107);
#4106=COLOUR_RGB('',0.917647058823529,0.643137254901961,0.568627450980392);
#4107=COLOUR_RGB('',0.96078431372549,0.901960784313726,0.862745098039216);
#4108=MANIFOLD_SOLID_BREP('Part 1',#4038);
#4109=SHAPE_DEFINITION_REPRESENTATION(#7693,#4110);
#4110=SHAPE_REPRESENTATION('Part 1',(#4111),#7688);
#4111=AXIS2_PLACEMENT_3D('',#5228,#4350,#4351);
#4112=AXIS2_PLACEMENT_3D('',#5229,#4352,#4353);
#4113=AXIS2_PLACEMENT_3D('',#5233,#4355,#4356);
#4114=AXIS2_PLACEMENT_3D('',#5242,#4361,#4362);
#4115=AXIS2_PLACEMENT_3D('',#5255,#4368,#4369);
#4116=AXIS2_PLACEMENT_3D('',#5265,#4374,#4375);
#4117=AXIS2_PLACEMENT_3D('',#5272,#4379,#4380);
#4118=AXIS2_PLACEMENT_3D('',#5282,#4385,#4386);
#4119=AXIS2_PLACEMENT_3D('',#5292,#4391,#4392);
#4120=AXIS2_PLACEMENT_3D('',#5296,#4394,#4395);
#4121=AXIS2_PLACEMENT_3D('',#5308,#4401,#4402);
#4122=AXIS2_PLACEMENT_3D('',#5315,#4406,#4407);
#4123=AXIS2_PLACEMENT_3D('',#5325,#4412,#4413);
#4124=AXIS2_PLACEMENT_3D('',#5335,#4418,#4419);
#4125=AXIS2_PLACEMENT_3D('',#5348,#4425,#4426);
#4126=AXIS2_PLACEMENT_3D('',#5355,#4430,#4431);
#4127=AXIS2_PLACEMENT_3D('',#5416,#4452,#4453);
#4128=AXIS2_PLACEMENT_3D('',#5425,#4458,#4459);
#4129=AXIS2_PLACEMENT_3D('',#5434,#4464,#4465);
#4130=AXIS2_PLACEMENT_3D('',#5435,#4466,#4467);
#4131=AXIS2_PLACEMENT_3D('',#5445,#4472,#4473);
#4132=AXIS2_PLACEMENT_3D('',#5464,#4482,#4483);
#4133=AXIS2_PLACEMENT_3D('',#5474,#4488,#4489);
#4134=AXIS2_PLACEMENT_3D('',#5484,#4494,#4495);
#4135=AXIS2_PLACEMENT_3D('',#5485,#4496,#4497);
#4136=AXIS2_PLACEMENT_3D('',#5491,#4501,#4502);
#4137=AXIS2_PLACEMENT_3D('',#5492,#4503,#4504);
#4138=AXIS2_PLACEMENT_3D('',#5505,#4511,#4512);
#4139=AXIS2_PLACEMENT_3D('',#5554,#4527,#4528);
#4140=AXIS2_PLACEMENT_3D('',#5560,#4532,#4533);
#4141=AXIS2_PLACEMENT_3D('',#5561,#4534,#4535);
#4142=AXIS2_PLACEMENT_3D('',#5571,#4540,#4541);
#4143=AXIS2_PLACEMENT_3D('',#5590,#4550,#4551);
#4144=AXIS2_PLACEMENT_3D('',#5600,#4556,#4557);
#4145=AXIS2_PLACEMENT_3D('',#5610,#4562,#4563);
#4146=AXIS2_PLACEMENT_3D('',#5611,#4564,#4565);
#4147=AXIS2_PLACEMENT_3D('',#5620,#4570,#4571);
#4148=AXIS2_PLACEMENT_3D('',#5683,#4588,#4589);
#4149=AXIS2_PLACEMENT_3D('',#5686,#4592,#4593);
#4150=AXIS2_PLACEMENT_3D('',#5696,#4600,#4601);
#4151=AXIS2_PLACEMENT_3D('',#5698,#4603,#4604);
#4152=AXIS2_PLACEMENT_3D('',#5701,#4607,#4608);
#4153=AXIS2_PLACEMENT_3D('',#5706,#4609,#4610);
#4154=AXIS2_PLACEMENT_3D('',#5727,#4611,#4612);
#4155=AXIS2_PLACEMENT_3D('',#5736,#4613,#4614);
#4156=AXIS2_PLACEMENT_3D('',#5757,#4615,#4616);
#4157=AXIS2_PLACEMENT_3D('',#5763,#4618,#4619);
#4158=AXIS2_PLACEMENT_3D('',#5773,#4626,#4627);
#4159=AXIS2_PLACEMENT_3D('',#5778,#4628,#4629);
#4160=AXIS2_PLACEMENT_3D('',#5799,#4630,#4631);
#4161=AXIS2_PLACEMENT_3D('',#5808,#4632,#4633);
#4162=AXIS2_PLACEMENT_3D('',#5829,#4634,#4635);
#4163=AXIS2_PLACEMENT_3D('',#5834,#4636,#4637);
#4164=AXIS2_PLACEMENT_3D('',#5835,#4638,#4639);
#4165=AXIS2_PLACEMENT_3D('',#5842,#4641,#4642);
#4166=AXIS2_PLACEMENT_3D('',#5849,#4644,#4645);
#4167=AXIS2_PLACEMENT_3D('',#5856,#4647,#4648);
#4168=AXIS2_PLACEMENT_3D('',#5863,#4650,#4651);
#4169=AXIS2_PLACEMENT_3D('',#5867,#4654,#4655);
#4170=AXIS2_PLACEMENT_3D('',#5871,#4658,#4659);
#4171=AXIS2_PLACEMENT_3D('',#5877,#4663,#4664);
#4172=AXIS2_PLACEMENT_3D('',#5884,#4666,#4667);
#4173=AXIS2_PLACEMENT_3D('',#5905,#4668,#4669);
#4174=AXIS2_PLACEMENT_3D('',#5917,#4671,#4672);
#4175=AXIS2_PLACEMENT_3D('',#5938,#4673,#4674);
#4176=AXIS2_PLACEMENT_3D('',#5945,#4676,#4677);
#4177=AXIS2_PLACEMENT_3D('',#5952,#4679,#4680);
#4178=AXIS2_PLACEMENT_3D('',#5973,#4681,#4682);
#4179=AXIS2_PLACEMENT_3D('',#5985,#4684,#4685);
#4180=AXIS2_PLACEMENT_3D('',#6006,#4686,#4687);
#4181=AXIS2_PLACEMENT_3D('',#6013,#4689,#4690);
#4182=AXIS2_PLACEMENT_3D('',#6015,#4692,#4693);
#4183=AXIS2_PLACEMENT_3D('',#6040,#4694,#4695);
#4184=AXIS2_PLACEMENT_3D('',#6229,#4696,#4697);
#4185=AXIS2_PLACEMENT_3D('',#7218,#4698,#4699);
#4186=AXIS2_PLACEMENT_3D('',#7221,#4702,#4703);
#4187=AXIS2_PLACEMENT_3D('',#7223,#4705,#4706);
#4188=AXIS2_PLACEMENT_3D('',#7225,#4708,#4709);
#4189=AXIS2_PLACEMENT_3D('',#7226,#4710,#4711);
#4190=AXIS2_PLACEMENT_3D('',#7227,#4712,#4713);
#4191=AXIS2_PLACEMENT_3D('',#7233,#4717,#4718);
#4192=AXIS2_PLACEMENT_3D('',#7236,#4720,#4721);
#4193=AXIS2_PLACEMENT_3D('',#7237,#4722,#4723);
#4194=AXIS2_PLACEMENT_3D('',#7241,#4726,#4727);
#4195=AXIS2_PLACEMENT_3D('',#7245,#4730,#4731);
#4196=AXIS2_PLACEMENT_3D('',#7247,#4733,#4734);
#4197=AXIS2_PLACEMENT_3D('',#7248,#4735,#4736);
#4198=AXIS2_PLACEMENT_3D('',#7254,#4740,#4741);
#4199=AXIS2_PLACEMENT_3D('',#7257,#4743,#4744);
#4200=AXIS2_PLACEMENT_3D('',#7258,#4745,#4746);
#4201=AXIS2_PLACEMENT_3D('',#7262,#4749,#4750);
#4202=AXIS2_PLACEMENT_3D('',#7266,#4753,#4754);
#4203=AXIS2_PLACEMENT_3D('',#7268,#4756,#4757);
#4204=AXIS2_PLACEMENT_3D('',#7269,#4758,#4759);
#4205=AXIS2_PLACEMENT_3D('',#7275,#4763,#4764);
#4206=AXIS2_PLACEMENT_3D('',#7278,#4766,#4767);
#4207=AXIS2_PLACEMENT_3D('',#7279,#4768,#4769);
#4208=AXIS2_PLACEMENT_3D('',#7283,#4772,#4773);
#4209=AXIS2_PLACEMENT_3D('',#7287,#4776,#4777);
#4210=AXIS2_PLACEMENT_3D('',#7289,#4779,#4780);
#4211=AXIS2_PLACEMENT_3D('',#7290,#4781,#4782);
#4212=AXIS2_PLACEMENT_3D('',#7293,#4784,#4785);
#4213=AXIS2_PLACEMENT_3D('',#7296,#4787,#4788);
#4214=AXIS2_PLACEMENT_3D('',#7300,#4791,#4792);
#4215=AXIS2_PLACEMENT_3D('',#7304,#4795,#4796);
#4216=AXIS2_PLACEMENT_3D('',#7308,#4799,#4800);
#4217=AXIS2_PLACEMENT_3D('',#7310,#4802,#4803);
#4218=AXIS2_PLACEMENT_3D('',#7311,#4804,#4805);
#4219=AXIS2_PLACEMENT_3D('',#7314,#4807,#4808);
#4220=AXIS2_PLACEMENT_3D('',#7317,#4810,#4811);
#4221=AXIS2_PLACEMENT_3D('',#7321,#4814,#4815);
#4222=AXIS2_PLACEMENT_3D('',#7325,#4818,#4819);
#4223=AXIS2_PLACEMENT_3D('',#7329,#4822,#4823);
#4224=AXIS2_PLACEMENT_3D('',#7331,#4825,#4826);
#4225=AXIS2_PLACEMENT_3D('',#7332,#4827,#4828);
#4226=AXIS2_PLACEMENT_3D('',#7335,#4831,#4832);
#4227=AXIS2_PLACEMENT_3D('',#7336,#4833,#4834);
#4228=AXIS2_PLACEMENT_3D('',#7337,#4835,#4836);
#4229=AXIS2_PLACEMENT_3D('',#7338,#4837,#4838);
#4230=AXIS2_PLACEMENT_3D('',#7344,#4842,#4843);
#4231=AXIS2_PLACEMENT_3D('',#7347,#4845,#4846);
#4232=AXIS2_PLACEMENT_3D('',#7348,#4847,#4848);
#4233=AXIS2_PLACEMENT_3D('',#7352,#4851,#4852);
#4234=AXIS2_PLACEMENT_3D('',#7356,#4855,#4856);
#4235=AXIS2_PLACEMENT_3D('',#7358,#4858,#4859);
#4236=AXIS2_PLACEMENT_3D('',#7359,#4860,#4861);
#4237=AXIS2_PLACEMENT_3D('',#7365,#4865,#4866);
#4238=AXIS2_PLACEMENT_3D('',#7368,#4868,#4869);
#4239=AXIS2_PLACEMENT_3D('',#7369,#4870,#4871);
#4240=AXIS2_PLACEMENT_3D('',#7373,#4874,#4875);
#4241=AXIS2_PLACEMENT_3D('',#7377,#4878,#4879);
#4242=AXIS2_PLACEMENT_3D('',#7379,#4881,#4882);
#4243=AXIS2_PLACEMENT_3D('',#7380,#4883,#4884);
#4244=AXIS2_PLACEMENT_3D('',#7386,#4888,#4889);
#4245=AXIS2_PLACEMENT_3D('',#7389,#4891,#4892);
#4246=AXIS2_PLACEMENT_3D('',#7390,#4893,#4894);
#4247=AXIS2_PLACEMENT_3D('',#7394,#4897,#4898);
#4248=AXIS2_PLACEMENT_3D('',#7398,#4901,#4902);
#4249=AXIS2_PLACEMENT_3D('',#7400,#4904,#4905);
#4250=AXIS2_PLACEMENT_3D('',#7401,#4906,#4907);
#4251=AXIS2_PLACEMENT_3D('',#7404,#4909,#4910);
#4252=AXIS2_PLACEMENT_3D('',#7407,#4912,#4913);
#4253=AXIS2_PLACEMENT_3D('',#7411,#4916,#4917);
#4254=AXIS2_PLACEMENT_3D('',#7415,#4920,#4921);
#4255=AXIS2_PLACEMENT_3D('',#7419,#4924,#4925);
#4256=AXIS2_PLACEMENT_3D('',#7421,#4927,#4928);
#4257=AXIS2_PLACEMENT_3D('',#7422,#4929,#4930);
#4258=AXIS2_PLACEMENT_3D('',#7425,#4932,#4933);
#4259=AXIS2_PLACEMENT_3D('',#7428,#4935,#4936);
#4260=AXIS2_PLACEMENT_3D('',#7432,#4939,#4940);
#4261=AXIS2_PLACEMENT_3D('',#7436,#4943,#4944);
#4262=AXIS2_PLACEMENT_3D('',#7440,#4947,#4948);
#4263=AXIS2_PLACEMENT_3D('',#7442,#4950,#4951);
#4264=AXIS2_PLACEMENT_3D('',#7443,#4952,#4953);
#4265=AXIS2_PLACEMENT_3D('',#7446,#4956,#4957);
#4266=AXIS2_PLACEMENT_3D('',#7448,#4959,#4960);
#4267=AXIS2_PLACEMENT_3D('',#7450,#4962,#4963);
#4268=AXIS2_PLACEMENT_3D('',#7451,#4964,#4965);
#4269=AXIS2_PLACEMENT_3D('',#7454,#4968,#4969);
#4270=AXIS2_PLACEMENT_3D('',#7456,#4971,#4972);
#4271=AXIS2_PLACEMENT_3D('',#7458,#4974,#4975);
#4272=AXIS2_PLACEMENT_3D('',#7459,#4976,#4977);
#4273=AXIS2_PLACEMENT_3D('',#7465,#4981,#4982);
#4274=AXIS2_PLACEMENT_3D('',#7466,#4983,#4984);
#4275=AXIS2_PLACEMENT_3D('',#7467,#4985,#4986);
#4276=AXIS2_PLACEMENT_3D('',#7468,#4987,#4988);
#4277=AXIS2_PLACEMENT_3D('',#7471,#4990,#4991);
#4278=AXIS2_PLACEMENT_3D('',#7474,#4993,#4994);
#4279=AXIS2_PLACEMENT_3D('',#7478,#4997,#4998);
#4280=AXIS2_PLACEMENT_3D('',#7482,#5001,#5002);
#4281=AXIS2_PLACEMENT_3D('',#7486,#5005,#5006);
#4282=AXIS2_PLACEMENT_3D('',#7488,#5008,#5009);
#4283=AXIS2_PLACEMENT_3D('',#7489,#5010,#5011);
#4284=AXIS2_PLACEMENT_3D('',#7495,#5015,#5016);
#4285=AXIS2_PLACEMENT_3D('',#7498,#5018,#5019);
#4286=AXIS2_PLACEMENT_3D('',#7499,#5020,#5021);
#4287=AXIS2_PLACEMENT_3D('',#7503,#5024,#5025);
#4288=AXIS2_PLACEMENT_3D('',#7507,#5028,#5029);
#4289=AXIS2_PLACEMENT_3D('',#7509,#5031,#5032);
#4290=AXIS2_PLACEMENT_3D('',#7510,#5033,#5034);
#4291=AXIS2_PLACEMENT_3D('',#7516,#5038,#5039);
#4292=AXIS2_PLACEMENT_3D('',#7519,#5041,#5042);
#4293=AXIS2_PLACEMENT_3D('',#7520,#5043,#5044);
#4294=AXIS2_PLACEMENT_3D('',#7524,#5047,#5048);
#4295=AXIS2_PLACEMENT_3D('',#7528,#5051,#5052);
#4296=AXIS2_PLACEMENT_3D('',#7530,#5054,#5055);
#4297=AXIS2_PLACEMENT_3D('',#7531,#5056,#5057);
#4298=AXIS2_PLACEMENT_3D('',#7537,#5061,#5062);
#4299=AXIS2_PLACEMENT_3D('',#7540,#5064,#5065);
#4300=AXIS2_PLACEMENT_3D('',#7541,#5066,#5067);
#4301=AXIS2_PLACEMENT_3D('',#7545,#5070,#5071);
#4302=AXIS2_PLACEMENT_3D('',#7549,#5074,#5075);
#4303=AXIS2_PLACEMENT_3D('',#7551,#5077,#5078);
#4304=AXIS2_PLACEMENT_3D('',#7552,#5079,#5080);
#4305=AXIS2_PLACEMENT_3D('',#7555,#5082,#5083);
#4306=AXIS2_PLACEMENT_3D('',#7558,#5085,#5086);
#4307=AXIS2_PLACEMENT_3D('',#7562,#5089,#5090);
#4308=AXIS2_PLACEMENT_3D('',#7566,#5093,#5094);
#4309=AXIS2_PLACEMENT_3D('',#7570,#5097,#5098);
#4310=AXIS2_PLACEMENT_3D('',#7572,#5100,#5101);
#4311=AXIS2_PLACEMENT_3D('',#7573,#5102,#5103);
#4312=AXIS2_PLACEMENT_3D('',#7579,#5107,#5108);
#4313=AXIS2_PLACEMENT_3D('',#7582,#5110,#5111);
#4314=AXIS2_PLACEMENT_3D('',#7583,#5112,#5113);
#4315=AXIS2_PLACEMENT_3D('',#7587,#5116,#5117);
#4316=AXIS2_PLACEMENT_3D('',#7591,#5120,#5121);
#4317=AXIS2_PLACEMENT_3D('',#7593,#5123,#5124);
#4318=AXIS2_PLACEMENT_3D('',#7594,#5125,#5126);
#4319=AXIS2_PLACEMENT_3D('',#7597,#5128,#5129);
#4320=AXIS2_PLACEMENT_3D('',#7600,#5131,#5132);
#4321=AXIS2_PLACEMENT_3D('',#7604,#5135,#5136);
#4322=AXIS2_PLACEMENT_3D('',#7608,#5139,#5140);
#4323=AXIS2_PLACEMENT_3D('',#7612,#5143,#5144);
#4324=AXIS2_PLACEMENT_3D('',#7614,#5146,#5147);
#4325=AXIS2_PLACEMENT_3D('',#7615,#5148,#5149);
#4326=AXIS2_PLACEMENT_3D('',#7618,#5151,#5152);
#4327=AXIS2_PLACEMENT_3D('',#7621,#5154,#5155);
#4328=AXIS2_PLACEMENT_3D('',#7625,#5158,#5159);
#4329=AXIS2_PLACEMENT_3D('',#7629,#5162,#5163);
#4330=AXIS2_PLACEMENT_3D('',#7633,#5166,#5167);
#4331=AXIS2_PLACEMENT_3D('',#7635,#5169,#5170);
#4332=AXIS2_PLACEMENT_3D('',#7636,#5171,#5172);
#4333=AXIS2_PLACEMENT_3D('',#7642,#5176,#5177);
#4334=AXIS2_PLACEMENT_3D('',#7645,#5179,#5180);
#4335=AXIS2_PLACEMENT_3D('',#7646,#5181,#5182);
#4336=AXIS2_PLACEMENT_3D('',#7650,#5185,#5186);
#4337=AXIS2_PLACEMENT_3D('',#7654,#5189,#5190);
#4338=AXIS2_PLACEMENT_3D('',#7656,#5192,#5193);
#4339=AXIS2_PLACEMENT_3D('',#7657,#5194,#5195);
#4340=AXIS2_PLACEMENT_3D('',#7663,#5199,#5200);
#4341=AXIS2_PLACEMENT_3D('',#7666,#5202,#5203);
#4342=AXIS2_PLACEMENT_3D('',#7667,#5204,#5205);
#4343=AXIS2_PLACEMENT_3D('',#7671,#5208,#5209);
#4344=AXIS2_PLACEMENT_3D('',#7675,#5212,#5213);
#4345=AXIS2_PLACEMENT_3D('',#7677,#5215,#5216);
#4346=AXIS2_PLACEMENT_3D('',#7678,#5217,#5218);
#4347=AXIS2_PLACEMENT_3D('',#7684,#5222,#5223);
#4348=AXIS2_PLACEMENT_3D('',#7685,#5224,#5225);
#4349=AXIS2_PLACEMENT_3D('',#7686,#5226,#5227);
#4350=DIRECTION('',(0.,0.,1.));
#4351=DIRECTION('',(1.,0.,0.));
#4352=DIRECTION('',(0.,0.,1.));
#4353=DIRECTION('',(1.,0.,0.));
#4354=DIRECTION('',(-1.,0.,0.));
#4355=DIRECTION('',(0.,0.,1.));
#4356=DIRECTION('',(1.,0.,0.));
#4357=DIRECTION('',(-1.,0.,0.));
#4358=DIRECTION('',(0.,1.,0.));
#4359=DIRECTION('',(-1.,0.,0.));
#4360=DIRECTION('',(0.,1.,0.));
#4361=DIRECTION('',(0.,0.,1.));
#4362=DIRECTION('',(1.,0.,0.));
#4363=DIRECTION('',(-0.857493025804071,-0.514495588608279,0.));
#4364=DIRECTION('',(-0.986328857255561,0.164788911474464,0.));
#4365=DIRECTION('',(0.404163716914811,0.914686662157924,0.));
#4366=DIRECTION('',(1.,0.,0.));
#4367=DIRECTION('',(0.514495588608278,-0.857493025804071,0.));
#4368=DIRECTION('',(0.,0.,1.));
#4369=DIRECTION('',(1.,0.,0.));
#4370=DIRECTION('',(-0.919145191742583,0.393918921221729,0.));
#4371=DIRECTION('',(-0.16113154932801,0.986932937848948,0.));
#4372=DIRECTION('',(1.,0.,0.));
#4373=DIRECTION('',(0.933674888456205,-0.35812177072372,0.));
#4374=DIRECTION('',(0.,0.,1.));
#4375=DIRECTION('',(1.,0.,0.));
#4376=DIRECTION('',(-0.991777832844854,-0.127971599495999,0.));
#4377=DIRECTION('',(-0.751439697296552,0.659801774267746,0.));
#4378=DIRECTION('',(0.931577522653902,0.363542733782451,0.));
#4379=DIRECTION('',(0.,0.,1.));
#4380=DIRECTION('',(1.,0.,0.));
#4381=DIRECTION('',(0.355995719267859,-0.934487585719019,0.));
#4382=DIRECTION('',(-0.666794973224488,-0.745241211744596,0.));
#4383=DIRECTION('',(-0.745241211744596,0.666794973224489,0.));
#4384=DIRECTION('',(0.242102020199668,0.970250798409999,0.));
#4385=DIRECTION('',(0.,0.,1.));
#4386=DIRECTION('',(1.,0.,0.));
#4387=DIRECTION('',(-0.307430766359532,-0.951570451356909,0.));
#4388=DIRECTION('',(-0.980580650744711,-0.19611625986919,0.));
#4389=DIRECTION('',(0.,1.,0.));
#4390=DIRECTION('',(0.857493025804071,0.514495588608279,0.));
#4391=DIRECTION('',(0.,0.,1.));
#4392=DIRECTION('',(1.,0.,0.));
#4393=DIRECTION('',(-1.,0.,0.));
#4394=DIRECTION('',(0.,0.,1.));
#4395=DIRECTION('',(1.,0.,0.));
#4396=DIRECTION('',(-1.,0.,0.));
#4397=DIRECTION('',(0.,1.,0.));
#4398=DIRECTION('',(-1.,0.,0.));
#4399=DIRECTION('',(0.,1.,0.));
#4400=DIRECTION('',(0.514495588608279,-0.857493025804071,0.));
#4401=DIRECTION('',(0.,0.,1.));
#4402=DIRECTION('',(1.,0.,0.));
#4403=DIRECTION('',(-0.919145191742583,0.393918921221729,0.));
#4404=DIRECTION('',(-0.16113154932801,0.986932937848948,0.));
#4405=DIRECTION('',(1.,0.,0.));
#4406=DIRECTION('',(0.,0.,1.));
#4407=DIRECTION('',(1.,0.,0.));
#4408=DIRECTION('',(-0.857493025804071,-0.514495588608278,0.));
#4409=DIRECTION('',(-0.986328857255561,0.164788911474464,0.));
#4410=DIRECTION('',(0.404163716914811,0.914686662157924,0.));
#4411=DIRECTION('',(1.,0.,0.));
#4412=DIRECTION('',(0.,0.,1.));
#4413=DIRECTION('',(1.,0.,0.));
#4414=DIRECTION('',(0.355995719267859,-0.934487585719019,0.));
#4415=DIRECTION('',(-0.666794973224488,-0.745241211744596,0.));
#4416=DIRECTION('',(-0.745241211744596,0.666794973224489,0.));
#4417=DIRECTION('',(0.242102020199667,0.970250798409999,0.));
#4418=DIRECTION('',(0.,0.,1.));
#4419=DIRECTION('',(1.,0.,0.));
#4420=DIRECTION('',(-0.307430766359532,-0.951570451356909,0.));
#4421=DIRECTION('',(-0.980580650744711,-0.19611625986919,0.));
#4422=DIRECTION('',(0.,1.,0.));
#4423=DIRECTION('',(0.857493025804071,0.514495588608278,0.));
#4424=DIRECTION('',(0.933674888456205,-0.35812177072372,0.));
#4425=DIRECTION('',(0.,0.,1.));
#4426=DIRECTION('',(1.,0.,0.));
#4427=DIRECTION('',(-0.991777832844854,-0.127971599495999,0.));
#4428=DIRECTION('',(-0.751439697296552,0.659801774267746,0.));
#4429=DIRECTION('',(0.931577522653902,0.363542733782451,0.));
#4430=DIRECTION('',(0.,0.,1.));
#4431=DIRECTION('',(1.,0.,0.));
#4432=DIRECTION('',(0.,-1.,0.));
#4433=DIRECTION('',(5.78241158658936E-17,-1.,0.));
#4434=DIRECTION('',(0.,-1.,0.));
#4435=DIRECTION('',(1.,0.,0.));
#4436=DIRECTION('',(0.,-1.,0.));
#4437=DIRECTION('',(0.,-1.,0.));
#4438=DIRECTION('',(0.,-1.,0.));
#4439=DIRECTION('',(1.,0.,0.));
#4440=DIRECTION('',(0.,-1.,0.));
#4441=DIRECTION('',(1.,0.,0.));
#4442=DIRECTION('',(0.,-1.,0.));
#4443=DIRECTION('',(1.,0.,0.));
#4444=DIRECTION('',(0.,1.,0.));
#4445=DIRECTION('',(-1.,0.,0.));
#4446=DIRECTION('',(0.,1.,0.));
#4447=DIRECTION('',(-1.,0.,0.));
#4448=DIRECTION('',(0.,1.,0.));
#4449=DIRECTION('',(-1.,0.,0.));
#4450=DIRECTION('',(0.,1.,0.));
#4451=DIRECTION('',(-1.,0.,0.));
#4452=DIRECTION('',(0.,1.,0.));
#4453=DIRECTION('',(0.,0.,1.));
#4454=DIRECTION('',(0.,0.,1.));
#4455=DIRECTION('',(1.,0.,0.));
#4456=DIRECTION('',(0.,0.,-1.));
#4457=DIRECTION('',(1.,0.,0.));
#4458=DIRECTION('',(0.,1.,0.));
#4459=DIRECTION('',(0.,0.,1.));
#4460=DIRECTION('',(0.,0.,1.));
#4461=DIRECTION('',(1.,0.,0.));
#4462=DIRECTION('',(0.,0.,-1.));
#4463=DIRECTION('',(1.,0.,0.));
#4464=DIRECTION('',(0.,0.,-1.));
#4465=DIRECTION('',(1.,0.,0.));
#4466=DIRECTION('',(0.,0.,-1.));
#4467=DIRECTION('',(-1.,0.,0.));
#4468=DIRECTION('',(0.991777832844854,-0.127971599495999,0.));
#4469=DIRECTION('',(0.751439697296552,0.659801774267746,0.));
#4470=DIRECTION('',(-0.931577522653902,0.363542733782451,0.));
#4471=DIRECTION('',(-0.933674888456205,-0.35812177072372,0.));
#4472=DIRECTION('',(0.,0.,-1.));
#4473=DIRECTION('',(-1.,0.,0.));
#4474=DIRECTION('',(0.919145191742583,0.393918921221729,0.));
#4475=DIRECTION('',(0.16113154932801,0.986932937848948,0.));
#4476=DIRECTION('',(-1.,0.,0.));
#4477=DIRECTION('',(-0.514495588608278,-0.857493025804071,0.));
#4478=DIRECTION('',(0.857493025804071,-0.514495588608278,0.));
#4479=DIRECTION('',(0.986328857255561,0.164788911474464,0.));
#4480=DIRECTION('',(-0.404163716914811,0.914686662157924,0.));
#4481=DIRECTION('',(-1.,0.,0.));
#4482=DIRECTION('',(0.,0.,-1.));
#4483=DIRECTION('',(-1.,0.,0.));
#4484=DIRECTION('',(0.307430766359532,-0.951570451356909,0.));
#4485=DIRECTION('',(0.980580650744711,-0.19611625986919,0.));
#4486=DIRECTION('',(0.,1.,0.));
#4487=DIRECTION('',(-0.857493025804071,0.514495588608278,0.));
#4488=DIRECTION('',(0.,0.,-1.));
#4489=DIRECTION('',(-1.,0.,0.));
#4490=DIRECTION('',(-0.355995719267859,-0.934487585719019,0.));
#4491=DIRECTION('',(0.666794973224488,-0.745241211744596,0.));
#4492=DIRECTION('',(0.745241211744596,0.666794973224489,0.));
#4493=DIRECTION('',(-0.242102020199667,0.970250798409999,0.));
#4494=DIRECTION('',(0.,0.,-1.));
#4495=DIRECTION('',(-1.,0.,0.));
#4496=DIRECTION('',(0.,0.,-1.));
#4497=DIRECTION('',(-1.,0.,0.));
#4498=DIRECTION('',(0.,1.,0.));
#4499=DIRECTION('',(1.,0.,0.));
#4500=DIRECTION('',(0.,1.,0.));
#4501=DIRECTION('',(0.,0.,1.));
#4502=DIRECTION('',(1.,0.,0.));
#4503=DIRECTION('',(0.,0.,-1.));
#4504=DIRECTION('',(-1.,0.,0.));
#4505=DIRECTION('',(0.,1.,0.));
#4506=DIRECTION('',(1.,0.,0.));
#4507=DIRECTION('',(0.,1.,0.));
#4508=DIRECTION('',(1.,0.,0.));
#4509=DIRECTION('',(0.,1.,0.));
#4510=DIRECTION('',(1.,0.,0.));
#4511=DIRECTION('',(0.,0.,-1.));
#4512=DIRECTION('',(-1.,0.,0.));
#4513=DIRECTION('',(1.,0.,0.));
#4514=DIRECTION('',(0.,1.,0.));
#4515=DIRECTION('',(5.78241158658936E-17,-1.,0.));
#4516=DIRECTION('',(0.,-1.,0.));
#4517=DIRECTION('',(1.,0.,0.));
#4518=DIRECTION('',(0.,-1.,0.));
#4519=DIRECTION('',(0.,-1.,0.));
#4520=DIRECTION('',(0.,-1.,0.));
#4521=DIRECTION('',(1.,0.,0.));
#4522=DIRECTION('',(0.,-1.,0.));
#4523=DIRECTION('',(0.,-1.,0.));
#4524=DIRECTION('',(1.,0.,0.));
#4525=DIRECTION('',(0.,-1.,0.));
#4526=DIRECTION('',(1.,0.,0.));
#4527=DIRECTION('',(0.,1.,0.));
#4528=DIRECTION('',(0.,0.,1.));
#4529=DIRECTION('',(0.,0.,1.));
#4530=DIRECTION('',(0.,0.,-1.));
#4531=DIRECTION('',(1.,0.,0.));
#4532=DIRECTION('',(0.,0.,-1.));
#4533=DIRECTION('',(1.,0.,0.));
#4534=DIRECTION('',(0.,0.,-1.));
#4535=DIRECTION('',(-1.,0.,0.));
#4536=DIRECTION('',(0.991777832844854,-0.127971599495999,0.));
#4537=DIRECTION('',(0.751439697296552,0.659801774267746,0.));
#4538=DIRECTION('',(-0.931577522653902,0.363542733782451,0.));
#4539=DIRECTION('',(-0.933674888456205,-0.35812177072372,0.));
#4540=DIRECTION('',(0.,0.,-1.));
#4541=DIRECTION('',(-1.,0.,0.));
#4542=DIRECTION('',(0.919145191742583,0.393918921221729,0.));
#4543=DIRECTION('',(0.16113154932801,0.986932937848948,0.));
#4544=DIRECTION('',(-1.,0.,0.));
#4545=DIRECTION('',(-0.514495588608278,-0.857493025804071,0.));
#4546=DIRECTION('',(0.857493025804071,-0.514495588608278,0.));
#4547=DIRECTION('',(0.986328857255561,0.164788911474464,0.));
#4548=DIRECTION('',(-0.404163716914811,0.914686662157924,0.));
#4549=DIRECTION('',(-1.,0.,0.));
#4550=DIRECTION('',(0.,0.,-1.));
#4551=DIRECTION('',(-1.,0.,0.));
#4552=DIRECTION('',(0.307430766359532,-0.951570451356909,0.));
#4553=DIRECTION('',(0.980580650744711,-0.19611625986919,0.));
#4554=DIRECTION('',(0.,1.,0.));
#4555=DIRECTION('',(-0.857493025804071,0.514495588608278,0.));
#4556=DIRECTION('',(0.,0.,-1.));
#4557=DIRECTION('',(-1.,0.,0.));
#4558=DIRECTION('',(-0.355995719267859,-0.934487585719019,0.));
#4559=DIRECTION('',(0.666794973224488,-0.745241211744596,0.));
#4560=DIRECTION('',(0.745241211744596,0.666794973224488,0.));
#4561=DIRECTION('',(-0.242102020199667,0.970250798409999,0.));
#4562=DIRECTION('',(0.,0.,-1.));
#4563=DIRECTION('',(-1.,0.,0.));
#4564=DIRECTION('',(0.,0.,-1.));
#4565=DIRECTION('',(-1.,0.,0.));
#4566=DIRECTION('',(0.,1.,0.));
#4567=DIRECTION('',(1.,0.,0.));
#4568=DIRECTION('',(0.,1.,0.));
#4569=DIRECTION('',(1.,0.,0.));
#4570=DIRECTION('',(0.,0.,1.));
#4571=DIRECTION('',(1.,0.,0.));
#4572=DIRECTION('',(5.78241158658936E-17,-1.,0.));
#4573=DIRECTION('',(0.,-1.,0.));
#4574=DIRECTION('',(1.,0.,0.));
#4575=DIRECTION('',(0.,-1.,0.));
#4576=DIRECTION('',(0.,-1.,0.));
#4577=DIRECTION('',(0.,-1.,0.));
#4578=DIRECTION('',(0.,1.,0.));
#4579=DIRECTION('',(0.,1.,0.));
#4580=DIRECTION('',(-1.,0.,0.));
#4581=DIRECTION('',(0.,-1.,0.));
#4582=DIRECTION('',(0.,1.,0.));
#4583=DIRECTION('',(0.,1.,0.));
#4584=DIRECTION('',(-1.,0.,0.));
#4585=DIRECTION('',(0.,-1.,0.));
#4586=DIRECTION('',(1.,0.,0.));
#4587=DIRECTION('',(0.,-1.,0.));
#4588=DIRECTION('',(1.,0.,0.));
#4589=DIRECTION('',(0.,0.,-1.));
#4590=DIRECTION('',(0.,0.,-1.));
#4591=DIRECTION('',(0.,0.,-1.));
#4592=DIRECTION('',(0.,1.,0.));
#4593=DIRECTION('',(0.,0.,1.));
#4594=DIRECTION('',(0.,0.,1.));
#4595=DIRECTION('',(1.,0.,0.));
#4596=DIRECTION('',(0.,0.,-1.));
#4597=DIRECTION('',(0.,0.,1.));
#4598=DIRECTION('',(0.,0.,1.));
#4599=DIRECTION('',(0.,0.,-1.));
#4600=DIRECTION('',(1.,0.,0.));
#4601=DIRECTION('',(0.,0.,-1.));
#4602=DIRECTION('',(0.,0.,-1.));
#4603=DIRECTION('',(0.,1.,0.));
#4604=DIRECTION('',(0.,0.,1.));
#4605=DIRECTION('',(0.,0.,-1.));
#4606=DIRECTION('',(0.,0.,-1.));
#4607=DIRECTION('',(1.,0.,0.));
#4608=DIRECTION('',(0.,0.,-1.));
#4609=DIRECTION('',(0.,1.,0.));
#4610=DIRECTION('',(0.,0.,1.));
#4611=DIRECTION('',(1.,5.78241158658936E-17,0.));
#4612=DIRECTION('',(-5.78241158658936E-17,1.,0.));
#4613=DIRECTION('',(0.,1.,0.));
#4614=DIRECTION('',(0.,0.,1.));
#4615=DIRECTION('',(1.,0.,0.));
#4616=DIRECTION('',(0.,0.,-1.));
#4617=DIRECTION('',(0.,0.,-1.));
#4618=DIRECTION('',(0.,1.,0.));
#4619=DIRECTION('',(0.,0.,1.));
#4620=DIRECTION('',(0.,0.,1.));
#4621=DIRECTION('',(1.,0.,0.));
#4622=DIRECTION('',(0.,0.,-1.));
#4623=DIRECTION('',(0.,0.,1.));
#4624=DIRECTION('',(0.,0.,1.));
#4625=DIRECTION('',(0.,0.,-1.));
#4626=DIRECTION('',(1.,0.,0.));
#4627=DIRECTION('',(0.,0.,-1.));
#4628=DIRECTION('',(0.,1.,0.));
#4629=DIRECTION('',(0.,0.,1.));
#4630=DIRECTION('',(1.,0.,0.));
#4631=DIRECTION('',(0.,0.,-1.));
#4632=DIRECTION('',(0.,1.,0.));
#4633=DIRECTION('',(0.,0.,1.));
#4634=DIRECTION('',(1.,0.,0.));
#4635=DIRECTION('',(0.,0.,-1.));
#4636=DIRECTION('',(0.,1.,0.));
#4637=DIRECTION('',(0.,0.,1.));
#4638=DIRECTION('',(1.,0.,0.));
#4639=DIRECTION('',(0.,0.,-1.));
#4640=DIRECTION('',(0.,-1.,0.));
#4641=DIRECTION('',(1.,0.,0.));
#4642=DIRECTION('',(0.,0.,-1.));
#4643=DIRECTION('',(0.,-1.,0.));
#4644=DIRECTION('',(1.,0.,0.));
#4645=DIRECTION('',(0.,0.,-1.));
#4646=DIRECTION('',(0.,-1.,0.));
#4647=DIRECTION('',(1.,0.,0.));
#4648=DIRECTION('',(0.,0.,-1.));
#4649=DIRECTION('',(0.,-1.,0.));
#4650=DIRECTION('',(1.,0.,0.));
#4651=DIRECTION('',(0.,0.,-1.));
#4652=DIRECTION('',(0.,-1.,0.));
#4653=DIRECTION('',(0.,0.,-1.));
#4654=DIRECTION('',(1.,0.,0.));
#4655=DIRECTION('',(0.,0.,-1.));
#4656=DIRECTION('',(0.,0.,-1.));
#4657=DIRECTION('',(0.,-1.,0.));
#4658=DIRECTION('',(0.,1.,0.));
#4659=DIRECTION('',(0.,0.,1.));
#4660=DIRECTION('',(0.,0.,-1.));
#4661=DIRECTION('',(1.,0.,0.));
#4662=DIRECTION('',(0.,0.,-1.));
#4663=DIRECTION('',(1.,0.,0.));
#4664=DIRECTION('',(0.,0.,-1.));
#4665=DIRECTION('',(0.,-1.,0.));
#4666=DIRECTION('',(0.,1.,0.));
#4667=DIRECTION('',(0.,0.,1.));
#4668=DIRECTION('',(1.,5.78241158658936E-17,0.));
#4669=DIRECTION('',(-5.78241158658936E-17,1.,0.));
#4670=DIRECTION('',(5.78241158658936E-17,-1.,0.));
#4671=DIRECTION('',(0.,1.,0.));
#4672=DIRECTION('',(0.,0.,1.));
#4673=DIRECTION('',(1.,0.,0.));
#4674=DIRECTION('',(0.,0.,-1.));
#4675=DIRECTION('',(0.,-1.,0.));
#4676=DIRECTION('',(1.,0.,0.));
#4677=DIRECTION('',(0.,0.,-1.));
#4678=DIRECTION('',(0.,-1.,0.));
#4679=DIRECTION('',(0.,1.,0.));
#4680=DIRECTION('',(0.,0.,1.));
#4681=DIRECTION('',(1.,0.,0.));
#4682=DIRECTION('',(0.,0.,-1.));
#4683=DIRECTION('',(0.,-1.,0.));
#4684=DIRECTION('',(0.,1.,0.));
#4685=DIRECTION('',(0.,0.,1.));
#4686=DIRECTION('',(1.,0.,0.));
#4687=DIRECTION('',(0.,0.,-1.));
#4688=DIRECTION('',(0.,-1.,0.));
#4689=DIRECTION('',(0.,1.,0.));
#4690=DIRECTION('',(0.,0.,1.));
#4691=DIRECTION('',(1.,0.,0.));
#4692=DIRECTION('',(0.,0.,1.));
#4693=DIRECTION('',(1.,0.,0.));
#4694=DIRECTION('',(0.,-1.,0.));
#4695=DIRECTION('',(1.,0.,0.));
#4696=DIRECTION('',(0.,-1.,0.));
#4697=DIRECTION('',(1.,0.,0.));
#4698=DIRECTION('',(0.,1.,0.));
#4699=DIRECTION('',(0.,0.,1.));
#4700=DIRECTION('',(0.,0.,-1.));
#4701=DIRECTION('',(0.,0.,-1.));
#4702=DIRECTION('',(-1.,0.,0.));
#4703=DIRECTION('',(0.,0.,1.));
#4704=DIRECTION('',(0.,0.,-1.));
#4705=DIRECTION('',(0.,1.,0.));
#4706=DIRECTION('',(0.,0.,1.));
#4707=DIRECTION('',(0.,0.,1.));
#4708=DIRECTION('',(-1.,0.,0.));
#4709=DIRECTION('',(0.,0.,1.));
#4710=DIRECTION('',(0.,0.,1.));
#4711=DIRECTION('',(1.,0.,0.));
#4712=DIRECTION('',(-0.934487585719019,0.355995719267859,0.));
#4713=DIRECTION('',(-0.355995719267859,-0.934487585719019,0.));
#4714=DIRECTION('',(0.,0.,1.));
#4715=DIRECTION('',(-0.355995719267859,-0.934487585719019,0.));
#4716=DIRECTION('',(0.,0.,1.));
#4717=DIRECTION('',(0.,0.,1.));
#4718=DIRECTION('',(1.,0.,0.));
#4719=DIRECTION('',(0.,0.,1.));
#4720=DIRECTION('',(0.,0.,-1.));
#4721=DIRECTION('',(-1.,0.,0.));
#4722=DIRECTION('',(0.970250798409999,0.242102020199667,0.));
#4723=DIRECTION('',(-0.242102020199667,0.970250798409999,0.));
#4724=DIRECTION('',(0.,0.,1.));
#4725=DIRECTION('',(-0.242102020199667,0.970250798409999,0.));
#4726=DIRECTION('',(0.666794973224488,-0.745241211744596,0.));
#4727=DIRECTION('',(0.745241211744596,0.666794973224488,0.));
#4728=DIRECTION('',(0.,0.,1.));
#4729=DIRECTION('',(0.745241211744596,0.666794973224488,0.));
#4730=DIRECTION('',(-0.745241211744596,-0.666794973224488,0.));
#4731=DIRECTION('',(0.666794973224488,-0.745241211744596,0.));
#4732=DIRECTION('',(0.666794973224488,-0.745241211744596,0.));
#4733=DIRECTION('',(0.,0.,-1.));
#4734=DIRECTION('',(1.,0.,0.));
#4735=DIRECTION('',(-0.951570451356909,-0.307430766359532,0.));
#4736=DIRECTION('',(0.307430766359532,-0.951570451356909,0.));
#4737=DIRECTION('',(0.,0.,1.));
#4738=DIRECTION('',(0.307430766359532,-0.951570451356909,0.));
#4739=DIRECTION('',(0.,0.,1.));
#4740=DIRECTION('',(0.,0.,1.));
#4741=DIRECTION('',(1.,0.,0.));
#4742=DIRECTION('',(0.,0.,1.));
#4743=DIRECTION('',(0.,0.,-1.));
#4744=DIRECTION('',(-1.,0.,0.));
#4745=DIRECTION('',(0.514495588608278,0.857493025804071,0.));
#4746=DIRECTION('',(-0.857493025804071,0.514495588608278,0.));
#4747=DIRECTION('',(0.,0.,1.));
#4748=DIRECTION('',(-0.857493025804071,0.514495588608278,0.));
#4749=DIRECTION('',(1.,0.,0.));
#4750=DIRECTION('',(0.,0.,-1.));
#4751=DIRECTION('',(0.,0.,1.));
#4752=DIRECTION('',(0.,1.,0.));
#4753=DIRECTION('',(-0.19611625986919,-0.980580650744711,0.));
#4754=DIRECTION('',(0.980580650744711,-0.19611625986919,0.));
#4755=DIRECTION('',(0.980580650744711,-0.19611625986919,0.));
#4756=DIRECTION('',(0.,0.,-1.));
#4757=DIRECTION('',(1.,0.,0.));
#4758=DIRECTION('',(-0.514495588608278,-0.857493025804071,0.));
#4759=DIRECTION('',(0.857493025804071,-0.514495588608278,0.));
#4760=DIRECTION('',(0.,0.,1.));
#4761=DIRECTION('',(0.857493025804071,-0.514495588608278,0.));
#4762=DIRECTION('',(0.,0.,1.));
#4763=DIRECTION('',(0.,0.,1.));
#4764=DIRECTION('',(1.,0.,0.));
#4765=DIRECTION('',(0.,0.,1.));
#4766=DIRECTION('',(0.,0.,-1.));
#4767=DIRECTION('',(-1.,0.,0.));
#4768=DIRECTION('',(0.,1.,0.));
#4769=DIRECTION('',(0.,0.,1.));
#4770=DIRECTION('',(0.,0.,1.));
#4771=DIRECTION('',(-1.,0.,0.));
#4772=DIRECTION('',(0.914686662157924,0.404163716914811,0.));
#4773=DIRECTION('',(-0.404163716914811,0.914686662157924,0.));
#4774=DIRECTION('',(0.,0.,1.));
#4775=DIRECTION('',(-0.404163716914811,0.914686662157924,0.));
#4776=DIRECTION('',(0.164788911474464,-0.986328857255561,0.));
#4777=DIRECTION('',(0.986328857255561,0.164788911474464,0.));
#4778=DIRECTION('',(0.986328857255561,0.164788911474464,0.));
#4779=DIRECTION('',(0.,0.,-1.));
#4780=DIRECTION('',(1.,0.,0.));
#4781=DIRECTION('',(0.,0.,1.));
#4782=DIRECTION('',(1.,0.,0.));
#4783=DIRECTION('',(0.,0.,1.));
#4784=DIRECTION('',(0.,0.,-1.));
#4785=DIRECTION('',(-1.,0.,0.));
#4786=DIRECTION('',(0.,0.,1.));
#4787=DIRECTION('',(-0.857493025804071,0.514495588608278,0.));
#4788=DIRECTION('',(-0.514495588608278,-0.857493025804071,0.));
#4789=DIRECTION('',(0.,0.,1.));
#4790=DIRECTION('',(-0.514495588608278,-0.857493025804071,0.));
#4791=DIRECTION('',(0.,1.,0.));
#4792=DIRECTION('',(0.,0.,1.));
#4793=DIRECTION('',(0.,0.,1.));
#4794=DIRECTION('',(-1.,0.,0.));
#4795=DIRECTION('',(0.986932937848948,-0.16113154932801,0.));
#4796=DIRECTION('',(0.16113154932801,0.986932937848948,0.));
#4797=DIRECTION('',(0.,0.,1.));
#4798=DIRECTION('',(0.16113154932801,0.986932937848948,0.));
#4799=DIRECTION('',(0.393918921221729,-0.919145191742583,0.));
#4800=DIRECTION('',(0.919145191742583,0.393918921221729,0.));
#4801=DIRECTION('',(0.919145191742583,0.393918921221729,0.));
#4802=DIRECTION('',(0.,0.,-1.));
#4803=DIRECTION('',(1.,0.,0.));
#4804=DIRECTION('',(0.,0.,1.));
#4805=DIRECTION('',(1.,0.,0.));
#4806=DIRECTION('',(0.,0.,1.));
#4807=DIRECTION('',(0.,0.,-1.));
#4808=DIRECTION('',(-1.,0.,0.));
#4809=DIRECTION('',(0.,0.,1.));
#4810=DIRECTION('',(-0.35812177072372,0.933674888456205,0.));
#4811=DIRECTION('',(-0.933674888456205,-0.35812177072372,0.));
#4812=DIRECTION('',(0.,0.,1.));
#4813=DIRECTION('',(-0.933674888456205,-0.35812177072372,0.));
#4814=DIRECTION('',(0.363542733782451,0.931577522653902,0.));
#4815=DIRECTION('',(-0.931577522653902,0.363542733782451,0.));
#4816=DIRECTION('',(0.,0.,1.));
#4817=DIRECTION('',(-0.931577522653902,0.363542733782451,0.));
#4818=DIRECTION('',(0.659801774267746,-0.751439697296552,0.));
#4819=DIRECTION('',(0.751439697296552,0.659801774267746,0.));
#4820=DIRECTION('',(0.,0.,1.));
#4821=DIRECTION('',(0.751439697296552,0.659801774267746,0.));
#4822=DIRECTION('',(-0.127971599495999,-0.991777832844854,0.));
#4823=DIRECTION('',(0.991777832844854,-0.127971599495999,0.));
#4824=DIRECTION('',(0.991777832844854,-0.127971599495999,0.));
#4825=DIRECTION('',(0.,0.,-1.));
#4826=DIRECTION('',(1.,0.,0.));
#4827=DIRECTION('',(0.,1.,0.));
#4828=DIRECTION('',(0.,0.,1.));
#4829=DIRECTION('',(0.,0.,-1.));
#4830=DIRECTION('',(0.,0.,-1.));
#4831=DIRECTION('',(-1.,0.,0.));
#4832=DIRECTION('',(0.,0.,1.));
#4833=DIRECTION('',(-1.,0.,0.));
#4834=DIRECTION('',(0.,0.,1.));
#4835=DIRECTION('',(0.,0.,1.));
#4836=DIRECTION('',(1.,0.,0.));
#4837=DIRECTION('',(-0.934487585719019,0.355995719267859,0.));
#4838=DIRECTION('',(-0.355995719267859,-0.934487585719019,0.));
#4839=DIRECTION('',(0.,0.,1.));
#4840=DIRECTION('',(-0.355995719267859,-0.934487585719019,0.));
#4841=DIRECTION('',(0.,0.,1.));
#4842=DIRECTION('',(0.,0.,1.));
#4843=DIRECTION('',(1.,0.,0.));
#4844=DIRECTION('',(0.,0.,1.));
#4845=DIRECTION('',(0.,0.,-1.));
#4846=DIRECTION('',(-1.,0.,0.));
#4847=DIRECTION('',(0.970250798409999,0.242102020199667,0.));
#4848=DIRECTION('',(-0.242102020199667,0.970250798409999,0.));
#4849=DIRECTION('',(0.,0.,1.));
#4850=DIRECTION('',(-0.242102020199667,0.970250798409999,0.));
#4851=DIRECTION('',(0.666794973224489,-0.745241211744596,0.));
#4852=DIRECTION('',(0.745241211744596,0.666794973224489,0.));
#4853=DIRECTION('',(0.,0.,1.));
#4854=DIRECTION('',(0.745241211744596,0.666794973224489,0.));
#4855=DIRECTION('',(-0.745241211744596,-0.666794973224488,0.));
#4856=DIRECTION('',(0.666794973224488,-0.745241211744596,0.));
#4857=DIRECTION('',(0.666794973224488,-0.745241211744596,0.));
#4858=DIRECTION('',(0.,0.,-1.));
#4859=DIRECTION('',(1.,0.,0.));
#4860=DIRECTION('',(-0.951570451356909,-0.307430766359532,0.));
#4861=DIRECTION('',(0.307430766359532,-0.951570451356909,0.));
#4862=DIRECTION('',(0.,0.,1.));
#4863=DIRECTION('',(0.307430766359532,-0.951570451356909,0.));
#4864=DIRECTION('',(0.,0.,1.));
#4865=DIRECTION('',(0.,0.,1.));
#4866=DIRECTION('',(1.,0.,0.));
#4867=DIRECTION('',(0.,0.,1.));
#4868=DIRECTION('',(0.,0.,-1.));
#4869=DIRECTION('',(-1.,0.,0.));
#4870=DIRECTION('',(0.514495588608278,0.857493025804071,0.));
#4871=DIRECTION('',(-0.857493025804071,0.514495588608278,0.));
#4872=DIRECTION('',(0.,0.,1.));
#4873=DIRECTION('',(-0.857493025804071,0.514495588608278,0.));
#4874=DIRECTION('',(1.,0.,0.));
#4875=DIRECTION('',(0.,0.,-1.));
#4876=DIRECTION('',(0.,0.,1.));
#4877=DIRECTION('',(0.,1.,0.));
#4878=DIRECTION('',(-0.19611625986919,-0.980580650744711,0.));
#4879=DIRECTION('',(0.980580650744711,-0.19611625986919,0.));
#4880=DIRECTION('',(0.980580650744711,-0.19611625986919,0.));
#4881=DIRECTION('',(0.,0.,-1.));
#4882=DIRECTION('',(1.,0.,0.));
#4883=DIRECTION('',(-0.514495588608278,-0.857493025804071,0.));
#4884=DIRECTION('',(0.857493025804071,-0.514495588608278,0.));
#4885=DIRECTION('',(0.,0.,1.));
#4886=DIRECTION('',(0.857493025804071,-0.514495588608278,0.));
#4887=DIRECTION('',(0.,0.,1.));
#4888=DIRECTION('',(0.,0.,1.));
#4889=DIRECTION('',(1.,0.,0.));
#4890=DIRECTION('',(0.,0.,1.));
#4891=DIRECTION('',(0.,0.,-1.));
#4892=DIRECTION('',(-1.,0.,0.));
#4893=DIRECTION('',(0.,1.,0.));
#4894=DIRECTION('',(0.,0.,1.));
#4895=DIRECTION('',(0.,0.,1.));
#4896=DIRECTION('',(-1.,0.,0.));
#4897=DIRECTION('',(0.914686662157924,0.404163716914811,0.));
#4898=DIRECTION('',(-0.404163716914811,0.914686662157924,0.));
#4899=DIRECTION('',(0.,0.,1.));
#4900=DIRECTION('',(-0.404163716914811,0.914686662157924,0.));
#4901=DIRECTION('',(0.164788911474464,-0.986328857255561,0.));
#4902=DIRECTION('',(0.986328857255561,0.164788911474464,0.));
#4903=DIRECTION('',(0.986328857255561,0.164788911474464,0.));
#4904=DIRECTION('',(0.,0.,-1.));
#4905=DIRECTION('',(1.,0.,0.));
#4906=DIRECTION('',(0.,0.,1.));
#4907=DIRECTION('',(1.,0.,0.));
#4908=DIRECTION('',(0.,0.,1.));
#4909=DIRECTION('',(0.,0.,-1.));
#4910=DIRECTION('',(-1.,0.,0.));
#4911=DIRECTION('',(0.,0.,1.));
#4912=DIRECTION('',(-0.857493025804071,0.514495588608278,0.));
#4913=DIRECTION('',(-0.514495588608278,-0.857493025804071,0.));
#4914=DIRECTION('',(0.,0.,1.));
#4915=DIRECTION('',(-0.514495588608278,-0.857493025804071,0.));
#4916=DIRECTION('',(0.,1.,0.));
#4917=DIRECTION('',(0.,0.,1.));
#4918=DIRECTION('',(0.,0.,1.));
#4919=DIRECTION('',(-1.,0.,0.));
#4920=DIRECTION('',(0.986932937848948,-0.16113154932801,0.));
#4921=DIRECTION('',(0.16113154932801,0.986932937848948,0.));
#4922=DIRECTION('',(0.,0.,1.));
#4923=DIRECTION('',(0.16113154932801,0.986932937848948,0.));
#4924=DIRECTION('',(0.393918921221729,-0.919145191742583,0.));
#4925=DIRECTION('',(0.919145191742583,0.393918921221729,0.));
#4926=DIRECTION('',(0.919145191742583,0.393918921221729,0.));
#4927=DIRECTION('',(0.,0.,-1.));
#4928=DIRECTION('',(1.,0.,0.));
#4929=DIRECTION('',(0.,0.,1.));
#4930=DIRECTION('',(1.,0.,0.));
#4931=DIRECTION('',(0.,0.,1.));
#4932=DIRECTION('',(0.,0.,-1.));
#4933=DIRECTION('',(-1.,0.,0.));
#4934=DIRECTION('',(0.,0.,1.));
#4935=DIRECTION('',(-0.35812177072372,0.933674888456205,0.));
#4936=DIRECTION('',(-0.933674888456205,-0.35812177072372,0.));
#4937=DIRECTION('',(0.,0.,1.));
#4938=DIRECTION('',(-0.933674888456205,-0.35812177072372,0.));
#4939=DIRECTION('',(0.363542733782451,0.931577522653902,0.));
#4940=DIRECTION('',(-0.931577522653902,0.363542733782451,0.));
#4941=DIRECTION('',(0.,0.,1.));
#4942=DIRECTION('',(-0.931577522653902,0.363542733782451,0.));
#4943=DIRECTION('',(0.659801774267746,-0.751439697296552,0.));
#4944=DIRECTION('',(0.751439697296552,0.659801774267746,0.));
#4945=DIRECTION('',(0.,0.,1.));
#4946=DIRECTION('',(0.751439697296552,0.659801774267746,0.));
#4947=DIRECTION('',(-0.127971599495999,-0.991777832844854,0.));
#4948=DIRECTION('',(0.991777832844854,-0.127971599495999,0.));
#4949=DIRECTION('',(0.991777832844854,-0.127971599495999,0.));
#4950=DIRECTION('',(0.,0.,-1.));
#4951=DIRECTION('',(1.,0.,0.));
#4952=DIRECTION('',(0.,1.,0.));
#4953=DIRECTION('',(0.,0.,1.));
#4954=DIRECTION('',(0.,0.,1.));
#4955=DIRECTION('',(0.,0.,1.));
#4956=DIRECTION('',(1.,0.,0.));
#4957=DIRECTION('',(0.,0.,-1.));
#4958=DIRECTION('',(0.,0.,1.));
#4959=DIRECTION('',(0.,1.,0.));
#4960=DIRECTION('',(0.,0.,1.));
#4961=DIRECTION('',(0.,0.,1.));
#4962=DIRECTION('',(1.,0.,0.));
#4963=DIRECTION('',(0.,0.,-1.));
#4964=DIRECTION('',(0.,1.,0.));
#4965=DIRECTION('',(0.,0.,1.));
#4966=DIRECTION('',(0.,0.,1.));
#4967=DIRECTION('',(0.,0.,1.));
#4968=DIRECTION('',(1.,0.,0.));
#4969=DIRECTION('',(0.,0.,-1.));
#4970=DIRECTION('',(0.,0.,1.));
#4971=DIRECTION('',(0.,1.,0.));
#4972=DIRECTION('',(0.,0.,1.));
#4973=DIRECTION('',(0.,0.,1.));
#4974=DIRECTION('',(1.,0.,0.));
#4975=DIRECTION('',(0.,0.,-1.));
#4976=DIRECTION('',(0.,1.,0.));
#4977=DIRECTION('',(0.,0.,1.));
#4978=DIRECTION('',(0.,0.,1.));
#4979=DIRECTION('',(-1.,0.,0.));
#4980=DIRECTION('',(0.,0.,1.));
#4981=DIRECTION('',(0.,0.,1.));
#4982=DIRECTION('',(1.,0.,0.));
#4983=DIRECTION('',(0.,0.,1.));
#4984=DIRECTION('',(1.,0.,0.));
#4985=DIRECTION('',(0.,0.,1.));
#4986=DIRECTION('',(1.,0.,0.));
#4987=DIRECTION('',(0.,0.,1.));
#4988=DIRECTION('',(1.,0.,0.));
#4989=DIRECTION('',(0.,0.,1.));
#4990=DIRECTION('',(0.,0.,1.));
#4991=DIRECTION('',(1.,0.,0.));
#4992=DIRECTION('',(0.,0.,1.));
#4993=DIRECTION('',(-0.857493025804071,-0.514495588608278,0.));
#4994=DIRECTION('',(0.514495588608278,-0.857493025804071,0.));
#4995=DIRECTION('',(0.,0.,1.));
#4996=DIRECTION('',(0.514495588608279,-0.857493025804071,0.));
#4997=DIRECTION('',(0.,-1.,0.));
#4998=DIRECTION('',(0.,0.,-1.));
#4999=DIRECTION('',(0.,0.,1.));
#5000=DIRECTION('',(1.,0.,0.));
#5001=DIRECTION('',(0.986932937848948,0.16113154932801,0.));
#5002=DIRECTION('',(-0.16113154932801,0.986932937848948,0.));
#5003=DIRECTION('',(0.,0.,1.));
#5004=DIRECTION('',(-0.16113154932801,0.986932937848948,0.));
#5005=DIRECTION('',(0.393918921221729,0.919145191742583,0.));
#5006=DIRECTION('',(-0.919145191742583,0.393918921221729,0.));
#5007=DIRECTION('',(-0.919145191742583,0.393918921221729,0.));
#5008=DIRECTION('',(0.,0.,1.));
#5009=DIRECTION('',(1.,0.,0.));
#5010=DIRECTION('',(-0.514495588608278,0.857493025804071,0.));
#5011=DIRECTION('',(-0.857493025804071,-0.514495588608278,0.));
#5012=DIRECTION('',(0.,0.,1.));
#5013=DIRECTION('',(-0.857493025804071,-0.514495588608278,0.));
#5014=DIRECTION('',(0.,0.,1.));
#5015=DIRECTION('',(0.,0.,1.));
#5016=DIRECTION('',(1.,0.,0.));
#5017=DIRECTION('',(0.,0.,1.));
#5018=DIRECTION('',(0.,0.,1.));
#5019=DIRECTION('',(1.,0.,0.));
#5020=DIRECTION('',(0.,-1.,0.));
#5021=DIRECTION('',(0.,0.,-1.));
#5022=DIRECTION('',(0.,0.,1.));
#5023=DIRECTION('',(1.,0.,0.));
#5024=DIRECTION('',(0.914686662157924,-0.404163716914811,0.));
#5025=DIRECTION('',(0.404163716914811,0.914686662157924,0.));
#5026=DIRECTION('',(0.,0.,1.));
#5027=DIRECTION('',(0.404163716914811,0.914686662157924,0.));
#5028=DIRECTION('',(0.164788911474464,0.986328857255561,0.));
#5029=DIRECTION('',(-0.986328857255561,0.164788911474464,0.));
#5030=DIRECTION('',(-0.986328857255561,0.164788911474464,0.));
#5031=DIRECTION('',(0.,0.,1.));
#5032=DIRECTION('',(1.,0.,0.));
#5033=DIRECTION('',(-0.934487585719019,-0.355995719267859,0.));
#5034=DIRECTION('',(0.355995719267859,-0.934487585719019,0.));
#5035=DIRECTION('',(0.,0.,1.));
#5036=DIRECTION('',(0.355995719267859,-0.934487585719019,0.));
#5037=DIRECTION('',(0.,0.,1.));
#5038=DIRECTION('',(0.,0.,1.));
#5039=DIRECTION('',(1.,0.,0.));
#5040=DIRECTION('',(0.,0.,1.));
#5041=DIRECTION('',(0.,0.,1.));
#5042=DIRECTION('',(1.,0.,0.));
#5043=DIRECTION('',(0.970250798409999,-0.242102020199667,0.));
#5044=DIRECTION('',(0.242102020199667,0.970250798409999,0.));
#5045=DIRECTION('',(0.,0.,1.));
#5046=DIRECTION('',(0.242102020199667,0.970250798409999,0.));
#5047=DIRECTION('',(0.666794973224489,0.745241211744596,0.));
#5048=DIRECTION('',(-0.745241211744596,0.666794973224489,0.));
#5049=DIRECTION('',(0.,0.,1.));
#5050=DIRECTION('',(-0.745241211744596,0.666794973224489,0.));
#5051=DIRECTION('',(-0.745241211744596,0.666794973224488,0.));
#5052=DIRECTION('',(-0.666794973224488,-0.745241211744596,0.));
#5053=DIRECTION('',(-0.666794973224488,-0.745241211744596,0.));
#5054=DIRECTION('',(0.,0.,1.));
#5055=DIRECTION('',(1.,0.,0.));
#5056=DIRECTION('',(-0.951570451356909,0.307430766359532,0.));
#5057=DIRECTION('',(-0.307430766359532,-0.951570451356909,0.));
#5058=DIRECTION('',(0.,0.,1.));
#5059=DIRECTION('',(-0.307430766359532,-0.951570451356909,0.));
#5060=DIRECTION('',(0.,0.,1.));
#5061=DIRECTION('',(0.,0.,1.));
#5062=DIRECTION('',(1.,0.,0.));
#5063=DIRECTION('',(0.,0.,1.));
#5064=DIRECTION('',(0.,0.,1.));
#5065=DIRECTION('',(1.,0.,0.));
#5066=DIRECTION('',(0.514495588608278,-0.857493025804071,0.));
#5067=DIRECTION('',(0.857493025804071,0.514495588608278,0.));
#5068=DIRECTION('',(0.,0.,1.));
#5069=DIRECTION('',(0.857493025804071,0.514495588608278,0.));
#5070=DIRECTION('',(1.,0.,0.));
#5071=DIRECTION('',(0.,0.,-1.));
#5072=DIRECTION('',(0.,0.,1.));
#5073=DIRECTION('',(0.,1.,0.));
#5074=DIRECTION('',(-0.19611625986919,0.980580650744711,0.));
#5075=DIRECTION('',(-0.980580650744711,-0.19611625986919,0.));
#5076=DIRECTION('',(-0.980580650744711,-0.19611625986919,0.));
#5077=DIRECTION('',(0.,0.,1.));
#5078=DIRECTION('',(1.,0.,0.));
#5079=DIRECTION('',(0.,0.,1.));
#5080=DIRECTION('',(1.,0.,0.));
#5081=DIRECTION('',(0.,0.,1.));
#5082=DIRECTION('',(0.,0.,1.));
#5083=DIRECTION('',(1.,0.,0.));
#5084=DIRECTION('',(0.,0.,1.));
#5085=DIRECTION('',(-0.35812177072372,-0.933674888456205,0.));
#5086=DIRECTION('',(0.933674888456205,-0.35812177072372,0.));
#5087=DIRECTION('',(0.,0.,1.));
#5088=DIRECTION('',(0.933674888456205,-0.35812177072372,0.));
#5089=DIRECTION('',(0.363542733782451,-0.931577522653902,0.));
#5090=DIRECTION('',(0.931577522653902,0.363542733782451,0.));
#5091=DIRECTION('',(0.,0.,1.));
#5092=DIRECTION('',(0.931577522653902,0.363542733782451,0.));
#5093=DIRECTION('',(0.659801774267746,0.751439697296552,0.));
#5094=DIRECTION('',(-0.751439697296552,0.659801774267746,0.));
#5095=DIRECTION('',(0.,0.,1.));
#5096=DIRECTION('',(-0.751439697296552,0.659801774267746,0.));
#5097=DIRECTION('',(-0.127971599495999,0.991777832844854,0.));
#5098=DIRECTION('',(-0.991777832844854,-0.127971599495999,0.));
#5099=DIRECTION('',(-0.991777832844854,-0.127971599495999,0.));
#5100=DIRECTION('',(0.,0.,1.));
#5101=DIRECTION('',(1.,0.,0.));
#5102=DIRECTION('',(-0.514495588608279,0.857493025804071,0.));
#5103=DIRECTION('',(-0.857493025804071,-0.514495588608279,0.));
#5104=DIRECTION('',(0.,0.,1.));
#5105=DIRECTION('',(-0.857493025804071,-0.514495588608279,0.));
#5106=DIRECTION('',(0.,0.,1.));
#5107=DIRECTION('',(0.,0.,1.));
#5108=DIRECTION('',(1.,0.,0.));
#5109=DIRECTION('',(0.,0.,1.));
#5110=DIRECTION('',(0.,0.,1.));
#5111=DIRECTION('',(1.,0.,0.));
#5112=DIRECTION('',(0.,-1.,0.));
#5113=DIRECTION('',(0.,0.,-1.));
#5114=DIRECTION('',(0.,0.,1.));
#5115=DIRECTION('',(1.,0.,0.));
#5116=DIRECTION('',(0.914686662157924,-0.404163716914811,0.));
#5117=DIRECTION('',(0.404163716914811,0.914686662157924,0.));
#5118=DIRECTION('',(0.,0.,1.));
#5119=DIRECTION('',(0.404163716914811,0.914686662157924,0.));
#5120=DIRECTION('',(0.164788911474464,0.986328857255561,0.));
#5121=DIRECTION('',(-0.986328857255561,0.164788911474464,0.));
#5122=DIRECTION('',(-0.986328857255561,0.164788911474464,0.));
#5123=DIRECTION('',(0.,0.,1.));
#5124=DIRECTION('',(1.,0.,0.));
#5125=DIRECTION('',(0.,0.,1.));
#5126=DIRECTION('',(1.,0.,0.));
#5127=DIRECTION('',(0.,0.,1.));
#5128=DIRECTION('',(0.,0.,1.));
#5129=DIRECTION('',(1.,0.,0.));
#5130=DIRECTION('',(0.,0.,1.));
#5131=DIRECTION('',(-0.857493025804071,-0.514495588608278,0.));
#5132=DIRECTION('',(0.514495588608278,-0.857493025804071,0.));
#5133=DIRECTION('',(0.,0.,1.));
#5134=DIRECTION('',(0.514495588608278,-0.857493025804071,0.));
#5135=DIRECTION('',(0.,-1.,0.));
#5136=DIRECTION('',(0.,0.,-1.));
#5137=DIRECTION('',(0.,0.,1.));
#5138=DIRECTION('',(1.,0.,0.));
#5139=DIRECTION('',(0.986932937848948,0.16113154932801,0.));
#5140=DIRECTION('',(-0.16113154932801,0.986932937848948,0.));
#5141=DIRECTION('',(0.,0.,1.));
#5142=DIRECTION('',(-0.16113154932801,0.986932937848948,0.));
#5143=DIRECTION('',(0.393918921221729,0.919145191742583,0.));
#5144=DIRECTION('',(-0.919145191742583,0.393918921221729,0.));
#5145=DIRECTION('',(-0.919145191742583,0.393918921221729,0.));
#5146=DIRECTION('',(0.,0.,1.));
#5147=DIRECTION('',(1.,0.,0.));
#5148=DIRECTION('',(0.,0.,1.));
#5149=DIRECTION('',(1.,0.,0.));
#5150=DIRECTION('',(0.,0.,1.));
#5151=DIRECTION('',(0.,0.,1.));
#5152=DIRECTION('',(1.,0.,0.));
#5153=DIRECTION('',(0.,0.,1.));
#5154=DIRECTION('',(-0.35812177072372,-0.933674888456205,0.));
#5155=DIRECTION('',(0.933674888456205,-0.35812177072372,0.));
#5156=DIRECTION('',(0.,0.,1.));
#5157=DIRECTION('',(0.933674888456205,-0.35812177072372,0.));
#5158=DIRECTION('',(0.363542733782451,-0.931577522653902,0.));
#5159=DIRECTION('',(0.931577522653902,0.363542733782451,0.));
#5160=DIRECTION('',(0.,0.,1.));
#5161=DIRECTION('',(0.931577522653902,0.363542733782451,0.));
#5162=DIRECTION('',(0.659801774267746,0.751439697296552,0.));
#5163=DIRECTION('',(-0.751439697296552,0.659801774267746,0.));
#5164=DIRECTION('',(0.,0.,1.));
#5165=DIRECTION('',(-0.751439697296552,0.659801774267746,0.));
#5166=DIRECTION('',(-0.127971599495999,0.991777832844854,0.));
#5167=DIRECTION('',(-0.991777832844854,-0.127971599495999,0.));
#5168=DIRECTION('',(-0.991777832844854,-0.127971599495999,0.));
#5169=DIRECTION('',(0.,0.,1.));
#5170=DIRECTION('',(1.,0.,0.));
#5171=DIRECTION('',(-0.934487585719019,-0.355995719267859,0.));
#5172=DIRECTION('',(0.355995719267859,-0.934487585719019,0.));
#5173=DIRECTION('',(0.,0.,1.));
#5174=DIRECTION('',(0.355995719267859,-0.934487585719019,0.));
#5175=DIRECTION('',(0.,0.,1.));
#5176=DIRECTION('',(0.,0.,1.));
#5177=DIRECTION('',(1.,0.,0.));
#5178=DIRECTION('',(0.,0.,1.));
#5179=DIRECTION('',(0.,0.,1.));
#5180=DIRECTION('',(1.,0.,0.));
#5181=DIRECTION('',(0.970250798409999,-0.242102020199668,0.));
#5182=DIRECTION('',(0.242102020199668,0.970250798409999,0.));
#5183=DIRECTION('',(0.,0.,1.));
#5184=DIRECTION('',(0.242102020199668,0.970250798409999,0.));
#5185=DIRECTION('',(0.666794973224489,0.745241211744596,0.));
#5186=DIRECTION('',(-0.745241211744596,0.666794973224489,0.));
#5187=DIRECTION('',(0.,0.,1.));
#5188=DIRECTION('',(-0.745241211744596,0.666794973224489,0.));
#5189=DIRECTION('',(-0.745241211744596,0.666794973224488,0.));
#5190=DIRECTION('',(-0.666794973224488,-0.745241211744596,0.));
#5191=DIRECTION('',(-0.666794973224488,-0.745241211744596,0.));
#5192=DIRECTION('',(0.,0.,1.));
#5193=DIRECTION('',(1.,0.,0.));
#5194=DIRECTION('',(-0.951570451356909,0.307430766359532,0.));
#5195=DIRECTION('',(-0.307430766359532,-0.951570451356909,0.));
#5196=DIRECTION('',(0.,0.,1.));
#5197=DIRECTION('',(-0.307430766359532,-0.951570451356909,0.));
#5198=DIRECTION('',(0.,0.,1.));
#5199=DIRECTION('',(0.,0.,1.));
#5200=DIRECTION('',(1.,0.,0.));
#5201=DIRECTION('',(0.,0.,1.));
#5202=DIRECTION('',(0.,0.,1.));
#5203=DIRECTION('',(1.,0.,0.));
#5204=DIRECTION('',(0.514495588608278,-0.857493025804071,0.));
#5205=DIRECTION('',(0.857493025804071,0.514495588608278,0.));
#5206=DIRECTION('',(0.,0.,1.));
#5207=DIRECTION('',(0.857493025804071,0.514495588608279,0.));
#5208=DIRECTION('',(1.,0.,0.));
#5209=DIRECTION('',(0.,0.,-1.));
#5210=DIRECTION('',(0.,0.,1.));
#5211=DIRECTION('',(0.,1.,0.));
#5212=DIRECTION('',(-0.19611625986919,0.980580650744711,0.));
#5213=DIRECTION('',(-0.980580650744711,-0.19611625986919,0.));
#5214=DIRECTION('',(-0.980580650744711,-0.19611625986919,0.));
#5215=DIRECTION('',(0.,0.,1.));
#5216=DIRECTION('',(1.,0.,0.));
#5217=DIRECTION('',(0.,1.,0.));
#5218=DIRECTION('',(0.,0.,1.));
#5219=DIRECTION('',(0.,0.,1.));
#5220=DIRECTION('',(-1.,0.,0.));
#5221=DIRECTION('',(0.,0.,1.));
#5222=DIRECTION('',(0.,0.,1.));
#5223=DIRECTION('',(1.,0.,0.));
#5224=DIRECTION('',(0.,0.,1.));
#5225=DIRECTION('',(1.,0.,0.));
#5226=DIRECTION('',(0.,0.,1.));
#5227=DIRECTION('',(1.,0.,0.));
#5228=CARTESIAN_POINT('',(0.,0.,0.));
#5229=CARTESIAN_POINT('',(-0.0459225738043687,-0.00745961841195821,0.0038));
#5230=CARTESIAN_POINT('',(-0.0456596200341203,0.0360187634629135,0.0038));
#5231=CARTESIAN_POINT('',(-0.0407315862351873,0.0360187634629135,0.0038));
#5232=CARTESIAN_POINT('',(-0.0505876538330533,0.0360187634629135,0.0038));
#5233=CARTESIAN_POINT('',(-0.0456596200341203,0.0360187634629135,0.0038));
#5234=CARTESIAN_POINT('',(-0.0458112152243765,0.0176809225231409,0.0038));
#5235=CARTESIAN_POINT('',(-0.0282578989863396,0.0176809225231409,0.0038));
#5236=CARTESIAN_POINT('',(-0.0633645314624134,0.0176809225231409,0.0038));
#5237=CARTESIAN_POINT('',(-0.0282578989863396,0.0271528447046876,0.0038));
#5238=CARTESIAN_POINT('',(-0.0282578989863396,0.0366247668862343,0.0038));
#5239=CARTESIAN_POINT('',(-0.0458112152243765,0.0366247668862343,0.0038));
#5240=CARTESIAN_POINT('',(-0.0633645314624134,0.0366247668862343,0.0038));
#5241=CARTESIAN_POINT('',(-0.0633645314624134,0.0271528447046876,0.0038));
#5242=CARTESIAN_POINT('',(-0.0486116897617942,0.0350918712895545,0.0038));
#5243=CARTESIAN_POINT('',(-0.0521833968335606,0.0343856384265841,0.0038));
#5244=CARTESIAN_POINT('',(-0.0514324602657773,0.0327898917007864,0.0038));
#5245=CARTESIAN_POINT('',(-0.0540966353705438,0.0311913873428099,0.0038));
#5246=CARTESIAN_POINT('',(-0.0567608104753103,0.0295928829848333,0.0038));
#5247=CARTESIAN_POINT('',(-0.0590246691694768,0.0299711126261941,0.0038));
#5248=CARTESIAN_POINT('',(-0.0612885278636434,0.0303493422675551,0.0038));
#5249=CARTESIAN_POINT('',(-0.0603967883610942,0.0323674903470696,0.0038));
#5250=CARTESIAN_POINT('',(-0.059505048858545,0.0343856384265841,0.0038));
#5251=CARTESIAN_POINT('',(-0.0558442228460528,0.0343856384265841,0.0038));
#5252=CARTESIAN_POINT('',(-0.040027583544375,0.0272986554760159,0.0038));
#5253=CARTESIAN_POINT('',(-0.0418579948121525,0.0303493422675551,0.0038));
#5254=CARTESIAN_POINT('',(-0.0381971722765974,0.0242479686844767,0.0038));
#5255=CARTESIAN_POINT('',(-0.0422991517737343,0.031758675843214,0.0038));
#5256=CARTESIAN_POINT('',(-0.0408254561001279,0.0316634831238211,0.0038));
#5257=CARTESIAN_POINT('',(-0.0375400983715273,0.0302554742652596,0.0038));
#5258=CARTESIAN_POINT('',(-0.0342547406429268,0.0288474654066981,0.0038));
#5259=CARTESIAN_POINT('',(-0.0338792723590352,0.0265477170455874,0.0038));
#5260=CARTESIAN_POINT('',(-0.0335038040751435,0.0242479686844767,0.0038));
#5261=CARTESIAN_POINT('',(-0.0358504881758704,0.0242479686844767,0.0038));
#5262=CARTESIAN_POINT('',(-0.0373992972994067,0.0314757489818753,0.0038));
#5263=CARTESIAN_POINT('',(-0.0408254561001279,0.0327898917007864,0.0038));
#5264=CARTESIAN_POINT('',(-0.0339731384986856,0.0301616062629641,0.0038));
#5265=CARTESIAN_POINT('',(-0.0435235243688959,0.0357506930135889,0.0038));
#5266=CARTESIAN_POINT('',(-0.0397929136628129,0.0342917685616434,0.0038));
#5267=CARTESIAN_POINT('',(-0.0368830260807492,0.0346672387081803,0.0038));
#5268=CARTESIAN_POINT('',(-0.0339731384986856,0.0350427088547171,0.0038));
#5269=CARTESIAN_POINT('',(-0.0320488602841117,0.0333530959892691,0.0038));
#5270=CARTESIAN_POINT('',(-0.0301245820695378,0.0316634831238211,0.0038));
#5271=CARTESIAN_POINT('',(-0.0320488602841117,0.0309125446933926,0.0038));
#5272=CARTESIAN_POINT('',(-0.0451902838410643,0.0335877685095821,0.0038));
#5273=CARTESIAN_POINT('',(-0.0468329635435559,0.0300677401233138,0.0038));
#5274=CARTESIAN_POINT('',(-0.0433598716730096,0.0301616062629641,0.0038));
#5275=CARTESIAN_POINT('',(-0.0422334630960442,0.0272047874737204,0.0038));
#5276=CARTESIAN_POINT('',(-0.0411070545190789,0.0242479686844767,0.0038));
#5277=CARTESIAN_POINT('',(-0.0427027993822314,0.0224644896793783,0.0038));
#5278=CARTESIAN_POINT('',(-0.0442985442453839,0.02068101067428,0.0038));
#5279=CARTESIAN_POINT('',(-0.0462918436976176,0.0224644896793783,0.0038));
#5280=CARTESIAN_POINT('',(-0.0482851431498513,0.0242479686844767,0.0038));
#5281=CARTESIAN_POINT('',(-0.0475590533467036,0.0271578544038952,0.0038));
#5282=CARTESIAN_POINT('',(-0.0479124412858414,0.0332122858833699,0.0038));
#5283=CARTESIAN_POINT('',(-0.0502121855491616,0.0314757508445205,0.0038));
#5284=CARTESIAN_POINT('',(-0.0482409705394723,0.0303493422675551,0.0038));
#5285=CARTESIAN_POINT('',(-0.049226578044317,0.0272986554760159,0.0038));
#5286=CARTESIAN_POINT('',(-0.0502121855491616,0.0242479686844767,0.0038));
#5287=CARTESIAN_POINT('',(-0.0530282051289298,0.0236847643959941,0.0038));
#5288=CARTESIAN_POINT('',(-0.055844224708698,0.0231215601075114,0.0038));
#5289=CARTESIAN_POINT('',(-0.055844224708698,0.025609044473213,0.0038));
#5290=CARTESIAN_POINT('',(-0.055844224708698,0.0280965288389147,0.0038));
#5291=CARTESIAN_POINT('',(-0.0530282051289298,0.0297861398417176,0.0038));
#5292=CARTESIAN_POINT('',(-0.0459225738043687,-0.00745961841195821,0.0038));
#5293=CARTESIAN_POINT('',(-0.0464937846141372,-0.0336279047923823,0.0038));
#5294=CARTESIAN_POINT('',(-0.0415657508152042,-0.0336279047923823,0.0038));
#5295=CARTESIAN_POINT('',(-0.0514218184130702,-0.0336279047923823,0.0038));
#5296=CARTESIAN_POINT('',(-0.0464937846141372,-0.0336279047923823,0.0038));
#5297=CARTESIAN_POINT('',(-0.0458923115998507,-0.0508326478302479,0.0038));
#5298=CARTESIAN_POINT('',(-0.0284806161463261,-0.0508326478302479,0.0038));
#5299=CARTESIAN_POINT('',(-0.0633040070533752,-0.0508326478302479,0.0038));
#5300=CARTESIAN_POINT('',(-0.0284806161463261,-0.0418343227356672,0.0038));
#5301=CARTESIAN_POINT('',(-0.0284806161463261,-0.0328359976410866,0.0038));
#5302=CARTESIAN_POINT('',(-0.0458923115998507,-0.0328359976410866,0.0038));
#5303=CARTESIAN_POINT('',(-0.0633040070533752,-0.0328359976410866,0.0038));
#5304=CARTESIAN_POINT('',(-0.0633040070533752,-0.0418343227356672,0.0038));
#5305=CARTESIAN_POINT('',(-0.0408617481243919,-0.0423480127792797,0.0038));
#5306=CARTESIAN_POINT('',(-0.0426921593921695,-0.0392973259877406,0.0038));
#5307=CARTESIAN_POINT('',(-0.0390313368566143,-0.045398699570819,0.0038));
#5308=CARTESIAN_POINT('',(-0.0431333163537512,-0.0378879924120816,0.0038));
#5309=CARTESIAN_POINT('',(-0.0416596206801448,-0.0379831851314745,0.0038));
#5310=CARTESIAN_POINT('',(-0.0383742629515443,-0.0393911939900361,0.0038));
#5311=CARTESIAN_POINT('',(-0.0350889052229438,-0.0407992028485976,0.0038));
#5312=CARTESIAN_POINT('',(-0.0347134369390521,-0.0430989512097082,0.0038));
#5313=CARTESIAN_POINT('',(-0.0343379686551605,-0.045398699570819,0.0038));
#5314=CARTESIAN_POINT('',(-0.0366846527558874,-0.045398699570819,0.0038));
#5315=CARTESIAN_POINT('',(-0.0494458543418113,-0.0345547969657412,0.0038));
#5316=CARTESIAN_POINT('',(-0.0530175614135776,-0.0352610298287116,0.0038));
#5317=CARTESIAN_POINT('',(-0.0522666248457942,-0.0368567765545092,0.0038));
#5318=CARTESIAN_POINT('',(-0.0549307999505607,-0.0384552809124859,0.0038));
#5319=CARTESIAN_POINT('',(-0.0575949750553272,-0.0400537852704624,0.0038));
#5320=CARTESIAN_POINT('',(-0.0598588337494938,-0.0396755556291015,0.0038));
#5321=CARTESIAN_POINT('',(-0.0621226924436603,-0.0392973259877406,0.0038));
#5322=CARTESIAN_POINT('',(-0.0612309529411111,-0.0372791779082261,0.0038));
#5323=CARTESIAN_POINT('',(-0.060339213438562,-0.0352610298287116,0.0038));
#5324=CARTESIAN_POINT('',(-0.0566783874260698,-0.0352610298287116,0.0038));
#5325=CARTESIAN_POINT('',(-0.0460244484210812,-0.0360588997457135,0.0038));
#5326=CARTESIAN_POINT('',(-0.0476671281235729,-0.0395789281319819,0.0038));
#5327=CARTESIAN_POINT('',(-0.0441940362530265,-0.0394850619923316,0.0038));
#5328=CARTESIAN_POINT('',(-0.0430676276760612,-0.0424418807815752,0.0038));
#5329=CARTESIAN_POINT('',(-0.0419412190990959,-0.045398699570819,0.0038));
#5330=CARTESIAN_POINT('',(-0.0435369639622484,-0.0471821785759173,0.0038));
#5331=CARTESIAN_POINT('',(-0.0451327088254009,-0.0489656575810157,0.0038));
#5332=CARTESIAN_POINT('',(-0.0471260082776345,-0.0471821785759173,0.0038));
#5333=CARTESIAN_POINT('',(-0.0491193077298682,-0.045398699570819,0.0038));
#5334=CARTESIAN_POINT('',(-0.0483932179267205,-0.0424888138514005,0.0038));
#5335=CARTESIAN_POINT('',(-0.0487466058658584,-0.0364343823719257,0.0038));
#5336=CARTESIAN_POINT('',(-0.0510463501291786,-0.0381709174107752,0.0038));
#5337=CARTESIAN_POINT('',(-0.0490751351194892,-0.0392973259877406,0.0038));
#5338=CARTESIAN_POINT('',(-0.0500607426243339,-0.0423480127792797,0.0038));
#5339=CARTESIAN_POINT('',(-0.0510463501291786,-0.045398699570819,0.0038));
#5340=CARTESIAN_POINT('',(-0.0538623697089467,-0.0459619038593016,0.0038));
#5341=CARTESIAN_POINT('',(-0.0566783892887149,-0.0465251081477843,0.0038));
#5342=CARTESIAN_POINT('',(-0.0566783892887149,-0.0440376237820826,0.0038));
#5343=CARTESIAN_POINT('',(-0.0566783892887149,-0.041550139416381,0.0038));
#5344=CARTESIAN_POINT('',(-0.0538623697089467,-0.0398605284135781,0.0038));
#5345=CARTESIAN_POINT('',(-0.0382334618794236,-0.0381709192734204,0.0038));
#5346=CARTESIAN_POINT('',(-0.0416596206801448,-0.0368567765545092,0.0038));
#5347=CARTESIAN_POINT('',(-0.0348073030787025,-0.0394850619923316,0.0038));
#5348=CARTESIAN_POINT('',(-0.0443576889489129,-0.0338959752417068,0.0038));
#5349=CARTESIAN_POINT('',(-0.0406270782428299,-0.0353548996936522,0.0038));
#5350=CARTESIAN_POINT('',(-0.0377171906607661,-0.0349794295471154,0.0038));
#5351=CARTESIAN_POINT('',(-0.0348073030787025,-0.0346039594005786,0.0038));
#5352=CARTESIAN_POINT('',(-0.0328830248641286,-0.0362935722660266,0.0038));
#5353=CARTESIAN_POINT('',(-0.0309587466495547,-0.0379831851314745,0.0038));
#5354=CARTESIAN_POINT('',(-0.0328830248641286,-0.0387341235619031,0.0038));
#5355=CARTESIAN_POINT('',(-0.0459225738043697,-0.00745961841195822,0.0045));
#5356=CARTESIAN_POINT('',(-0.0284806161463261,-0.0608507972210646,0.0045));
#5357=CARTESIAN_POINT('',(-0.0284806161463261,-0.0542618297040463,0.0045));
#5358=CARTESIAN_POINT('',(-0.0284806161463261,-0.0669397647380829,0.0045));
#5359=CARTESIAN_POINT('',(-0.028480616146326,-0.0669397647380829,0.0045));
#5360=CARTESIAN_POINT('',(-0.0271472828129927,-0.0669397647380829,0.0045));
#5361=CARTESIAN_POINT('',(-0.0258139494796594,-0.0669397647380829,0.0045));
#5362=CARTESIAN_POINT('',(-0.024480616146326,-0.0669397647380829,0.0045));
#5363=CARTESIAN_POINT('',(-0.0244806161463261,-0.0669397647380829,0.0045));
#5364=CARTESIAN_POINT('',(-0.0244806161463261,-0.00743976473808289,0.0045));
#5365=CARTESIAN_POINT('',(-0.0244806161463261,0.0520602352619171,0.0045));
#5366=CARTESIAN_POINT('',(-0.0244806161463223,0.0520602352619171,0.0045));
#5367=CARTESIAN_POINT('',(-0.0258139494796555,0.0520602352619171,0.0045));
#5368=CARTESIAN_POINT('',(-0.0271472828129887,0.0520602352619171,0.0045));
#5369=CARTESIAN_POINT('',(-0.0284806161463218,0.0520602352619171,0.0045));
#5370=CARTESIAN_POINT('',(-0.0284806161463261,0.0520602352619171,0.0045));
#5371=CARTESIAN_POINT('',(-0.0284806161463261,0.0463697160035372,0.0045));
#5372=CARTESIAN_POINT('',(-0.0284806161463261,0.0401791967451573,0.0045));
#5373=CARTESIAN_POINT('',(-0.0459225738043697,0.0401791967451573,0.0045));
#5374=CARTESIAN_POINT('',(-0.0633645314624134,0.0401791967451573,0.0045));
#5375=CARTESIAN_POINT('',(-0.0633645314624134,0.0463498623296619,0.0045));
#5376=CARTESIAN_POINT('',(-0.0633645314624134,0.0520205279141665,0.0045));
#5377=CARTESIAN_POINT('',(-0.0633645314624116,0.0520205279141665,0.0045));
#5378=CARTESIAN_POINT('',(-0.0646978647957461,0.0520205279141665,0.0045));
#5379=CARTESIAN_POINT('',(-0.0660311981290806,0.0520205279141665,0.0045));
#5380=CARTESIAN_POINT('',(-0.067364531462415,0.0520205279141665,0.0045));
#5381=CARTESIAN_POINT('',(-0.0673645314624134,0.0520205279141665,0.0045));
#5382=CARTESIAN_POINT('',(-0.0673645314624134,-0.00747947208583355,0.0045));
#5383=CARTESIAN_POINT('',(-0.0673645314624134,-0.0669794720858336,0.0045));
#5384=CARTESIAN_POINT('',(-0.0673645314624133,-0.0669794720858335,0.0045));
#5385=CARTESIAN_POINT('',(-0.06603119812908,-0.0669794720858335,0.0045));
#5386=CARTESIAN_POINT('',(-0.0646978647957466,-0.0669794720858335,0.0045));
#5387=CARTESIAN_POINT('',(-0.0633645314624133,-0.0669794720858335,0.0045));
#5388=CARTESIAN_POINT('',(-0.0633645314624134,-0.0669794720858336,0.0045));
#5389=CARTESIAN_POINT('',(-0.0633645314624134,-0.0608706508949399,0.0045));
#5390=CARTESIAN_POINT('',(-0.0633645314624134,-0.0542618297040463,0.0045));
#5391=CARTESIAN_POINT('',(-0.0459225738043697,-0.0542618297040463,0.0045));
#5392=CARTESIAN_POINT('',(-0.0284806161463261,-0.00727000059559942,0.0045));
#5393=CARTESIAN_POINT('',(-0.0284806161463261,0.0147218285128474,0.0045));
#5394=CARTESIAN_POINT('',(-0.0284806161463261,-0.0292618297040462,0.0045));
#5395=CARTESIAN_POINT('',(-0.0459225738043697,-0.0292618297040462,0.0045));
#5396=CARTESIAN_POINT('',(-0.0633645314624134,-0.0292618297040462,0.0045));
#5397=CARTESIAN_POINT('',(-0.0633645314624134,-0.00727000059559942,0.0045));
#5398=CARTESIAN_POINT('',(-0.0633645314624134,0.0147218285128474,0.0045));
#5399=CARTESIAN_POINT('',(-0.0459225738043697,0.0147218285128474,0.0045));
#5400=CARTESIAN_POINT('',(-0.0282578989863396,0.0271528447046876,0.0045));
#5401=CARTESIAN_POINT('',(-0.0282578989863396,0.0176809225231409,0.0045));
#5402=CARTESIAN_POINT('',(-0.0282578989863396,0.0366247668862343,0.0045));
#5403=CARTESIAN_POINT('',(-0.0458112152243765,0.0176809225231409,0.0045));
#5404=CARTESIAN_POINT('',(-0.0633645314624134,0.0176809225231409,0.0045));
#5405=CARTESIAN_POINT('',(-0.0633645314624134,0.0271528447046876,0.0045));
#5406=CARTESIAN_POINT('',(-0.0633645314624134,0.0366247668862343,0.0045));
#5407=CARTESIAN_POINT('',(-0.0458112152243765,0.0366247668862343,0.0045));
#5408=CARTESIAN_POINT('',(-0.0284806161463261,-0.0418343227356672,0.0045));
#5409=CARTESIAN_POINT('',(-0.0284806161463261,-0.0508326478302479,0.0045));
#5410=CARTESIAN_POINT('',(-0.0284806161463261,-0.0328359976410866,0.0045));
#5411=CARTESIAN_POINT('',(-0.0458923115998507,-0.0508326478302479,0.0045));
#5412=CARTESIAN_POINT('',(-0.0633040070533752,-0.0508326478302479,0.0045));
#5413=CARTESIAN_POINT('',(-0.0633040070533752,-0.0418343227356672,0.0045));
#5414=CARTESIAN_POINT('',(-0.0633040070533752,-0.0328359976410866,0.0045));
#5415=CARTESIAN_POINT('',(-0.0458923115998507,-0.0328359976410866,0.0045));
#5416=CARTESIAN_POINT('',(-0.0457898220047355,0.0371438488364219,-0.0733));
#5417=CARTESIAN_POINT('',(-0.0502356760474604,0.0371438488364219,-0.074));
#5418=CARTESIAN_POINT('',(-0.0502356760474604,0.0371438488364219,-0.0733));
#5419=CARTESIAN_POINT('',(-0.0502356760474604,0.0371438488364219,-0.074));
#5420=CARTESIAN_POINT('',(-0.0457898220047355,0.0371438488364219,-0.0733));
#5421=CARTESIAN_POINT('',(-0.0625161230564117,0.0371438488364219,-0.0733));
#5422=CARTESIAN_POINT('',(-0.0625161230564117,0.0371438488364219,-0.0733));
#5423=CARTESIAN_POINT('',(-0.0625161230564117,0.0371438488364219,-0.074));
#5424=CARTESIAN_POINT('',(-0.0457898220047355,0.0371438488364219,-0.074));
#5425=CARTESIAN_POINT('',(-0.0457898220047355,0.0371438488364219,-0.0733));
#5426=CARTESIAN_POINT('',(-0.040380214112412,0.0371438488364219,-0.074));
#5427=CARTESIAN_POINT('',(-0.040380214112412,0.0371438488364219,-0.074));
#5428=CARTESIAN_POINT('',(-0.040380214112412,0.0371438488364219,-0.0733));
#5429=CARTESIAN_POINT('',(-0.0457898220047355,0.0371438488364219,-0.074));
#5430=CARTESIAN_POINT('',(-0.0290635209530592,0.0371438488364219,-0.074));
#5431=CARTESIAN_POINT('',(-0.0290635209530592,0.0371438488364219,-0.0733));
#5432=CARTESIAN_POINT('',(-0.0290635209530592,0.0371438488364219,-0.0733));
#5433=CARTESIAN_POINT('',(-0.0457898220047355,0.0371438488364219,-0.0733));
#5434=CARTESIAN_POINT('',(-0.0459225738043706,-0.00745961841195822,-0.0733));
#5435=CARTESIAN_POINT('',(-0.0474440407451605,0.0369304102013574,-0.0733));
#5436=CARTESIAN_POINT('',(-0.0501421090139286,0.0339696088885548,-0.0733));
#5437=CARTESIAN_POINT('',(-0.0511746514512436,0.0354714857494118,-0.0733));
#5438=CARTESIAN_POINT('',(-0.0540845390333073,0.0358469558959486,-0.0733));
#5439=CARTESIAN_POINT('',(-0.056994426615371,0.0362224260424855,-0.0733));
#5440=CARTESIAN_POINT('',(-0.0589187048299448,0.0345328131770374,-0.0733));
#5441=CARTESIAN_POINT('',(-0.0608429830445187,0.0328432003115895,-0.0733));
#5442=CARTESIAN_POINT('',(-0.0589187048299448,0.032092261881161,-0.0733));
#5443=CARTESIAN_POINT('',(-0.056994426615371,0.0313413234507325,-0.0733));
#5444=CARTESIAN_POINT('',(-0.0535682678146498,0.0326554661696437,-0.0733));
#5445=CARTESIAN_POINT('',(-0.0486684133403222,0.0329383930309824,-0.0733));
#5446=CARTESIAN_POINT('',(-0.0491095703019039,0.0315290594553234,-0.0733));
#5447=CARTESIAN_POINT('',(-0.0501421090139286,0.0328432003115895,-0.0733));
#5448=CARTESIAN_POINT('',(-0.0534274667425291,0.0314351914530279,-0.0733));
#5449=CARTESIAN_POINT('',(-0.0567128244711296,0.0300271825944664,-0.0733));
#5450=CARTESIAN_POINT('',(-0.0570882927550213,0.0277274342333558,-0.0733));
#5451=CARTESIAN_POINT('',(-0.057463761038913,0.025427685872245,-0.0733));
#5452=CARTESIAN_POINT('',(-0.055117076938186,0.025427685872245,-0.0733));
#5453=CARTESIAN_POINT('',(-0.0527703928374591,0.025427685872245,-0.0733));
#5454=CARTESIAN_POINT('',(-0.0509399815696815,0.0284783726637842,-0.0733));
#5455=CARTESIAN_POINT('',(-0.0368709297435127,0.0323711045305782,-0.0733));
#5456=CARTESIAN_POINT('',(-0.0395351048482792,0.0339696088885548,-0.0733));
#5457=CARTESIAN_POINT('',(-0.0342067546387462,0.0307726001726016,-0.0733));
#5458=CARTESIAN_POINT('',(-0.0319428959445797,0.0311508298139625,-0.0733));
#5459=CARTESIAN_POINT('',(-0.0296790372504132,0.0315290594553234,-0.0733));
#5460=CARTESIAN_POINT('',(-0.0305707767529623,0.033547207534838,-0.0733));
#5461=CARTESIAN_POINT('',(-0.0314625162555115,0.0355653556143525,-0.0733));
#5462=CARTESIAN_POINT('',(-0.0351233422680036,0.0355653556143525,-0.0733));
#5463=CARTESIAN_POINT('',(-0.0387841682804958,0.0355653556143525,-0.0733));
#5464=CARTESIAN_POINT('',(-0.0423558753522624,0.0362715884773229,-0.0733));
#5465=CARTESIAN_POINT('',(-0.0417409870697395,0.0284783726637842,-0.0733));
#5466=CARTESIAN_POINT('',(-0.0427265945745842,0.0315290594553234,-0.0733));
#5467=CARTESIAN_POINT('',(-0.0407553795648949,0.025427685872245,-0.0733));
#5468=CARTESIAN_POINT('',(-0.0379393599851267,0.0248644815837624,-0.0733));
#5469=CARTESIAN_POINT('',(-0.0351233404053585,0.0243012772952797,-0.0733));
#5470=CARTESIAN_POINT('',(-0.0351233404053585,0.0267887616609814,-0.0733));
#5471=CARTESIAN_POINT('',(-0.0351233404053585,0.0292762460266831,-0.0733));
#5472=CARTESIAN_POINT('',(-0.0379393599851267,0.0309658570294859,-0.0733));
#5473=CARTESIAN_POINT('',(-0.0407553795648949,0.0326554680322888,-0.0733));
#5474=CARTESIAN_POINT('',(-0.0430551238282151,0.0343920030711383,-0.0733));
#5475=CARTESIAN_POINT('',(-0.0487341020180123,0.0283845046614888,-0.0733));
#5476=CARTESIAN_POINT('',(-0.0476076934410469,0.0313413234507325,-0.0733));
#5477=CARTESIAN_POINT('',(-0.0498605105949776,0.025427685872245,-0.0733));
#5478=CARTESIAN_POINT('',(-0.0482647657318251,0.0236442068671467,-0.0733));
#5479=CARTESIAN_POINT('',(-0.0466690208686726,0.0218607278620483,-0.0733));
#5480=CARTESIAN_POINT('',(-0.0446757214164389,0.0236442068671467,-0.0733));
#5481=CARTESIAN_POINT('',(-0.0426824219642053,0.025427685872245,-0.0733));
#5482=CARTESIAN_POINT('',(-0.0434085117673529,0.0283375715916636,-0.0733));
#5483=CARTESIAN_POINT('',(-0.0441346015705006,0.0312474573110821,-0.0733));
#5484=CARTESIAN_POINT('',(-0.0457772812729922,0.0347674856973504,-0.0733));
#5485=CARTESIAN_POINT('',(-0.0453079450799362,0.0371984806506818,-0.0733));
#5486=CARTESIAN_POINT('',(-0.0290635209530592,0.02745321393013,-0.0733));
#5487=CARTESIAN_POINT('',(-0.0290635209530592,0.0177625790238381,-0.0733));
#5488=CARTESIAN_POINT('',(-0.0457898220047355,0.0177625790238381,-0.0733));
#5489=CARTESIAN_POINT('',(-0.0625161230564117,0.0177625790238381,-0.0733));
#5490=CARTESIAN_POINT('',(-0.0625161230564117,0.02745321393013,-0.0733));
#5491=CARTESIAN_POINT('',(-0.0459225738043697,-0.00745961841195822,-0.074));
#5492=CARTESIAN_POINT('',(-0.0453079450799362,0.0371984806506818,-0.074));
#5493=CARTESIAN_POINT('',(-0.0625161230564117,0.02745321393013,-0.074));
#5494=CARTESIAN_POINT('',(-0.0625161230564117,0.0177625790238381,-0.074));
#5495=CARTESIAN_POINT('',(-0.0457898220047355,0.0177625790238381,-0.074));
#5496=CARTESIAN_POINT('',(-0.0290635209530592,0.0177625790238381,-0.074));
#5497=CARTESIAN_POINT('',(-0.0290635209530592,0.02745321393013,-0.074));
#5498=CARTESIAN_POINT('',(-0.046054306503791,-0.0504410574529193,-0.074));
#5499=CARTESIAN_POINT('',(-0.0633645314624134,-0.0504410574529193,-0.074));
#5500=CARTESIAN_POINT('',(-0.0287440815451686,-0.0504410574529193,-0.074));
#5501=CARTESIAN_POINT('',(-0.0287440815451686,-0.0418617475678483,-0.074));
#5502=CARTESIAN_POINT('',(-0.0287440815451686,-0.0332824376827773,-0.074));
#5503=CARTESIAN_POINT('',(-0.046054306503791,-0.0332824376827773,-0.074));
#5504=CARTESIAN_POINT('',(-0.0419241450726986,-0.0332824376827773,-0.074));
#5505=CARTESIAN_POINT('',(-0.0468521788716316,-0.0332824376827773,-0.074));
#5506=CARTESIAN_POINT('',(-0.0517802126705647,-0.0332824376827773,-0.074));
#5507=CARTESIAN_POINT('',(-0.046054306503791,-0.0332824376827773,-0.074));
#5508=CARTESIAN_POINT('',(-0.0633645314624134,-0.0332824376827773,-0.074));
#5509=CARTESIAN_POINT('',(-0.0633645314624134,-0.0418617475678483,-0.074));
#5510=CARTESIAN_POINT('',(-0.0244806161463261,-0.00743976473808289,-0.074));
#5511=CARTESIAN_POINT('',(-0.0244806161463261,0.0520602352619171,-0.074));
#5512=CARTESIAN_POINT('',(-0.0244806161463261,-0.0669397647380829,-0.074));
#5513=CARTESIAN_POINT('',(-0.0244806161463302,-0.0669397647380829,-0.074));
#5514=CARTESIAN_POINT('',(-0.0258139494796607,-0.0669397647380829,-0.074));
#5515=CARTESIAN_POINT('',(-0.0271472828129913,-0.0669397647380829,-0.074));
#5516=CARTESIAN_POINT('',(-0.0284806161463218,-0.0669397647380829,-0.074));
#5517=CARTESIAN_POINT('',(-0.0284806161463261,-0.0669397647380829,-0.074));
#5518=CARTESIAN_POINT('',(-0.0284806161463261,-0.0608507972210646,-0.074));
#5519=CARTESIAN_POINT('',(-0.0284806161463261,-0.0542618297040463,-0.074));
#5520=CARTESIAN_POINT('',(-0.0459225738043697,-0.0542618297040463,-0.074));
#5521=CARTESIAN_POINT('',(-0.0633645314624134,-0.0542618297040463,-0.074));
#5522=CARTESIAN_POINT('',(-0.0633645314624134,-0.0608706508949399,-0.074));
#5523=CARTESIAN_POINT('',(-0.0633645314624134,-0.0669794720858336,-0.074));
#5524=CARTESIAN_POINT('',(-0.0633645314624116,-0.0669794720858335,-0.074));
#5525=CARTESIAN_POINT('',(-0.0646978647957461,-0.0669794720858335,-0.074));
#5526=CARTESIAN_POINT('',(-0.0660311981290806,-0.0669794720858335,-0.074));
#5527=CARTESIAN_POINT('',(-0.067364531462415,-0.0669794720858335,-0.074));
#5528=CARTESIAN_POINT('',(-0.0673645314624134,-0.0669794720858336,-0.074));
#5529=CARTESIAN_POINT('',(-0.0673645314624134,-0.00747947208583355,-0.074));
#5530=CARTESIAN_POINT('',(-0.0673645314624134,0.0520205279141665,-0.074));
#5531=CARTESIAN_POINT('',(-0.0673645314624133,0.0520205279141665,-0.074));
#5532=CARTESIAN_POINT('',(-0.06603119812908,0.0520205279141665,-0.074));
#5533=CARTESIAN_POINT('',(-0.0646978647957466,0.0520205279141665,-0.074));
#5534=CARTESIAN_POINT('',(-0.0633645314624133,0.0520205279141665,-0.074));
#5535=CARTESIAN_POINT('',(-0.0633645314624134,0.0520205279141664,-0.074));
#5536=CARTESIAN_POINT('',(-0.0633645314624134,0.0463498623296619,-0.074));
#5537=CARTESIAN_POINT('',(-0.0633645314624134,0.0401791967451573,-0.074));
#5538=CARTESIAN_POINT('',(-0.0459225738043697,0.0401791967451573,-0.074));
#5539=CARTESIAN_POINT('',(-0.0284806161463261,0.0401791967451573,-0.074));
#5540=CARTESIAN_POINT('',(-0.0284806161463261,0.0463697160035372,-0.074));
#5541=CARTESIAN_POINT('',(-0.0284806161463261,0.0520602352619171,-0.074));
#5542=CARTESIAN_POINT('',(-0.028480616146326,0.0520602352619171,-0.074));
#5543=CARTESIAN_POINT('',(-0.0271472828129927,0.0520602352619171,-0.074));
#5544=CARTESIAN_POINT('',(-0.0258139494796594,0.0520602352619171,-0.074));
#5545=CARTESIAN_POINT('',(-0.024480616146326,0.0520602352619171,-0.074));
#5546=CARTESIAN_POINT('',(-0.0284806161463261,-0.00727000059559942,-0.074));
#5547=CARTESIAN_POINT('',(-0.0284806161463261,0.0147218285128474,-0.074));
#5548=CARTESIAN_POINT('',(-0.0284806161463261,-0.0292618297040462,-0.074));
#5549=CARTESIAN_POINT('',(-0.0459225738043697,0.0147218285128474,-0.074));
#5550=CARTESIAN_POINT('',(-0.0633645314624134,0.0147218285128474,-0.074));
#5551=CARTESIAN_POINT('',(-0.0633645314624134,-0.00727000059559942,-0.074));
#5552=CARTESIAN_POINT('',(-0.0633645314624134,-0.0292618297040462,-0.074));
#5553=CARTESIAN_POINT('',(-0.0459225738043697,-0.0292618297040462,-0.074));
#5554=CARTESIAN_POINT('',(-0.046054306503791,-0.0332824376827773,-0.0733));
#5555=CARTESIAN_POINT('',(-0.0419241450726986,-0.0332824376827773,-0.074));
#5556=CARTESIAN_POINT('',(-0.0419241450726986,-0.0332824376827773,-0.0733));
#5557=CARTESIAN_POINT('',(-0.0287440815451686,-0.0332824376827773,-0.0733));
#5558=CARTESIAN_POINT('',(-0.0287440815451686,-0.0332824376827773,-0.0733));
#5559=CARTESIAN_POINT('',(-0.046054306503791,-0.0332824376827773,-0.0733));
#5560=CARTESIAN_POINT('',(-0.0459225738043706,-0.00745961841195822,-0.0733));
#5561=CARTESIAN_POINT('',(-0.0489882745368558,-0.0335505081321018,-0.0733));
#5562=CARTESIAN_POINT('',(-0.051686342805624,-0.0365113094449043,-0.0733));
#5563=CARTESIAN_POINT('',(-0.052718885242939,-0.0350094325840473,-0.0733));
#5564=CARTESIAN_POINT('',(-0.0556287728250027,-0.0346339624375105,-0.0733));
#5565=CARTESIAN_POINT('',(-0.0585386604070664,-0.0342584922909736,-0.0733));
#5566=CARTESIAN_POINT('',(-0.0604629386216402,-0.0359481051564217,-0.0733));
#5567=CARTESIAN_POINT('',(-0.0623872168362141,-0.0376377180218697,-0.0733));
#5568=CARTESIAN_POINT('',(-0.0604629386216402,-0.0383886564522982,-0.0733));
#5569=CARTESIAN_POINT('',(-0.0585386604070664,-0.0391395948827266,-0.0733));
#5570=CARTESIAN_POINT('',(-0.0551125016063452,-0.0378254521638155,-0.0733));
#5571=CARTESIAN_POINT('',(-0.0502126471320177,-0.0375425253024768,-0.0733));
#5572=CARTESIAN_POINT('',(-0.0506538040935993,-0.0389518588781357,-0.0733));
#5573=CARTESIAN_POINT('',(-0.051686342805624,-0.0376377180218697,-0.0733));
#5574=CARTESIAN_POINT('',(-0.0549717005342245,-0.0390457268804312,-0.0733));
#5575=CARTESIAN_POINT('',(-0.058257058262825,-0.0404537357389927,-0.0733));
#5576=CARTESIAN_POINT('',(-0.0586325265467167,-0.0427534841001034,-0.0733));
#5577=CARTESIAN_POINT('',(-0.0590079948306084,-0.0450532324612141,-0.0733));
#5578=CARTESIAN_POINT('',(-0.0566613107298814,-0.0450532324612141,-0.0733));
#5579=CARTESIAN_POINT('',(-0.0543146266291545,-0.0450532324612141,-0.0733));
#5580=CARTESIAN_POINT('',(-0.0524842153613769,-0.0420025456696749,-0.0733));
#5581=CARTESIAN_POINT('',(-0.0384151635352081,-0.038109813802881,-0.0733));
#5582=CARTESIAN_POINT('',(-0.0410793386399746,-0.0365113094449043,-0.0733));
#5583=CARTESIAN_POINT('',(-0.0357509884304417,-0.0397083181608575,-0.0733));
#5584=CARTESIAN_POINT('',(-0.0334871297362751,-0.0393300885194966,-0.0733));
#5585=CARTESIAN_POINT('',(-0.0312232710421085,-0.0389518588781357,-0.0733));
#5586=CARTESIAN_POINT('',(-0.0321150105446577,-0.0369337107986212,-0.0733));
#5587=CARTESIAN_POINT('',(-0.0330067500472069,-0.0349155627191067,-0.0733));
#5588=CARTESIAN_POINT('',(-0.0366675760596991,-0.0349155627191067,-0.0733));
#5589=CARTESIAN_POINT('',(-0.0403284020721913,-0.0349155627191067,-0.0733));
#5590=CARTESIAN_POINT('',(-0.0439001091439579,-0.0342093298561362,-0.0733));
#5591=CARTESIAN_POINT('',(-0.043285220861435,-0.0420025456696749,-0.0733));
#5592=CARTESIAN_POINT('',(-0.0442708283662796,-0.0389518588781357,-0.0733));
#5593=CARTESIAN_POINT('',(-0.0422996133565903,-0.0450532324612141,-0.0733));
#5594=CARTESIAN_POINT('',(-0.0394835937768221,-0.0456164367496967,-0.0733));
#5595=CARTESIAN_POINT('',(-0.0366675741970539,-0.0461796410381794,-0.0733));
#5596=CARTESIAN_POINT('',(-0.0366675741970539,-0.0436921566724777,-0.0733));
#5597=CARTESIAN_POINT('',(-0.0366675741970539,-0.0412046723067761,-0.0733));
#5598=CARTESIAN_POINT('',(-0.0394835937768221,-0.0395150613039732,-0.0733));
#5599=CARTESIAN_POINT('',(-0.0422996133565903,-0.0378254503011703,-0.0733));
#5600=CARTESIAN_POINT('',(-0.0445993576199105,-0.0360889152623209,-0.0733));
#5601=CARTESIAN_POINT('',(-0.0502783358097076,-0.0420964136719704,-0.0733));
#5602=CARTESIAN_POINT('',(-0.0491519272327423,-0.0391395948827266,-0.0733));
#5603=CARTESIAN_POINT('',(-0.051404744386673,-0.0450532324612141,-0.0733));
#5604=CARTESIAN_POINT('',(-0.0498089995235205,-0.0468367114663124,-0.0733));
#5605=CARTESIAN_POINT('',(-0.048213254660368,-0.0486201904714108,-0.0733));
#5606=CARTESIAN_POINT('',(-0.0462199552081343,-0.0468367114663124,-0.0733));
#5607=CARTESIAN_POINT('',(-0.0442266557559007,-0.0450532324612141,-0.0733));
#5608=CARTESIAN_POINT('',(-0.0449527455590483,-0.0421433467417956,-0.0733));
#5609=CARTESIAN_POINT('',(-0.045678835362196,-0.039233461022377,-0.0733));
#5610=CARTESIAN_POINT('',(-0.0473215150646877,-0.0357134326361086,-0.0733));
#5611=CARTESIAN_POINT('',(-0.0468521788716316,-0.0332824376827773,-0.0733));
#5612=CARTESIAN_POINT('',(-0.0517802126705647,-0.0332824376827773,-0.0733));
#5613=CARTESIAN_POINT('',(-0.0287440815451686,-0.0418617475678483,-0.0733));
#5614=CARTESIAN_POINT('',(-0.0287440815451686,-0.0504410574529193,-0.0733));
#5615=CARTESIAN_POINT('',(-0.046054306503791,-0.0504410574529193,-0.0733));
#5616=CARTESIAN_POINT('',(-0.0633645314624134,-0.0504410574529193,-0.0733));
#5617=CARTESIAN_POINT('',(-0.0633645314624134,-0.0418617475678483,-0.0733));
#5618=CARTESIAN_POINT('',(-0.0633645314624134,-0.0332824376827773,-0.0733));
#5619=CARTESIAN_POINT('',(-0.046054306503791,-0.0332824376827773,-0.0733));
#5620=CARTESIAN_POINT('',(-0.0459225738043697,-0.00745961841195822,0.));
#5621=CARTESIAN_POINT('',(-0.0244806161463261,-0.00743976473808289,0.));
#5622=CARTESIAN_POINT('',(-0.0244806161463261,0.0520602352619171,0.));
#5623=CARTESIAN_POINT('',(-0.0244806161463261,-0.0669397647380829,0.));
#5624=CARTESIAN_POINT('',(-0.0244806161463302,-0.0669397647380829,0.));
#5625=CARTESIAN_POINT('',(-0.0258139494796607,-0.0669397647380829,0.));
#5626=CARTESIAN_POINT('',(-0.0271472828129913,-0.0669397647380829,0.));
#5627=CARTESIAN_POINT('',(-0.0284806161463218,-0.0669397647380829,0.));
#5628=CARTESIAN_POINT('',(-0.0284806161463261,-0.0669397647380829,0.));
#5629=CARTESIAN_POINT('',(-0.0284806161463261,-0.0608507972210646,0.));
#5630=CARTESIAN_POINT('',(-0.0284806161463261,-0.0542618297040463,0.));
#5631=CARTESIAN_POINT('',(-0.0459225738043697,-0.0542618297040463,0.));
#5632=CARTESIAN_POINT('',(-0.0633645314624134,-0.0542618297040463,0.));
#5633=CARTESIAN_POINT('',(-0.0633645314624134,-0.0608706508949399,0.));
#5634=CARTESIAN_POINT('',(-0.0633645314624134,-0.0669794720858336,0.));
#5635=CARTESIAN_POINT('',(-0.0633645314624116,-0.0669794720858335,0.));
#5636=CARTESIAN_POINT('',(-0.0646978647957461,-0.0669794720858335,0.));
#5637=CARTESIAN_POINT('',(-0.0660311981290806,-0.0669794720858335,0.));
#5638=CARTESIAN_POINT('',(-0.067364531462415,-0.0669794720858335,0.));
#5639=CARTESIAN_POINT('',(-0.0673645314624134,-0.0669794720858336,0.));
#5640=CARTESIAN_POINT('',(-0.0673645314624134,-0.00747947208583355,0.));
#5641=CARTESIAN_POINT('',(-0.0673645314624134,0.0520205279141665,0.));
#5642=CARTESIAN_POINT('',(-0.0673645314624133,0.0520205279141665,0.));
#5643=CARTESIAN_POINT('',(-0.06603119812908,0.0520205279141665,0.));
#5644=CARTESIAN_POINT('',(-0.0646978647957466,0.0520205279141665,0.));
#5645=CARTESIAN_POINT('',(-0.0633645314624133,0.0520205279141665,0.));
#5646=CARTESIAN_POINT('',(-0.0633645314624134,0.0520205279141664,0.));
#5647=CARTESIAN_POINT('',(-0.0633645314624134,0.0463498623296619,0.));
#5648=CARTESIAN_POINT('',(-0.0633645314624134,0.0401791967451573,0.));
#5649=CARTESIAN_POINT('',(-0.0633645314624134,-0.00745961841195822,0.));
#5650=CARTESIAN_POINT('',(-0.0633645314624134,0.0342381702959538,0.));
#5651=CARTESIAN_POINT('',(-0.0633645314624234,0.0342381702959538,0.));
#5652=CARTESIAN_POINT('',(-0.0516978647957501,0.0342381702959538,0.));
#5653=CARTESIAN_POINT('',(-0.0400311981290767,0.0342381702959538,0.));
#5654=CARTESIAN_POINT('',(-0.0283645314624033,0.0342381702959538,0.));
#5655=CARTESIAN_POINT('',(-0.0283645314624134,0.0342381702959538,0.));
#5656=CARTESIAN_POINT('',(-0.0283645314624133,-0.00745961841195822,0.));
#5657=CARTESIAN_POINT('',(-0.0283645314624133,0.0401791967451573,0.));
#5658=CARTESIAN_POINT('',(-0.0459225738043697,0.0401791967451573,0.));
#5659=CARTESIAN_POINT('',(-0.0284806161463261,0.0401791967451573,0.));
#5660=CARTESIAN_POINT('',(-0.0284806161463261,0.0463697160035372,0.));
#5661=CARTESIAN_POINT('',(-0.0284806161463261,0.0520602352619171,0.));
#5662=CARTESIAN_POINT('',(-0.028480616146326,0.0520602352619171,0.));
#5663=CARTESIAN_POINT('',(-0.0271472828129927,0.0520602352619171,0.));
#5664=CARTESIAN_POINT('',(-0.0258139494796594,0.0520602352619171,0.));
#5665=CARTESIAN_POINT('',(-0.024480616146326,0.0520602352619171,0.));
#5666=CARTESIAN_POINT('',(-0.0633645314624134,-0.00745961841195822,0.));
#5667=CARTESIAN_POINT('',(-0.0633645314624134,-0.0357618297040462,0.));
#5668=CARTESIAN_POINT('',(-0.0633645314624134,-0.0292618297040462,0.));
#5669=CARTESIAN_POINT('',(-0.0633645314624234,-0.0357618297040463,0.));
#5670=CARTESIAN_POINT('',(-0.0516978647957501,-0.0357618297040463,0.));
#5671=CARTESIAN_POINT('',(-0.0400311981290767,-0.0357618297040463,0.));
#5672=CARTESIAN_POINT('',(-0.0283645314624033,-0.0357618297040463,0.));
#5673=CARTESIAN_POINT('',(-0.0283645314624134,-0.0357618297040462,0.));
#5674=CARTESIAN_POINT('',(-0.0283645314624134,-0.00745961841195822,0.));
#5675=CARTESIAN_POINT('',(-0.0283645314624134,-0.0292618297040462,0.));
#5676=CARTESIAN_POINT('',(-0.0459225738043697,-0.0292618297040462,0.));
#5677=CARTESIAN_POINT('',(-0.0284806161463261,-0.0292618297040462,0.));
#5678=CARTESIAN_POINT('',(-0.0284806161463261,-0.00727000059559942,0.));
#5679=CARTESIAN_POINT('',(-0.0284806161463261,0.0147218285128474,0.));
#5680=CARTESIAN_POINT('',(-0.0459225738043697,0.0147218285128474,0.));
#5681=CARTESIAN_POINT('',(-0.0633645314624134,0.0147218285128474,0.));
#5682=CARTESIAN_POINT('',(-0.0633645314624134,-0.00727000059559942,0.));
#5683=CARTESIAN_POINT('',(-0.0284806161463261,-0.00727000059559942,0.0045));
#5684=CARTESIAN_POINT('',(-0.0284806161463261,-0.0292618297040462,0.0045));
#5685=CARTESIAN_POINT('',(-0.0284806161463261,0.0147218285128474,0.0045));
#5686=CARTESIAN_POINT('',(-0.0459225738043697,-0.0292618297040462,0.0045));
#5687=CARTESIAN_POINT('',(-0.0283645314624134,-0.0292618297040462,-0.0705));
#5688=CARTESIAN_POINT('',(-0.0283645314624134,-0.0292618297040462,-0.0695));
#5689=CARTESIAN_POINT('',(-0.0458645314624134,-0.0292618297040462,-0.0695));
#5690=CARTESIAN_POINT('',(-0.0284806161463261,-0.0292618297040462,-0.0695));
#5691=CARTESIAN_POINT('',(-0.0284806161463261,-0.0292618297040462,-0.0695));
#5692=CARTESIAN_POINT('',(-0.0633645314624134,-0.0292618297040462,-0.0705));
#5693=CARTESIAN_POINT('',(-0.0633645314624134,-0.0292618297040462,-0.0695));
#5694=CARTESIAN_POINT('',(-0.0633645314624134,-0.0292618297040462,-0.0705));
#5695=CARTESIAN_POINT('',(-0.0633645314624134,-0.0292618297040462,0.0045));
#5696=CARTESIAN_POINT('',(-0.0633645314624134,-0.00727000059559942,0.0045));
#5697=CARTESIAN_POINT('',(-0.0633645314624134,0.0147218285128474,0.0045));
#5698=CARTESIAN_POINT('',(-0.0459225738043697,-0.0542618297040463,0.0045));
#5699=CARTESIAN_POINT('',(-0.0284806161463261,-0.0542618297040463,0.0045));
#5700=CARTESIAN_POINT('',(-0.0633645314624134,-0.0542618297040463,0.0045));
#5701=CARTESIAN_POINT('',(-0.0284806161463261,-0.0608507972210646,0.0045));
#5702=CARTESIAN_POINT('',(-0.0284806161463261,-0.066939764738083,0.));
#5703=CARTESIAN_POINT('',(-0.0284806161463261,-0.066939764738083,0.00150000000000009));
#5704=CARTESIAN_POINT('',(-0.0284806161463261,-0.0669397647380829,0.00300000000000018));
#5705=CARTESIAN_POINT('',(-0.0284806161463261,-0.0669397647380829,0.00450000000000027));
#5706=CARTESIAN_POINT('',(-0.0264806161463261,-0.0674397647380829,0.0045));
#5707=CARTESIAN_POINT('',(-0.024980616146326,-0.0674397647380829,0.0005));
#5708=CARTESIAN_POINT('',(-0.024980616146326,-0.0674397647380829,0.00166666666666718));
#5709=CARTESIAN_POINT('',(-0.024980616146326,-0.0674397647380829,0.00283333333333436));
#5710=CARTESIAN_POINT('',(-0.024980616146326,-0.0674397647380829,0.00400000000000154));
#5711=CARTESIAN_POINT('',(-0.024980616146356,-0.0674397647380829,0.0005));
#5712=CARTESIAN_POINT('',(-0.024980616146326,-0.0674397647380829,0.00400000000000154));
#5713=CARTESIAN_POINT('',(-0.0249806161463259,-0.0674397647380829,0.004));
#5714=CARTESIAN_POINT('',(-0.0259806161463259,-0.0674397647380829,0.004));
#5715=CARTESIAN_POINT('',(-0.0269806161463259,-0.0674397647380829,0.004));
#5716=CARTESIAN_POINT('',(-0.027980616146326,-0.0674397647380829,0.004));
#5717=CARTESIAN_POINT('',(-0.0279806161463261,-0.0674397647380829,0.00400000000000154));
#5718=CARTESIAN_POINT('',(-0.0279806161463261,-0.0674397647380829,0.00400000000000154));
#5719=CARTESIAN_POINT('',(-0.0279806161463261,-0.0674397647380829,0.00283333333333436));
#5720=CARTESIAN_POINT('',(-0.0279806161463261,-0.0674397647380829,0.00166666666666718));
#5721=CARTESIAN_POINT('',(-0.0279806161463261,-0.0674397647380829,0.0005));
#5722=CARTESIAN_POINT('',(-0.0279806161463261,-0.0674397647380829,0.000499999999999987));
#5723=CARTESIAN_POINT('',(-0.0279806161462957,-0.0674397647380829,0.0005));
#5724=CARTESIAN_POINT('',(-0.0269806161463158,-0.0674397647380829,0.0005));
#5725=CARTESIAN_POINT('',(-0.0259806161463359,-0.0674397647380829,0.0005));
#5726=CARTESIAN_POINT('',(-0.024980616146356,-0.0674397647380829,0.0005));
#5727=CARTESIAN_POINT('',(-0.0244806161463261,-0.00743976473808289,0.0045));
#5728=CARTESIAN_POINT('',(-0.024480616146326,-0.0669397647380829,0.00450000000000027));
#5729=CARTESIAN_POINT('',(-0.024480616146326,-0.0669397647380829,0.00300000000000018));
#5730=CARTESIAN_POINT('',(-0.024480616146326,-0.0669397647380829,0.00150000000000009));
#5731=CARTESIAN_POINT('',(-0.024480616146326,-0.0669397647380829,0.));
#5732=CARTESIAN_POINT('',(-0.0244806161463261,0.0520602352619171,0.));
#5733=CARTESIAN_POINT('',(-0.0244806161463261,0.0520602352619171,0.00150000000000009));
#5734=CARTESIAN_POINT('',(-0.0244806161463261,0.0520602352619171,0.00300000000000018));
#5735=CARTESIAN_POINT('',(-0.0244806161463261,0.0520602352619171,0.00450000000000027));
#5736=CARTESIAN_POINT('',(-0.0264806161463261,0.0525602352619171,0.0045));
#5737=CARTESIAN_POINT('',(-0.0279806161463261,0.0525602352619171,0.0005));
#5738=CARTESIAN_POINT('',(-0.0279806161463261,0.0525602352619171,0.00166666666666718));
#5739=CARTESIAN_POINT('',(-0.0279806161463261,0.0525602352619171,0.00283333333333436));
#5740=CARTESIAN_POINT('',(-0.0279806161463261,0.0525602352619171,0.00400000000000154));
#5741=CARTESIAN_POINT('',(-0.0279806161463261,0.0525602352619171,0.00049999999999999));
#5742=CARTESIAN_POINT('',(-0.0279806161463261,0.0525602352619171,0.00400000000000154));
#5743=CARTESIAN_POINT('',(-0.0279806161462955,0.0525602352619171,0.004));
#5744=CARTESIAN_POINT('',(-0.026980616146297,0.0525602352619171,0.004));
#5745=CARTESIAN_POINT('',(-0.0259806161462985,0.0525602352619171,0.004));
#5746=CARTESIAN_POINT('',(-0.0249806161463,0.0525602352619171,0.004));
#5747=CARTESIAN_POINT('',(-0.024980616146326,0.0525602352619171,0.00400000000000154));
#5748=CARTESIAN_POINT('',(-0.0249806161463261,0.0525602352619171,0.00400000000000154));
#5749=CARTESIAN_POINT('',(-0.0249806161463261,0.0525602352619171,0.00283333333333436));
#5750=CARTESIAN_POINT('',(-0.0249806161463261,0.0525602352619171,0.00166666666666718));
#5751=CARTESIAN_POINT('',(-0.0249806161463261,0.0525602352619171,0.0005));
#5752=CARTESIAN_POINT('',(-0.0249806161463259,0.0525602352619171,0.0005));
#5753=CARTESIAN_POINT('',(-0.0249806161463259,0.0525602352619171,0.0005));
#5754=CARTESIAN_POINT('',(-0.025980616146326,0.0525602352619171,0.0005));
#5755=CARTESIAN_POINT('',(-0.0269806161463261,0.0525602352619171,0.0005));
#5756=CARTESIAN_POINT('',(-0.0279806161463261,0.0525602352619171,0.0005));
#5757=CARTESIAN_POINT('',(-0.0284806161463261,0.0463697160035372,0.0045));
#5758=CARTESIAN_POINT('',(-0.0284806161463261,0.0520602352619171,0.00450000000000027));
#5759=CARTESIAN_POINT('',(-0.0284806161463261,0.0520602352619171,0.00300000000000018));
#5760=CARTESIAN_POINT('',(-0.0284806161463261,0.0520602352619171,0.00150000000000009));
#5761=CARTESIAN_POINT('',(-0.0284806161463261,0.0520602352619171,0.));
#5762=CARTESIAN_POINT('',(-0.0284806161463261,0.0401791967451573,0.0045));
#5763=CARTESIAN_POINT('',(-0.0459225738043697,0.0401791967451573,0.0045));
#5764=CARTESIAN_POINT('',(-0.0283645314624133,0.0401791967451573,-0.0705));
#5765=CARTESIAN_POINT('',(-0.0283645314624133,0.0401791967451573,-0.0695));
#5766=CARTESIAN_POINT('',(-0.0458645314624134,0.0401791967451573,-0.0695));
#5767=CARTESIAN_POINT('',(-0.0284806161463261,0.0401791967451573,-0.0695));
#5768=CARTESIAN_POINT('',(-0.0284806161463261,0.0401791967451573,-0.0695));
#5769=CARTESIAN_POINT('',(-0.0633645314624134,0.0401791967451573,-0.0705));
#5770=CARTESIAN_POINT('',(-0.0633645314624134,0.0401791967451573,-0.0695));
#5771=CARTESIAN_POINT('',(-0.0633645314624134,0.0401791967451573,-0.0705));
#5772=CARTESIAN_POINT('',(-0.0633645314624134,0.0401791967451573,0.0045));
#5773=CARTESIAN_POINT('',(-0.0633645314624134,0.0463498623296619,0.0045));
#5774=CARTESIAN_POINT('',(-0.0633645314624134,0.0520205279141665,0.));
#5775=CARTESIAN_POINT('',(-0.0633645314624134,0.0520205279141665,0.00150000000000009));
#5776=CARTESIAN_POINT('',(-0.0633645314624134,0.0520205279141665,0.00300000000000018));
#5777=CARTESIAN_POINT('',(-0.0633645314624134,0.0520205279141665,0.00450000000000027));
#5778=CARTESIAN_POINT('',(-0.0653645314624134,0.0525205279141665,0.0045));
#5779=CARTESIAN_POINT('',(-0.0668645314624134,0.0525205279141665,0.0005));
#5780=CARTESIAN_POINT('',(-0.0668645314624134,0.0525205279141665,0.00166666666666718));
#5781=CARTESIAN_POINT('',(-0.0668645314624134,0.0525205279141665,0.00283333333333436));
#5782=CARTESIAN_POINT('',(-0.0668645314624134,0.0525205279141665,0.00400000000000154));
#5783=CARTESIAN_POINT('',(-0.0668645314624134,0.0525205279141665,0.00049999999999999));
#5784=CARTESIAN_POINT('',(-0.0668645314624134,0.0525205279141665,0.00400000000000154));
#5785=CARTESIAN_POINT('',(-0.066864531462424,0.0525205279141665,0.004));
#5786=CARTESIAN_POINT('',(-0.0658645314624165,0.0525205279141665,0.004));
#5787=CARTESIAN_POINT('',(-0.064864531462409,0.0525205279141665,0.004));
#5788=CARTESIAN_POINT('',(-0.0638645314624015,0.0525205279141665,0.004));
#5789=CARTESIAN_POINT('',(-0.0638645314624134,0.0525205279141665,0.00400000000000154));
#5790=CARTESIAN_POINT('',(-0.0638645314624134,0.0525205279141665,0.00400000000000154));
#5791=CARTESIAN_POINT('',(-0.0638645314624134,0.0525205279141665,0.00283333333333436));
#5792=CARTESIAN_POINT('',(-0.0638645314624134,0.0525205279141665,0.00166666666666718));
#5793=CARTESIAN_POINT('',(-0.0638645314624134,0.0525205279141665,0.0005));
#5794=CARTESIAN_POINT('',(-0.0638645314624138,0.0525205279141665,0.0005));
#5795=CARTESIAN_POINT('',(-0.0638645314624138,0.0525205279141665,0.0005));
#5796=CARTESIAN_POINT('',(-0.0648645314624135,0.0525205279141665,0.0005));
#5797=CARTESIAN_POINT('',(-0.0658645314624131,0.0525205279141665,0.0005));
#5798=CARTESIAN_POINT('',(-0.0668645314624127,0.0525205279141665,0.0005));
#5799=CARTESIAN_POINT('',(-0.0673645314624134,-0.00747947208583355,0.0045));
#5800=CARTESIAN_POINT('',(-0.0673645314624134,-0.0669794720858335,0.));
#5801=CARTESIAN_POINT('',(-0.0673645314624134,-0.0669794720858335,0.00150000000000009));
#5802=CARTESIAN_POINT('',(-0.0673645314624134,-0.0669794720858335,0.00300000000000018));
#5803=CARTESIAN_POINT('',(-0.0673645314624134,-0.0669794720858335,0.00450000000000027));
#5804=CARTESIAN_POINT('',(-0.0673645314624134,0.0520205279141664,0.00450000000000027));
#5805=CARTESIAN_POINT('',(-0.0673645314624134,0.0520205279141664,0.00300000000000018));
#5806=CARTESIAN_POINT('',(-0.0673645314624134,0.0520205279141664,0.00150000000000009));
#5807=CARTESIAN_POINT('',(-0.0673645314624134,0.0520205279141664,0.));
#5808=CARTESIAN_POINT('',(-0.0653645314624134,-0.0674794720858336,0.0045));
#5809=CARTESIAN_POINT('',(-0.0638645314624134,-0.0674794720858336,0.0005));
#5810=CARTESIAN_POINT('',(-0.0638645314624134,-0.0674794720858336,0.00166666666666718));
#5811=CARTESIAN_POINT('',(-0.0638645314624134,-0.0674794720858336,0.00283333333333436));
#5812=CARTESIAN_POINT('',(-0.0638645314624134,-0.0674794720858336,0.00400000000000154));
#5813=CARTESIAN_POINT('',(-0.0638645314624022,-0.0674794720858336,0.0005));
#5814=CARTESIAN_POINT('',(-0.0638645314624134,-0.0674794720858336,0.00400000000000154));
#5815=CARTESIAN_POINT('',(-0.0638645314624138,-0.0674794720858336,0.004));
#5816=CARTESIAN_POINT('',(-0.0648645314624134,-0.0674794720858336,0.004));
#5817=CARTESIAN_POINT('',(-0.0658645314624131,-0.0674794720858336,0.004));
#5818=CARTESIAN_POINT('',(-0.0668645314624127,-0.0674794720858336,0.004));
#5819=CARTESIAN_POINT('',(-0.0668645314624134,-0.0674794720858336,0.00400000000000154));
#5820=CARTESIAN_POINT('',(-0.0668645314624134,-0.0674794720858336,0.00400000000000154));
#5821=CARTESIAN_POINT('',(-0.0668645314624134,-0.0674794720858336,0.00283333333333436));
#5822=CARTESIAN_POINT('',(-0.0668645314624134,-0.0674794720858336,0.00166666666666718));
#5823=CARTESIAN_POINT('',(-0.0668645314624134,-0.0674794720858336,0.0005));
#5824=CARTESIAN_POINT('',(-0.0668645314624134,-0.0674794720858336,0.000499999999999987));
#5825=CARTESIAN_POINT('',(-0.066864531462424,-0.0674794720858336,0.0005));
#5826=CARTESIAN_POINT('',(-0.0658645314624167,-0.0674794720858336,0.0005));
#5827=CARTESIAN_POINT('',(-0.0648645314624094,-0.0674794720858336,0.0005));
#5828=CARTESIAN_POINT('',(-0.0638645314624022,-0.0674794720858336,0.0005));
#5829=CARTESIAN_POINT('',(-0.0633645314624134,-0.0608706508949399,0.0045));
#5830=CARTESIAN_POINT('',(-0.0633645314624134,-0.0669794720858336,0.00450000000000027));
#5831=CARTESIAN_POINT('',(-0.0633645314624134,-0.0669794720858336,0.00300000000000018));
#5832=CARTESIAN_POINT('',(-0.0633645314624134,-0.0669794720858336,0.00150000000000009));
#5833=CARTESIAN_POINT('',(-0.0633645314624134,-0.0669794720858336,0.));
#5834=CARTESIAN_POINT('',(-0.0459225738043697,0.0147218285128474,0.0045));
#5835=CARTESIAN_POINT('',(-0.0283645314624133,0.0379291967451573,-0.0705));
#5836=CARTESIAN_POINT('',(-0.0283645314624133,0.0342381702959538,0.));
#5837=CARTESIAN_POINT('',(-0.0283645314624133,0.0342381702959538,-0.0231666666666667));
#5838=CARTESIAN_POINT('',(-0.0283645314624133,0.0342381702959538,-0.0463333333333333));
#5839=CARTESIAN_POINT('',(-0.0283645314624133,0.0342381702959538,-0.0695));
#5840=CARTESIAN_POINT('',(-0.0283645314624134,0.0342381702959538,-0.0695));
#5841=CARTESIAN_POINT('',(-0.0283645314624133,0.0379291967451573,-0.0695));
#5842=CARTESIAN_POINT('',(-0.0633645314624134,0.0379291967451573,-0.0705));
#5843=CARTESIAN_POINT('',(-0.0633645314624134,0.0379291967451573,-0.0695));
#5844=CARTESIAN_POINT('',(-0.0633645314624134,0.0342381702959538,-0.0695));
#5845=CARTESIAN_POINT('',(-0.0633645314624134,0.0342381702959538,-0.0695000000000372));
#5846=CARTESIAN_POINT('',(-0.0633645314624134,0.0342381702959538,-0.0463333333333582));
#5847=CARTESIAN_POINT('',(-0.0633645314624134,0.0342381702959538,-0.0231666666666791));
#5848=CARTESIAN_POINT('',(-0.0633645314624134,0.0342381702959538,0.));
#5849=CARTESIAN_POINT('',(-0.0283645314624134,-0.0315118297040463,-0.0705));
#5850=CARTESIAN_POINT('',(-0.0283645314624134,-0.0357618297040462,0.));
#5851=CARTESIAN_POINT('',(-0.0283645314624134,-0.0357618297040462,-0.0231666666666667));
#5852=CARTESIAN_POINT('',(-0.0283645314624134,-0.0357618297040462,-0.0463333333333333));
#5853=CARTESIAN_POINT('',(-0.0283645314624134,-0.0357618297040462,-0.0695));
#5854=CARTESIAN_POINT('',(-0.0283645314624134,-0.0357618297040462,-0.0695));
#5855=CARTESIAN_POINT('',(-0.0283645314624134,-0.0315118297040463,-0.0695));
#5856=CARTESIAN_POINT('',(-0.0633645314624134,-0.0315118297040463,-0.0705));
#5857=CARTESIAN_POINT('',(-0.0633645314624134,-0.0315118297040463,-0.0695));
#5858=CARTESIAN_POINT('',(-0.0633645314624134,-0.0357618297040462,-0.0695));
#5859=CARTESIAN_POINT('',(-0.0633645314624134,-0.0357618297040462,-0.0695000000000372));
#5860=CARTESIAN_POINT('',(-0.0633645314624134,-0.0357618297040462,-0.0463333333333582));
#5861=CARTESIAN_POINT('',(-0.0633645314624134,-0.0357618297040462,-0.0231666666666791));
#5862=CARTESIAN_POINT('',(-0.0633645314624134,-0.0357618297040462,0.));
#5863=CARTESIAN_POINT('',(-0.0284806161463261,-0.00727000059559942,-0.0695));
#5864=CARTESIAN_POINT('',(-0.0284806161463261,-0.00727000059559942,-0.0695));
#5865=CARTESIAN_POINT('',(-0.0284806161463261,0.0147218285128474,-0.0695));
#5866=CARTESIAN_POINT('',(-0.0284806161463261,0.0147218285128474,-0.0695));
#5867=CARTESIAN_POINT('',(-0.0633645314624134,-0.00727000059559942,-0.0695));
#5868=CARTESIAN_POINT('',(-0.0633645314624134,0.0147218285128474,-0.0695));
#5869=CARTESIAN_POINT('',(-0.0633645314624134,0.0147218285128474,-0.0695));
#5870=CARTESIAN_POINT('',(-0.0633645314624134,-0.00727000059559942,-0.0695));
#5871=CARTESIAN_POINT('',(-0.0459225738043697,-0.0542618297040463,-0.0695));
#5872=CARTESIAN_POINT('',(-0.0284806161463261,-0.0542618297040463,-0.0695));
#5873=CARTESIAN_POINT('',(-0.0284806161463261,-0.0542618297040463,-0.0695));
#5874=CARTESIAN_POINT('',(-0.0459225738043697,-0.0542618297040463,-0.0695));
#5875=CARTESIAN_POINT('',(-0.0633645314624134,-0.0542618297040463,-0.0695));
#5876=CARTESIAN_POINT('',(-0.0633645314624134,-0.0542618297040463,-0.0695));
#5877=CARTESIAN_POINT('',(-0.0284806161463261,-0.0608507972210646,-0.0695));
#5878=CARTESIAN_POINT('',(-0.0284806161463261,-0.066939764738083,-0.0740000000000018));
#5879=CARTESIAN_POINT('',(-0.0284806161463261,-0.066939764738083,-0.0725000000000005));
#5880=CARTESIAN_POINT('',(-0.0284806161463261,-0.0669397647380829,-0.0709999999999991));
#5881=CARTESIAN_POINT('',(-0.0284806161463261,-0.0669397647380829,-0.0694999999999977));
#5882=CARTESIAN_POINT('',(-0.0284806161463261,-0.0669397647380829,-0.0695));
#5883=CARTESIAN_POINT('',(-0.0284806161463261,-0.0608507972210646,-0.0695));
#5884=CARTESIAN_POINT('',(-0.0264806161463261,-0.0674397647380829,-0.0695));
#5885=CARTESIAN_POINT('',(-0.024980616146326,-0.0674397647380829,-0.0735000000000102));
#5886=CARTESIAN_POINT('',(-0.024980616146326,-0.0674397647380829,-0.0723333333333358));
#5887=CARTESIAN_POINT('',(-0.024980616146326,-0.0674397647380829,-0.0711666666666615));
#5888=CARTESIAN_POINT('',(-0.024980616146326,-0.0674397647380829,-0.0699999999999872));
#5889=CARTESIAN_POINT('',(-0.024980616146356,-0.0674397647380829,-0.0735));
#5890=CARTESIAN_POINT('',(-0.024980616146326,-0.0674397647380829,-0.0699999999999872));
#5891=CARTESIAN_POINT('',(-0.0249806161463259,-0.0674397647380829,-0.07));
#5892=CARTESIAN_POINT('',(-0.0259806161463259,-0.0674397647380829,-0.07));
#5893=CARTESIAN_POINT('',(-0.0269806161463259,-0.0674397647380829,-0.07));
#5894=CARTESIAN_POINT('',(-0.027980616146326,-0.0674397647380829,-0.07));
#5895=CARTESIAN_POINT('',(-0.0279806161463261,-0.0674397647380829,-0.069999999999987));
#5896=CARTESIAN_POINT('',(-0.0279806161463261,-0.0674397647380829,-0.069999999999987));
#5897=CARTESIAN_POINT('',(-0.0279806161463261,-0.0674397647380829,-0.0711666666666615));
#5898=CARTESIAN_POINT('',(-0.0279806161463261,-0.0674397647380829,-0.0723333333333358));
#5899=CARTESIAN_POINT('',(-0.0279806161463261,-0.0674397647380829,-0.0735000000000103));
#5900=CARTESIAN_POINT('',(-0.0279806161463261,-0.0674397647380829,-0.0735000000000103));
#5901=CARTESIAN_POINT('',(-0.0279806161462957,-0.0674397647380829,-0.0735));
#5902=CARTESIAN_POINT('',(-0.0269806161463158,-0.0674397647380829,-0.0735));
#5903=CARTESIAN_POINT('',(-0.0259806161463359,-0.0674397647380829,-0.0735));
#5904=CARTESIAN_POINT('',(-0.024980616146356,-0.0674397647380829,-0.0735));
#5905=CARTESIAN_POINT('',(-0.0244806161463261,-0.00743976473808289,-0.0695));
#5906=CARTESIAN_POINT('',(-0.0244806161463261,-0.00743976473808289,-0.0695));
#5907=CARTESIAN_POINT('',(-0.0244806161463261,0.0520602352619171,-0.0695));
#5908=CARTESIAN_POINT('',(-0.0244806161463261,-0.0669397647380829,-0.0695));
#5909=CARTESIAN_POINT('',(-0.024480616146326,-0.0669397647380829,-0.0694999999999977));
#5910=CARTESIAN_POINT('',(-0.024480616146326,-0.0669397647380829,-0.0709999999999991));
#5911=CARTESIAN_POINT('',(-0.024480616146326,-0.0669397647380829,-0.0725000000000005));
#5912=CARTESIAN_POINT('',(-0.024480616146326,-0.0669397647380829,-0.0740000000000018));
#5913=CARTESIAN_POINT('',(-0.0244806161463261,0.0520602352619171,-0.0740000000000018));
#5914=CARTESIAN_POINT('',(-0.0244806161463261,0.0520602352619171,-0.0725000000000005));
#5915=CARTESIAN_POINT('',(-0.0244806161463261,0.0520602352619171,-0.0709999999999991));
#5916=CARTESIAN_POINT('',(-0.0244806161463261,0.0520602352619171,-0.0694999999999977));
#5917=CARTESIAN_POINT('',(-0.0264806161463261,0.0525602352619171,-0.0695));
#5918=CARTESIAN_POINT('',(-0.0279806161463261,0.0525602352619171,-0.0735000000000105));
#5919=CARTESIAN_POINT('',(-0.0279806161463261,0.0525602352619171,-0.0723333333333361));
#5920=CARTESIAN_POINT('',(-0.0279806161463261,0.0525602352619171,-0.0711666666666616));
#5921=CARTESIAN_POINT('',(-0.0279806161463261,0.0525602352619171,-0.0699999999999872));
#5922=CARTESIAN_POINT('',(-0.0279806161463261,0.0525602352619171,-0.0735000000000105));
#5923=CARTESIAN_POINT('',(-0.0279806161463261,0.0525602352619171,-0.0699999999999872));
#5924=CARTESIAN_POINT('',(-0.0279806161462955,0.0525602352619171,-0.07));
#5925=CARTESIAN_POINT('',(-0.026980616146297,0.0525602352619171,-0.07));
#5926=CARTESIAN_POINT('',(-0.0259806161462985,0.0525602352619171,-0.07));
#5927=CARTESIAN_POINT('',(-0.0249806161463001,0.0525602352619171,-0.07));
#5928=CARTESIAN_POINT('',(-0.0249806161463261,0.0525602352619171,-0.069999999999987));
#5929=CARTESIAN_POINT('',(-0.0249806161463261,0.0525602352619171,-0.069999999999987));
#5930=CARTESIAN_POINT('',(-0.0249806161463261,0.0525602352619171,-0.0711666666666616));
#5931=CARTESIAN_POINT('',(-0.0249806161463261,0.0525602352619171,-0.0723333333333362));
#5932=CARTESIAN_POINT('',(-0.0249806161463261,0.0525602352619171,-0.0735000000000108));
#5933=CARTESIAN_POINT('',(-0.0249806161463258,0.0525602352619171,-0.0735));
#5934=CARTESIAN_POINT('',(-0.0249806161463259,0.0525602352619171,-0.0735));
#5935=CARTESIAN_POINT('',(-0.025980616146326,0.0525602352619171,-0.0735));
#5936=CARTESIAN_POINT('',(-0.0269806161463261,0.0525602352619171,-0.0735));
#5937=CARTESIAN_POINT('',(-0.0279806161463262,0.0525602352619171,-0.0735));
#5938=CARTESIAN_POINT('',(-0.0284806161463261,0.0463697160035372,-0.0695));
#5939=CARTESIAN_POINT('',(-0.0284806161463261,0.0463697160035372,-0.0695));
#5940=CARTESIAN_POINT('',(-0.0284806161463261,0.0520602352619171,-0.0695));
#5941=CARTESIAN_POINT('',(-0.0284806161463261,0.0520602352619171,-0.0694999999999977));
#5942=CARTESIAN_POINT('',(-0.0284806161463261,0.0520602352619171,-0.0709999999999991));
#5943=CARTESIAN_POINT('',(-0.0284806161463261,0.0520602352619171,-0.0725000000000005));
#5944=CARTESIAN_POINT('',(-0.0284806161463261,0.0520602352619171,-0.0740000000000018));
#5945=CARTESIAN_POINT('',(-0.0633645314624134,0.0463498623296619,-0.0695));
#5946=CARTESIAN_POINT('',(-0.0633645314624134,0.0520205279141665,-0.0740000000000018));
#5947=CARTESIAN_POINT('',(-0.0633645314624134,0.0520205279141665,-0.0725000000000005));
#5948=CARTESIAN_POINT('',(-0.0633645314624134,0.0520205279141665,-0.0709999999999991));
#5949=CARTESIAN_POINT('',(-0.0633645314624134,0.0520205279141665,-0.0694999999999977));
#5950=CARTESIAN_POINT('',(-0.0633645314624134,0.0520205279141665,-0.0695));
#5951=CARTESIAN_POINT('',(-0.0633645314624134,0.0463498623296619,-0.0695));
#5952=CARTESIAN_POINT('',(-0.0653645314624134,0.0525205279141665,-0.0695));
#5953=CARTESIAN_POINT('',(-0.0668645314624134,0.0525205279141665,-0.0735000000000104));
#5954=CARTESIAN_POINT('',(-0.0668645314624134,0.0525205279141665,-0.072333333333336));
#5955=CARTESIAN_POINT('',(-0.0668645314624134,0.0525205279141665,-0.0711666666666616));
#5956=CARTESIAN_POINT('',(-0.0668645314624134,0.0525205279141665,-0.0699999999999871));
#5957=CARTESIAN_POINT('',(-0.0668645314624134,0.0525205279141665,-0.0735000000000105));
#5958=CARTESIAN_POINT('',(-0.0668645314624134,0.0525205279141665,-0.0699999999999871));
#5959=CARTESIAN_POINT('',(-0.066864531462424,0.0525205279141665,-0.07));
#5960=CARTESIAN_POINT('',(-0.0658645314624165,0.0525205279141665,-0.07));
#5961=CARTESIAN_POINT('',(-0.064864531462409,0.0525205279141665,-0.07));
#5962=CARTESIAN_POINT('',(-0.0638645314624015,0.0525205279141665,-0.07));
#5963=CARTESIAN_POINT('',(-0.0638645314624134,0.0525205279141665,-0.069999999999987));
#5964=CARTESIAN_POINT('',(-0.0638645314624134,0.0525205279141665,-0.069999999999987));
#5965=CARTESIAN_POINT('',(-0.0638645314624134,0.0525205279141665,-0.0711666666666616));
#5966=CARTESIAN_POINT('',(-0.0638645314624134,0.0525205279141665,-0.0723333333333362));
#5967=CARTESIAN_POINT('',(-0.0638645314624134,0.0525205279141665,-0.0735000000000108));
#5968=CARTESIAN_POINT('',(-0.0638645314624138,0.0525205279141665,-0.0735));
#5969=CARTESIAN_POINT('',(-0.0638645314624138,0.0525205279141665,-0.0735));
#5970=CARTESIAN_POINT('',(-0.0648645314624134,0.0525205279141665,-0.0735));
#5971=CARTESIAN_POINT('',(-0.0658645314624131,0.0525205279141665,-0.0735));
#5972=CARTESIAN_POINT('',(-0.0668645314624127,0.0525205279141665,-0.0735));
#5973=CARTESIAN_POINT('',(-0.0673645314624134,-0.00747947208583355,-0.0695));
#5974=CARTESIAN_POINT('',(-0.0673645314624134,-0.0669794720858335,-0.0740000000000018));
#5975=CARTESIAN_POINT('',(-0.0673645314624134,-0.0669794720858335,-0.0725000000000005));
#5976=CARTESIAN_POINT('',(-0.0673645314624134,-0.0669794720858335,-0.0709999999999991));
#5977=CARTESIAN_POINT('',(-0.0673645314624134,-0.0669794720858335,-0.0694999999999977));
#5978=CARTESIAN_POINT('',(-0.0673645314624134,-0.0669794720858336,-0.0695));
#5979=CARTESIAN_POINT('',(-0.0673645314624134,-0.00747947208583355,-0.0695));
#5980=CARTESIAN_POINT('',(-0.0673645314624134,0.0520205279141665,-0.0695));
#5981=CARTESIAN_POINT('',(-0.0673645314624134,0.0520205279141664,-0.0694999999999977));
#5982=CARTESIAN_POINT('',(-0.0673645314624134,0.0520205279141664,-0.0709999999999991));
#5983=CARTESIAN_POINT('',(-0.0673645314624134,0.0520205279141664,-0.0725000000000005));
#5984=CARTESIAN_POINT('',(-0.0673645314624134,0.0520205279141664,-0.0740000000000018));
#5985=CARTESIAN_POINT('',(-0.0653645314624134,-0.0674794720858336,-0.0695));
#5986=CARTESIAN_POINT('',(-0.0638645314624134,-0.0674794720858336,-0.0735000000000102));
#5987=CARTESIAN_POINT('',(-0.0638645314624134,-0.0674794720858336,-0.0723333333333358));
#5988=CARTESIAN_POINT('',(-0.0638645314624134,-0.0674794720858336,-0.0711666666666615));
#5989=CARTESIAN_POINT('',(-0.0638645314624134,-0.0674794720858336,-0.0699999999999872));
#5990=CARTESIAN_POINT('',(-0.0638645314624022,-0.0674794720858336,-0.0735));
#5991=CARTESIAN_POINT('',(-0.0638645314624134,-0.0674794720858336,-0.0699999999999872));
#5992=CARTESIAN_POINT('',(-0.0638645314624138,-0.0674794720858336,-0.07));
#5993=CARTESIAN_POINT('',(-0.0648645314624135,-0.0674794720858336,-0.07));
#5994=CARTESIAN_POINT('',(-0.0658645314624131,-0.0674794720858336,-0.07));
#5995=CARTESIAN_POINT('',(-0.0668645314624127,-0.0674794720858336,-0.07));
#5996=CARTESIAN_POINT('',(-0.0668645314624134,-0.0674794720858336,-0.069999999999987));
#5997=CARTESIAN_POINT('',(-0.0668645314624134,-0.0674794720858336,-0.069999999999987));
#5998=CARTESIAN_POINT('',(-0.0668645314624134,-0.0674794720858336,-0.0711666666666615));
#5999=CARTESIAN_POINT('',(-0.0668645314624134,-0.0674794720858336,-0.0723333333333358));
#6000=CARTESIAN_POINT('',(-0.0668645314624134,-0.0674794720858336,-0.0735000000000103));
#6001=CARTESIAN_POINT('',(-0.0668645314624134,-0.0674794720858336,-0.0735000000000103));
#6002=CARTESIAN_POINT('',(-0.066864531462424,-0.0674794720858336,-0.0735));
#6003=CARTESIAN_POINT('',(-0.0658645314624167,-0.0674794720858336,-0.0735));
#6004=CARTESIAN_POINT('',(-0.0648645314624094,-0.0674794720858336,-0.0735));
#6005=CARTESIAN_POINT('',(-0.0638645314624022,-0.0674794720858336,-0.0735));
#6006=CARTESIAN_POINT('',(-0.0633645314624134,-0.0608706508949399,-0.0695));
#6007=CARTESIAN_POINT('',(-0.0633645314624134,-0.0608706508949399,-0.0695));
#6008=CARTESIAN_POINT('',(-0.0633645314624134,-0.0669794720858336,-0.0695));
#6009=CARTESIAN_POINT('',(-0.0633645314624134,-0.0669794720858336,-0.0694999999999977));
#6010=CARTESIAN_POINT('',(-0.0633645314624134,-0.0669794720858336,-0.0709999999999991));
#6011=CARTESIAN_POINT('',(-0.0633645314624134,-0.0669794720858336,-0.0725000000000005));
#6012=CARTESIAN_POINT('',(-0.0633645314624134,-0.0669794720858336,-0.0740000000000018));
#6013=CARTESIAN_POINT('',(-0.0459225738043697,0.0147218285128474,-0.0695));
#6014=CARTESIAN_POINT('',(-0.0459225738043697,0.0147218285128474,-0.0695));
#6015=CARTESIAN_POINT('',(-0.0459225738043697,-0.00745961841195822,-0.0695));
#6016=CARTESIAN_POINT('',(-0.0283645314624033,-0.0357618297040463,-0.0695));
#6017=CARTESIAN_POINT('',(-0.0400311981290767,-0.0357618297040463,-0.0695));
#6018=CARTESIAN_POINT('',(-0.0516978647957501,-0.0357618297040463,-0.0695));
#6019=CARTESIAN_POINT('',(-0.0633645314624234,-0.0357618297040463,-0.0695));
#6020=CARTESIAN_POINT('',(-0.028480616146326,-0.0669397647380829,-0.0695));
#6021=CARTESIAN_POINT('',(-0.0271472828129927,-0.0669397647380829,-0.0695));
#6022=CARTESIAN_POINT('',(-0.0258139494796594,-0.0669397647380829,-0.0695));
#6023=CARTESIAN_POINT('',(-0.024480616146326,-0.0669397647380829,-0.0695));
#6024=CARTESIAN_POINT('',(-0.0244806161463223,0.0520602352619171,-0.0695));
#6025=CARTESIAN_POINT('',(-0.0258139494796555,0.0520602352619171,-0.0695));
#6026=CARTESIAN_POINT('',(-0.0271472828129887,0.0520602352619171,-0.0695));
#6027=CARTESIAN_POINT('',(-0.0284806161463218,0.0520602352619171,-0.0695));
#6028=CARTESIAN_POINT('',(-0.0283645314624033,0.0342381702959538,-0.0695));
#6029=CARTESIAN_POINT('',(-0.0400311981290767,0.0342381702959538,-0.0695));
#6030=CARTESIAN_POINT('',(-0.0516978647957501,0.0342381702959538,-0.0695));
#6031=CARTESIAN_POINT('',(-0.0633645314624234,0.0342381702959538,-0.0695));
#6032=CARTESIAN_POINT('',(-0.0633645314624116,0.0520205279141665,-0.0695));
#6033=CARTESIAN_POINT('',(-0.0646978647957461,0.0520205279141665,-0.0695));
#6034=CARTESIAN_POINT('',(-0.0660311981290806,0.0520205279141665,-0.0695));
#6035=CARTESIAN_POINT('',(-0.067364531462415,0.0520205279141665,-0.0695));
#6036=CARTESIAN_POINT('',(-0.0673645314624133,-0.0669794720858335,-0.0695));
#6037=CARTESIAN_POINT('',(-0.06603119812908,-0.0669794720858335,-0.0695));
#6038=CARTESIAN_POINT('',(-0.0646978647957466,-0.0669794720858335,-0.0695));
#6039=CARTESIAN_POINT('',(-0.0633645314624133,-0.0669794720858335,-0.0695));
#6040=CARTESIAN_POINT('',(-0.0458645314624134,0.0292381702959537,-0.03475));
#6041=CARTESIAN_POINT('',(-0.0333645314624064,0.0292381702959537,-0.005));
#6042=CARTESIAN_POINT('',(-0.0416978647957421,0.0292381702959538,-0.005));
#6043=CARTESIAN_POINT('',(-0.0500311981290777,0.0292381702959538,-0.005));
#6044=CARTESIAN_POINT('',(-0.0583645314624134,0.0292381702959537,-0.005));
#6045=CARTESIAN_POINT('',(-0.0333645314624134,0.0292381702959537,-0.005));
#6046=CARTESIAN_POINT('',(-0.0583645314624134,0.0292381702959537,-0.005));
#6047=CARTESIAN_POINT('',(-0.0583645314624134,0.0292381702959537,-0.00499999999999905));
#6048=CARTESIAN_POINT('',(-0.0583645314624134,0.0292381702959538,-0.0248333333333314));
#6049=CARTESIAN_POINT('',(-0.0583645314624134,0.0292381702959538,-0.0446666666666637));
#6050=CARTESIAN_POINT('',(-0.0583645314624134,0.0292381702959537,-0.0644999999999961));
#6051=CARTESIAN_POINT('',(-0.0583645314624134,0.0292381702959537,-0.0645));
#6052=CARTESIAN_POINT('',(-0.0583645314624134,0.0292381702959537,-0.0645));
#6053=CARTESIAN_POINT('',(-0.0500311981290801,0.0292381702959538,-0.0645));
#6054=CARTESIAN_POINT('',(-0.0416978647957467,0.0292381702959538,-0.0645));
#6055=CARTESIAN_POINT('',(-0.0333645314624134,0.0292381702959537,-0.0645));
#6056=CARTESIAN_POINT('',(-0.0333645314624134,0.0292381702959537,-0.0645));
#6057=CARTESIAN_POINT('',(-0.0333645314624134,0.0292381702959537,-0.0645));
#6058=CARTESIAN_POINT('',(-0.0333645314624134,0.0292381702959538,-0.0446666666666667));
#6059=CARTESIAN_POINT('',(-0.0333645314624134,0.0292381702959538,-0.0248333333333333));
#6060=CARTESIAN_POINT('',(-0.0333645314624134,0.0292381702959537,-0.005));
#6061=CARTESIAN_POINT('',(-0.0283645314624134,0.0342381702959538,0.000417000000000001));
#6062=CARTESIAN_POINT('',(-0.0283645314624134,0.0342381702959538,-0.069917));
#6063=CARTESIAN_POINT('',(-0.0283645314623661,0.0334881702959537,0.000417000000000001));
#6064=CARTESIAN_POINT('',(-0.0283645314623661,0.0334881702959537,-0.069917));
#6065=CARTESIAN_POINT('',(-0.0283645314623661,0.0327381702959537,0.000417000000000001));
#6066=CARTESIAN_POINT('',(-0.0283645314623661,0.0327381702959538,-0.069917));
#6067=CARTESIAN_POINT('',(-0.0288645314622715,0.0309048369626204,0.000417000000000001));
#6068=CARTESIAN_POINT('',(-0.0288645314622715,0.0309048369626204,-0.069917));
#6069=CARTESIAN_POINT('',(-0.0300311981289382,0.0297381702959537,0.000417000000000001));
#6070=CARTESIAN_POINT('',(-0.0300311981289382,0.0297381702959538,-0.069917));
#6071=CARTESIAN_POINT('',(-0.0318645314624134,0.0292381702958591,0.000417000000000001));
#6072=CARTESIAN_POINT('',(-0.0318645314624134,0.0292381702958592,-0.069917));
#6073=CARTESIAN_POINT('',(-0.0326145314624134,0.0292381702958591,0.000417000000000001));
#6074=CARTESIAN_POINT('',(-0.0326145314624134,0.0292381702958591,-0.069917));
#6075=CARTESIAN_POINT('',(-0.0333645314624134,0.0292381702959537,0.000417000000000001));
#6076=CARTESIAN_POINT('',(-0.0333645314624134,0.0292381702959538,-0.069917));
#6077=CARTESIAN_POINT('',(-0.0283645314624134,0.0342381702959538,0.));
#6078=CARTESIAN_POINT('',(-0.0283645314623975,0.0339845743907898,0.));
#6079=CARTESIAN_POINT('',(-0.0283674294819346,0.0336467994234663,-7.45459791827854E-6));
#6080=CARTESIAN_POINT('',(-0.0283988501854399,0.0332537080451719,-3.56648903276312E-5));
#6081=CARTESIAN_POINT('',(-0.028424178898692,0.0330352489471386,-5.92347585302984E-5));
#6082=CARTESIAN_POINT('',(-0.0284763367555108,0.0327196786900051,-0.000112109837082605));
#6083=CARTESIAN_POINT('',(-0.0285633828061045,0.0323385216967359,-0.000199272302555776));
#6084=CARTESIAN_POINT('',(-0.0287266150333444,0.0318417276232379,-0.000361910819510153));
#6085=CARTESIAN_POINT('',(-0.0289410729672238,0.0313851336075709,-0.000576692810023469));
#6086=CARTESIAN_POINT('',(-0.0292261457569776,0.0309247951002152,-0.000861722573431196));
#6087=CARTESIAN_POINT('',(-0.029507864822534,0.0305878277920597,-0.00114358944408758));
#6088=CARTESIAN_POINT('',(-0.0297362006902965,0.0303697674142116,-0.00137183959810835));
#6089=CARTESIAN_POINT('',(-0.0298667350087822,0.0302572955027068,-0.00150226065550621));
#6090=CARTESIAN_POINT('',(-0.0299890190751505,0.0301609106082564,-0.0016244286750114));
#6091=CARTESIAN_POINT('',(-0.0300356579940409,0.0301265803791933,-0.0016713051736561));
#6092=CARTESIAN_POINT('',(-0.0301323001799214,0.03005676108551,-0.00176889291340614));
#6093=CARTESIAN_POINT('',(-0.0303059985316282,0.0299408776831348,-0.00194512127658263));
#6094=CARTESIAN_POINT('',(-0.0306127596999734,0.0297636908716682,-0.00225501278063016));
#6095=CARTESIAN_POINT('',(-0.0309972418319194,0.029595094060797,-0.00263720482818922));
#6096=CARTESIAN_POINT('',(-0.0313387013557475,0.0294780746891805,-0.00297511016094818));
#6097=CARTESIAN_POINT('',(-0.0316424774876684,0.0293954311225097,-0.00327784051933569));
#6098=CARTESIAN_POINT('',(-0.031858430480796,0.0293492094066449,-0.00349338077446776));
#6099=CARTESIAN_POINT('',(-0.0321709276164993,0.0292946363501634,-0.00380357745974738));
#6100=CARTESIAN_POINT('',(-0.032687236857601,0.0292396105497054,-0.00431706487732345));
#6101=CARTESIAN_POINT('',(-0.0330992151309875,0.0292381702959202,-0.00473468366799767));
#6102=CARTESIAN_POINT('',(-0.0333645314624099,0.0292381702959537,-0.005));
#6103=CARTESIAN_POINT('',(-0.0333645314624134,0.0292381702959537,-0.0645));
#6104=CARTESIAN_POINT('',(-0.0330991940527012,0.0292381702959203,-0.0647653374100208));
#6105=CARTESIAN_POINT('',(-0.0326872009357587,0.029239611577138,-0.0651829699836196));
#6106=CARTESIAN_POINT('',(-0.0321708954968608,0.0292946414264866,-0.0656964529059323));
#6107=CARTESIAN_POINT('',(-0.0318584196680467,0.0293492112822942,-0.0660066289902911));
#6108=CARTESIAN_POINT('',(-0.0316424587140957,0.0293954367596568,-0.0662221782008397));
#6109=CARTESIAN_POINT('',(-0.031338787262753,0.0294780502649513,-0.0665248051935424));
#6110=CARTESIAN_POINT('',(-0.0309973889127814,0.0295950379679945,-0.0668626479574891));
#6111=CARTESIAN_POINT('',(-0.0306129379646439,0.0297636018166817,-0.0672448006588407));
#6112=CARTESIAN_POINT('',(-0.0303061360126085,0.0299407906249967,-0.0675547257451346));
#6113=CARTESIAN_POINT('',(-0.0301323721265616,0.0300567110936788,-0.0677310229777328));
#6114=CARTESIAN_POINT('',(-0.0300356994306411,0.0301265491933355,-0.0678286471655752));
#6115=CARTESIAN_POINT('',(-0.0299889939503772,0.0301609302115607,-0.0678755951252711));
#6116=CARTESIAN_POINT('',(-0.0298667940712663,0.0302572482753547,-0.0679976918041123));
#6117=CARTESIAN_POINT('',(-0.0297363026232211,0.0303696760267649,-0.0681280766616941));
#6118=CARTESIAN_POINT('',(-0.0295080363580285,0.0305876479827565,-0.068356257091498));
#6119=CARTESIAN_POINT('',(-0.0292263182138237,0.0309245639585304,-0.0686380990924912));
#6120=CARTESIAN_POINT('',(-0.0289411979966349,0.0313848654356812,-0.0689231405304939));
#6121=CARTESIAN_POINT('',(-0.0287265484898866,0.0318419087959752,-0.0691381627877927));
#6122=CARTESIAN_POINT('',(-0.0285634893358789,0.0323381714596406,-0.0693006334905504));
#6123=CARTESIAN_POINT('',(-0.0284763821744452,0.0327194098782816,-0.0693878250559167));
#6124=CARTESIAN_POINT('',(-0.0284241621286848,0.0330353617675621,-0.0694407826644697));
#6125=CARTESIAN_POINT('',(-0.0283988718465348,0.0332535255751982,-0.0694643305246723));
#6126=CARTESIAN_POINT('',(-0.0283674334033888,0.0336466173375953,-0.0694925481530817));
#6127=CARTESIAN_POINT('',(-0.0283645314623974,0.0339844613039899,-0.0695));
#6128=CARTESIAN_POINT('',(-0.0283645314624134,0.0342381702959537,-0.0695));
#6129=CARTESIAN_POINT('',(-0.0281545314624032,0.0342381702959538,-0.0695));
#6130=CARTESIAN_POINT('',(-0.0635745314624235,0.0342381702959538,-0.0695));
#6131=CARTESIAN_POINT('',(-0.0281545314624032,0.0334881702959538,-0.0695));
#6132=CARTESIAN_POINT('',(-0.0635745314624235,0.0334881702959538,-0.0695));
#6133=CARTESIAN_POINT('',(-0.0281545314624032,0.0327381702959538,-0.0695));
#6134=CARTESIAN_POINT('',(-0.0635745314624235,0.0327381702959538,-0.0695));
#6135=CARTESIAN_POINT('',(-0.0281545314624032,0.0309048369626199,-0.0689999999999999));
#6136=CARTESIAN_POINT('',(-0.0635745314624235,0.0309048369626199,-0.0689999999999999));
#6137=CARTESIAN_POINT('',(-0.0281545314624032,0.0297381702959535,-0.067833333333333));
#6138=CARTESIAN_POINT('',(-0.0635745314624235,0.0297381702959535,-0.067833333333333));
#6139=CARTESIAN_POINT('',(-0.0281545314624032,0.0292381702959536,-0.0659999999999995));
#6140=CARTESIAN_POINT('',(-0.0635745314624235,0.0292381702959536,-0.0659999999999995));
#6141=CARTESIAN_POINT('',(-0.0281545314624032,0.0292381702959538,-0.0652499999999996));
#6142=CARTESIAN_POINT('',(-0.0635745314624235,0.0292381702959538,-0.0652499999999996));
#6143=CARTESIAN_POINT('',(-0.0281545314624032,0.0292381702959538,-0.0644999999999996));
#6144=CARTESIAN_POINT('',(-0.0635745314624235,0.0292381702959538,-0.0644999999999996));
#6145=CARTESIAN_POINT('',(-0.0583645314624134,0.0292381702959538,-0.0644999999999981));
#6146=CARTESIAN_POINT('',(-0.0586299271247033,0.0292381702959538,-0.0647653956625473));
#6147=CARTESIAN_POINT('',(-0.0590463314471561,0.0292397352765841,-0.0651762808870192));
#6148=CARTESIAN_POINT('',(-0.0595555177789072,0.0292939714916433,-0.0656882506851907));
#6149=CARTESIAN_POINT('',(-0.0598630619503245,0.029347686912625,-0.0659980327714043));
#6150=CARTESIAN_POINT('',(-0.0600747848467203,0.0293925956273074,-0.0662101414456531));
#6151=CARTESIAN_POINT('',(-0.0603789495924199,0.0294748369251175,-0.0665153636011997));
#6152=CARTESIAN_POINT('',(-0.0607167351477945,0.0295909898332486,-0.0668567192853155));
#6153=CARTESIAN_POINT('',(-0.0610991217381077,0.029758521280569,-0.0672414109029378));
#6154=CARTESIAN_POINT('',(-0.0614086025203249,0.0299343192543517,-0.0675477517293126));
#6155=CARTESIAN_POINT('',(-0.0615843354469803,0.030049019094892,-0.0677209430852287));
#6156=CARTESIAN_POINT('',(-0.0616816475409072,0.0301181005032026,-0.0678173015000561));
#6157=CARTESIAN_POINT('',(-0.0617280890457446,0.0301518251750759,-0.0678634992389111));
#6158=CARTESIAN_POINT('',(-0.0618505545214324,0.0302476359074902,-0.0679860710151718));
#6159=CARTESIAN_POINT('',(-0.0619811493876813,0.0303593163097828,-0.0681167847222948));
#6160=CARTESIAN_POINT('',(-0.0622098897752982,0.0305759664613902,-0.0683456354350859));
#6161=CARTESIAN_POINT('',(-0.0624925767138634,0.0309108075802703,-0.0686281802595635));
#6162=CARTESIAN_POINT('',(-0.0627789971056164,0.0313688959232424,-0.0689146561531166));
#6163=CARTESIAN_POINT('',(-0.0629952273883957,0.031823334705308,-0.0691305203003295));
#6164=CARTESIAN_POINT('',(-0.0631601046685063,0.032319929213369,-0.0692959705957472));
#6165=CARTESIAN_POINT('',(-0.0632487492869947,0.0327015294944339,-0.0693845415355103));
#6166=CARTESIAN_POINT('',(-0.063302651865459,0.0330160174174568,-0.0694376948266524));
#6167=CARTESIAN_POINT('',(-0.0633274790713139,0.0332394850553491,-0.0694643262035491));
#6168=CARTESIAN_POINT('',(-0.0633567364254979,0.033638073024797,-0.069496934523578));
#6169=CARTESIAN_POINT('',(-0.0633645314624134,0.0339809664749446,-0.0695));
#6170=CARTESIAN_POINT('',(-0.0633645314624134,0.0342381702959538,-0.0695));
#6171=CARTESIAN_POINT('',(-0.0635745314624235,0.0342381702959538,1.7347234759768E-18));
#6172=CARTESIAN_POINT('',(-0.0281545314624032,0.0342381702959538,1.7347234759768E-18));
#6173=CARTESIAN_POINT('',(-0.0635745314624235,0.0334881702959538,1.7347234759768E-18));
#6174=CARTESIAN_POINT('',(-0.0281545314624032,0.0334881702959538,1.7347234759768E-18));
#6175=CARTESIAN_POINT('',(-0.0635745314624235,0.0327381702959538,8.47585890362276E-18));
#6176=CARTESIAN_POINT('',(-0.0281545314624032,0.0327381702959538,8.47585890362276E-18));
#6177=CARTESIAN_POINT('',(-0.0635745314624235,0.0309048369626204,-0.000499999999999993));
#6178=CARTESIAN_POINT('',(-0.0281545314624032,0.0309048369626204,-0.000499999999999993));
#6179=CARTESIAN_POINT('',(-0.0635745314624235,0.0297381702959537,-0.00166666666666666));
#6180=CARTESIAN_POINT('',(-0.0281545314624032,0.0297381702959537,-0.00166666666666666));
#6181=CARTESIAN_POINT('',(-0.0635745314624235,0.0292381702959537,-0.00350000000000003));
#6182=CARTESIAN_POINT('',(-0.0281545314624032,0.0292381702959537,-0.00350000000000003));
#6183=CARTESIAN_POINT('',(-0.0635745314624235,0.0292381702959537,-0.00425000000000002));
#6184=CARTESIAN_POINT('',(-0.0281545314624032,0.0292381702959537,-0.00425000000000002));
#6185=CARTESIAN_POINT('',(-0.0635745314624235,0.0292381702959537,-0.00500000000000002));
#6186=CARTESIAN_POINT('',(-0.0281545314624032,0.0292381702959537,-0.00500000000000002));
#6187=CARTESIAN_POINT('',(-0.0633645314624134,0.0342381702959537,1.7347234759768E-18));
#6188=CARTESIAN_POINT('',(-0.0633645314624134,0.0339845743907914,1.7347234759768E-18));
#6189=CARTESIAN_POINT('',(-0.0633570768644952,0.0336467994234707,-2.89801954993809E-6));
#6190=CARTESIAN_POINT('',(-0.0633288665720854,0.0332537080451757,-3.43187230685834E-5));
#6191=CARTESIAN_POINT('',(-0.0633052967038837,0.0330352489471497,-5.9647436326233E-5));
#6192=CARTESIAN_POINT('',(-0.0632524216253276,0.0327196786899913,-0.00011180529315916));
#6193=CARTESIAN_POINT('',(-0.0631652591598525,0.03233852169672,-0.000198851343768381));
#6194=CARTESIAN_POINT('',(-0.0630026206429079,0.031841727623281,-0.000362083571003943));
#6195=CARTESIAN_POINT('',(-0.062787838652372,0.0313851336075977,-0.000576541504898606));
#6196=CARTESIAN_POINT('',(-0.0625028088889616,0.0309247951002544,-0.000861614294652821));
#6197=CARTESIAN_POINT('',(-0.0622209420183076,0.0305878277921067,-0.00114333336020057));
#6198=CARTESIAN_POINT('',(-0.0619926918642927,0.0303697674142667,-0.00137166922794938));
#6199=CARTESIAN_POINT('',(-0.0618622708068993,0.0302572955027669,-0.00150220354642536));
#6200=CARTESIAN_POINT('',(-0.0617401027873977,0.0301609106083205,-0.00162448761278474));
#6201=CARTESIAN_POINT('',(-0.0616932262887585,0.0301265803792618,-0.0016711265316675));
#6202=CARTESIAN_POINT('',(-0.0615956385490136,0.0300567610855829,-0.00176776871753838));
#6203=CARTESIAN_POINT('',(-0.0614194101858474,0.0299408776832137,-0.00194146706922718));
#6204=CARTESIAN_POINT('',(-0.061109518681781,0.029763690871744,-0.00224822823757911));
#6205=CARTESIAN_POINT('',(-0.0607273266342938,0.0295950940608868,-0.00263271036944358));
#6206=CARTESIAN_POINT('',(-0.0603894213013681,0.0294780746892343,-0.00297416989343455));
#6207=CARTESIAN_POINT('',(-0.0600866909434488,0.0293954311226631,-0.00327794602488763));
#6208=CARTESIAN_POINT('',(-0.0598711506865075,0.0293492094064132,-0.00349389901982529));
#6209=CARTESIAN_POINT('',(-0.0595609540002138,0.029294636349889,-0.00380639615652197));
#6210=CARTESIAN_POINT('',(-0.0590474665816879,0.0292396105496185,-0.00432270539845895));
#6211=CARTESIAN_POINT('',(-0.0586298477925005,0.0292381702959538,-0.00473468367036638));
#6212=CARTESIAN_POINT('',(-0.0583645314624134,0.0292381702959537,-0.005));
#6213=CARTESIAN_POINT('',(-0.0633645314624133,0.0342381702959538,-0.0699170000000374));
#6214=CARTESIAN_POINT('',(-0.0633645314624133,0.0342381702959537,0.000417000000000223));
#6215=CARTESIAN_POINT('',(-0.0633645314624133,0.0334881702959538,-0.0699170000000374));
#6216=CARTESIAN_POINT('',(-0.0633645314624133,0.0334881702959538,0.000417000000000223));
#6217=CARTESIAN_POINT('',(-0.0633645314624133,0.0327381702959538,-0.0699170000000374));
#6218=CARTESIAN_POINT('',(-0.0633645314624133,0.0327381702959538,0.000417000000000223));
#6219=CARTESIAN_POINT('',(-0.0628645314626025,0.030904836962715,-0.0699170000000374));
#6220=CARTESIAN_POINT('',(-0.0628645314626025,0.0309048369627149,0.000417000000000223));
#6221=CARTESIAN_POINT('',(-0.0616978647958415,0.0297381702958592,-0.0699170000000374));
#6222=CARTESIAN_POINT('',(-0.0616978647958415,0.0297381702958592,0.000417000000000223));
#6223=CARTESIAN_POINT('',(-0.0598645314622242,0.0292381702958592,-0.0699170000000374));
#6224=CARTESIAN_POINT('',(-0.0598645314622242,0.0292381702958592,0.000417000000000223));
#6225=CARTESIAN_POINT('',(-0.0591145314623188,0.0292381702958592,-0.0699170000000374));
#6226=CARTESIAN_POINT('',(-0.0591145314623188,0.0292381702958592,0.000417000000000223));
#6227=CARTESIAN_POINT('',(-0.0583645314624135,0.0292381702959538,-0.0699170000000374));
#6228=CARTESIAN_POINT('',(-0.0583645314624135,0.0292381702959537,0.000417000000000223));
#6229=CARTESIAN_POINT('',(-0.0458645314624134,-0.0407618297040463,-0.03475));
#6230=CARTESIAN_POINT('',(-0.0333645314624064,-0.0407618297040463,-0.005));
#6231=CARTESIAN_POINT('',(-0.0416978647957421,-0.0407618297040463,-0.005));
#6232=CARTESIAN_POINT('',(-0.0500311981290777,-0.0407618297040463,-0.005));
#6233=CARTESIAN_POINT('',(-0.0583645314624134,-0.0407618297040463,-0.005));
#6234=CARTESIAN_POINT('',(-0.0333645314624134,-0.0407618297040463,-0.005));
#6235=CARTESIAN_POINT('',(-0.0583645314624134,-0.0407618297040463,-0.005));
#6236=CARTESIAN_POINT('',(-0.0583645314624134,-0.0407618297040463,-0.00499999999999905));
#6237=CARTESIAN_POINT('',(-0.0583645314624134,-0.0407618297040463,-0.0248333333333314));
#6238=CARTESIAN_POINT('',(-0.0583645314624134,-0.0407618297040463,-0.0446666666666637));
#6239=CARTESIAN_POINT('',(-0.0583645314624134,-0.0407618297040463,-0.0644999999999961));
#6240=CARTESIAN_POINT('',(-0.0583645314624134,-0.0407618297040463,-0.0645));
#6241=CARTESIAN_POINT('',(-0.0583645314624134,-0.0407618297040463,-0.0645));
#6242=CARTESIAN_POINT('',(-0.0500311981290801,-0.0407618297040463,-0.0645));
#6243=CARTESIAN_POINT('',(-0.0416978647957467,-0.0407618297040463,-0.0645));
#6244=CARTESIAN_POINT('',(-0.0333645314624134,-0.0407618297040463,-0.0645));
#6245=CARTESIAN_POINT('',(-0.0333645314624134,-0.0407618297040463,-0.0645));
#6246=CARTESIAN_POINT('',(-0.0333645314624134,-0.0407618297040463,-0.0645));
#6247=CARTESIAN_POINT('',(-0.0333645314624134,-0.0407618297040463,-0.0446666666666667));
#6248=CARTESIAN_POINT('',(-0.0333645314624134,-0.0407618297040463,-0.0248333333333333));
#6249=CARTESIAN_POINT('',(-0.0333645314624134,-0.0407618297040463,-0.005));
#6250=CARTESIAN_POINT('',(-0.0283645314624134,-0.0357618297040463,0.000417000000000001));
#6251=CARTESIAN_POINT('',(-0.0283645314624134,-0.0357618297040461,-0.069917));
#6252=CARTESIAN_POINT('',(-0.0283645314623661,-0.0365118297040463,0.000417000000000001));
#6253=CARTESIAN_POINT('',(-0.0283645314623661,-0.0365118297040462,-0.069917));
#6254=CARTESIAN_POINT('',(-0.0283645314623661,-0.0372618297040463,0.000417000000000001));
#6255=CARTESIAN_POINT('',(-0.0283645314623661,-0.0372618297040462,-0.069917));
#6256=CARTESIAN_POINT('',(-0.0288645314622715,-0.0390951630373797,0.000417000000000001));
#6257=CARTESIAN_POINT('',(-0.0288645314622715,-0.0390951630373796,-0.069917));
#6258=CARTESIAN_POINT('',(-0.0300311981289382,-0.0402618297040463,0.000417000000000001));
#6259=CARTESIAN_POINT('',(-0.0300311981289382,-0.0402618297040462,-0.069917));
#6260=CARTESIAN_POINT('',(-0.0318645314624134,-0.040761829704141,0.000417000000000001));
#6261=CARTESIAN_POINT('',(-0.0318645314624134,-0.0407618297041408,-0.069917));
#6262=CARTESIAN_POINT('',(-0.0326145314624134,-0.0407618297041409,0.000417000000000001));
#6263=CARTESIAN_POINT('',(-0.0326145314624134,-0.0407618297041408,-0.069917));
#6264=CARTESIAN_POINT('',(-0.0333645314624134,-0.0407618297040463,0.000417000000000001));
#6265=CARTESIAN_POINT('',(-0.0333645314624134,-0.0407618297040462,-0.069917));
#6266=CARTESIAN_POINT('',(-0.0283645314624134,-0.0357618297040463,0.));
#6267=CARTESIAN_POINT('',(-0.0283645314623975,-0.0360154256092347,0.));
#6268=CARTESIAN_POINT('',(-0.0283674294819355,-0.0363532005765736,-7.45459791776384E-6));
#6269=CARTESIAN_POINT('',(-0.0283988501854444,-0.0367462919548665,-3.5664890328489E-5));
#6270=CARTESIAN_POINT('',(-0.028424178898689,-0.0369647510528409,-5.92347585270386E-5));
#6271=CARTESIAN_POINT('',(-0.0284763367555182,-0.0372803213100387,-0.000112109837094787));
#6272=CARTESIAN_POINT('',(-0.0285633828061207,-0.0376614783033183,-0.00019927230257242));
#6273=CARTESIAN_POINT('',(-0.0287266150333388,-0.0381582723767437,-0.000361910819502733));
#6274=CARTESIAN_POINT('',(-0.0289410729672252,-0.0386148663924339,-0.000576692810031693));
#6275=CARTESIAN_POINT('',(-0.0292261457569771,-0.0390752048997834,-0.000861722573438525));
#6276=CARTESIAN_POINT('',(-0.0295078648225338,-0.0394121722079403,-0.00114358944409398));
#6277=CARTESIAN_POINT('',(-0.0297362006902965,-0.0396302325857884,-0.00137183959811214));
#6278=CARTESIAN_POINT('',(-0.0298667350087819,-0.0397427044972931,-0.00150226065550783));
#6279=CARTESIAN_POINT('',(-0.0299890190751513,-0.0398390893917442,-0.00162442867501199));
#6280=CARTESIAN_POINT('',(-0.0300356579940379,-0.0398734196208044,-0.00167130517365212));
#6281=CARTESIAN_POINT('',(-0.0301323001799153,-0.0399432389144858,-0.00176889291339814));
#6282=CARTESIAN_POINT('',(-0.0303059985316171,-0.0400591223168582,-0.00194512127656873));
#6283=CARTESIAN_POINT('',(-0.0306127596999587,-0.0402363091283245,-0.00225501278061275));
#6284=CARTESIAN_POINT('',(-0.0309972418319079,-0.0404049059391986,-0.00263720482817614));
#6285=CARTESIAN_POINT('',(-0.0313387013557396,-0.0405219253108174,-0.00297511016093957));
#6286=CARTESIAN_POINT('',(-0.0316424774876731,-0.0406045688774915,-0.00327784051934047));
#6287=CARTESIAN_POINT('',(-0.0318584304807848,-0.0406507905933527,-0.00349338077445725));
#6288=CARTESIAN_POINT('',(-0.0321709276164815,-0.0407053636498341,-0.00380357745973071));
#6289=CARTESIAN_POINT('',(-0.0326872368575766,-0.0407603894502935,-0.0043170648772996));
#6290=CARTESIAN_POINT('',(-0.0330992151309742,-0.0407618297040798,-0.00473468366798437));
#6291=CARTESIAN_POINT('',(-0.0333645314624099,-0.0407618297040463,-0.005));
#6292=CARTESIAN_POINT('',(-0.0333645314624134,-0.0407618297040462,-0.0645));
#6293=CARTESIAN_POINT('',(-0.0330991940526448,-0.0407618297040797,-0.0647653374100773));
#6294=CARTESIAN_POINT('',(-0.0326872009356561,-0.0407603884228574,-0.0651829699837195));
#6295=CARTESIAN_POINT('',(-0.0321708954967836,-0.0407053585735023,-0.0656964529060049));
#6296=CARTESIAN_POINT('',(-0.0318584196680025,-0.0406507887176965,-0.0660066289903325));
#6297=CARTESIAN_POINT('',(-0.0316424587141036,-0.0406045632403446,-0.0662221782008316));
#6298=CARTESIAN_POINT('',(-0.0313387872627655,-0.0405219497350524,-0.0665248051935334));
#6299=CARTESIAN_POINT('',(-0.0309973889128096,-0.0404049620320159,-0.066862647957467));
#6300=CARTESIAN_POINT('',(-0.0306129379646754,-0.0402363981833343,-0.0672448006588152));
#6301=CARTESIAN_POINT('',(-0.030306136012633,-0.0400592093750188,-0.0675547257451134));
#6302=CARTESIAN_POINT('',(-0.0301323721265749,-0.0399432889063305,-0.0677310229777209));
#6303=CARTESIAN_POINT('',(-0.0300356994306479,-0.0398734508066696,-0.0678286471655689));
#6304=CARTESIAN_POINT('',(-0.0299889939503751,-0.0398390697884378,-0.0678755951252732));
#6305=CARTESIAN_POINT('',(-0.0298667940712675,-0.0397427517246463,-0.0679976918041102));
#6306=CARTESIAN_POINT('',(-0.0297363026232223,-0.0396303239732362,-0.0681280766616912));
#6307=CARTESIAN_POINT('',(-0.029508036358031,-0.0394123520172462,-0.0683562570914923));
#6308=CARTESIAN_POINT('',(-0.0292263182138259,-0.0390754360414725,-0.0686380990924847));
#6309=CARTESIAN_POINT('',(-0.0289411979966369,-0.0386151345643233,-0.0689231405304879));
#6310=CARTESIAN_POINT('',(-0.0287265484898848,-0.0381580912040192,-0.069138162787795));
#6311=CARTESIAN_POINT('',(-0.028563489335883,-0.0376618285403732,-0.0693006334905482));
#6312=CARTESIAN_POINT('',(-0.0284763821744469,-0.0372805901217287,-0.0693878250559152));
#6313=CARTESIAN_POINT('',(-0.0284241621286843,-0.0369646382324351,-0.0694407826644701));
#6314=CARTESIAN_POINT('',(-0.028398871846535,-0.0367464744248029,-0.0694643305246722));
#6315=CARTESIAN_POINT('',(-0.0283674334033887,-0.0363533826624047,-0.0694925481530818));
#6316=CARTESIAN_POINT('',(-0.0283645314623974,-0.0360155386960102,-0.0695));
#6317=CARTESIAN_POINT('',(-0.0283645314624134,-0.0357618297040462,-0.0695));
#6318=CARTESIAN_POINT('',(-0.0281545314624032,-0.0357618297040462,-0.0695));
#6319=CARTESIAN_POINT('',(-0.0635745314624236,-0.0357618297040462,-0.0695));
#6320=CARTESIAN_POINT('',(-0.0281545314624032,-0.0365118297040462,-0.0695));
#6321=CARTESIAN_POINT('',(-0.0635745314624236,-0.0365118297040462,-0.0695));
#6322=CARTESIAN_POINT('',(-0.0281545314624032,-0.0372618297040462,-0.0695));
#6323=CARTESIAN_POINT('',(-0.0635745314624236,-0.0372618297040462,-0.0695));
#6324=CARTESIAN_POINT('',(-0.0281545314624032,-0.0390951630373801,-0.0689999999999999));
#6325=CARTESIAN_POINT('',(-0.0635745314624236,-0.0390951630373801,-0.0689999999999999));
#6326=CARTESIAN_POINT('',(-0.0281545314624032,-0.0402618297040465,-0.067833333333333));
#6327=CARTESIAN_POINT('',(-0.0635745314624236,-0.0402618297040465,-0.067833333333333));
#6328=CARTESIAN_POINT('',(-0.0281545314624032,-0.0407618297040464,-0.0659999999999995));
#6329=CARTESIAN_POINT('',(-0.0635745314624236,-0.0407618297040464,-0.0659999999999995));
#6330=CARTESIAN_POINT('',(-0.0281545314624032,-0.0407618297040463,-0.0652499999999996));
#6331=CARTESIAN_POINT('',(-0.0635745314624236,-0.0407618297040463,-0.0652499999999996));
#6332=CARTESIAN_POINT('',(-0.0281545314624032,-0.0407618297040463,-0.0644999999999996));
#6333=CARTESIAN_POINT('',(-0.0635745314624236,-0.0407618297040463,-0.0644999999999996));
#6334=CARTESIAN_POINT('',(-0.0583645314624134,-0.0407618297040463,-0.0644999999999981));
#6335=CARTESIAN_POINT('',(-0.058629927124577,-0.0407618297040463,-0.0647653956624211));
#6336=CARTESIAN_POINT('',(-0.0590463314469341,-0.0407602647234259,-0.0651762808867909));
#6337=CARTESIAN_POINT('',(-0.0595555177787431,-0.0407060285083819,-0.0656882506850161));
#6338=CARTESIAN_POINT('',(-0.059863061950235,-0.0406523130873949,-0.0659980327713086));
#6339=CARTESIAN_POINT('',(-0.0600747848467268,-0.0406074043726928,-0.0662101414456592));
#6340=CARTESIAN_POINT('',(-0.0603789495924833,-0.0405251630748619,-0.0665153636012711));
#6341=CARTESIAN_POINT('',(-0.0607167351479181,-0.0404090101667005,-0.0668567192854518));
#6342=CARTESIAN_POINT('',(-0.0610991217382593,-0.040241478719351,-0.0672414109030981));
#6343=CARTESIAN_POINT('',(-0.0614086025204489,-0.0400656807455713,-0.0675477517294357));
#6344=CARTESIAN_POINT('',(-0.0615843354470505,-0.0399509809050615,-0.0677209430852957));
#6345=CARTESIAN_POINT('',(-0.0616816475409433,-0.0398818994967721,-0.0678173015000901));
#6346=CARTESIAN_POINT('',(-0.0617280890457358,-0.0398481748249311,-0.0678634992389017));
#6347=CARTESIAN_POINT('',(-0.0618505545214313,-0.039752364092507,-0.0679860710151755));
#6348=CARTESIAN_POINT('',(-0.0619811493876729,-0.0396406836902161,-0.0681167847222958));
#6349=CARTESIAN_POINT('',(-0.0622098897752868,-0.0394240335386051,-0.0683456354350908));
#6350=CARTESIAN_POINT('',(-0.0624925767138484,-0.0390891924197232,-0.0686281802595676));
#6351=CARTESIAN_POINT('',(-0.0627789971056028,-0.0386311040767563,-0.0689146561531181));
#6352=CARTESIAN_POINT('',(-0.0629952273884017,-0.0381766652946775,-0.0691305203003335));
#6353=CARTESIAN_POINT('',(-0.0631601046684987,-0.0376800707866781,-0.069295970595733));
#6354=CARTESIAN_POINT('',(-0.0632487492869894,-0.0372984705056014,-0.0693845415355041));
#6355=CARTESIAN_POINT('',(-0.0633026518654604,-0.0369839825825333,-0.0694376948266542));
#6356=CARTESIAN_POINT('',(-0.0633274790713135,-0.0367605149446551,-0.0694643262035484));
#6357=CARTESIAN_POINT('',(-0.0633567364254981,-0.0363619269752035,-0.0694969345235782));
#6358=CARTESIAN_POINT('',(-0.0633645314624134,-0.0360190335250566,-0.0695));
#6359=CARTESIAN_POINT('',(-0.0633645314624134,-0.0357618297040462,-0.0695));
#6360=CARTESIAN_POINT('',(-0.0635745314624235,-0.0357618297040462,1.7347234759768E-18));
#6361=CARTESIAN_POINT('',(-0.0281545314624032,-0.0357618297040462,1.7347234759768E-18));
#6362=CARTESIAN_POINT('',(-0.0635745314624235,-0.0365118297040462,1.7347234759768E-18));
#6363=CARTESIAN_POINT('',(-0.0281545314624032,-0.0365118297040462,1.7347234759768E-18));
#6364=CARTESIAN_POINT('',(-0.0635745314624235,-0.0372618297040463,2.38622959653624E-18));
#6365=CARTESIAN_POINT('',(-0.0281545314624032,-0.0372618297040463,2.38622959653624E-18));
#6366=CARTESIAN_POINT('',(-0.0635745314624235,-0.0390951630373796,-0.000500000000000007));
#6367=CARTESIAN_POINT('',(-0.0281545314624032,-0.0390951630373796,-0.000500000000000007));
#6368=CARTESIAN_POINT('',(-0.0635745314624235,-0.0402618297040463,-0.00166666666666668));
#6369=CARTESIAN_POINT('',(-0.0281545314624032,-0.0402618297040463,-0.00166666666666668));
#6370=CARTESIAN_POINT('',(-0.0635745314624235,-0.0407618297040463,-0.00350000000000003));
#6371=CARTESIAN_POINT('',(-0.0281545314624032,-0.0407618297040463,-0.00350000000000003));
#6372=CARTESIAN_POINT('',(-0.0635745314624235,-0.0407618297040463,-0.00425000000000002));
#6373=CARTESIAN_POINT('',(-0.0281545314624032,-0.0407618297040463,-0.00425000000000002));
#6374=CARTESIAN_POINT('',(-0.0635745314624235,-0.0407618297040463,-0.00500000000000002));
#6375=CARTESIAN_POINT('',(-0.0281545314624032,-0.0407618297040463,-0.00500000000000002));
#6376=CARTESIAN_POINT('',(-0.0633645314624134,-0.0357618297040462,1.7347234759768E-18));
#6377=CARTESIAN_POINT('',(-0.0633645314624134,-0.0360154256091858,1.7347234759768E-18));
#6378=CARTESIAN_POINT('',(-0.0633570768644948,-0.0363532005764914,-2.89801954894702E-6));
#6379=CARTESIAN_POINT('',(-0.0633288665720861,-0.0367462919547894,-3.43187230645399E-5));
#6380=CARTESIAN_POINT('',(-0.0633052967038812,-0.0369647510528656,-5.96474363283535E-5));
#6381=CARTESIAN_POINT('',(-0.063252421625337,-0.0372803213099822,-0.000111805293154712));
#6382=CARTESIAN_POINT('',(-0.0631652591598652,-0.0376614783032486,-0.000198851343758835));
#6383=CARTESIAN_POINT('',(-0.0630026206429033,-0.0381582723767303,-0.000362083571007496));
#6384=CARTESIAN_POINT('',(-0.062787838652374,-0.038614866392397,-0.000576541504896543));
#6385=CARTESIAN_POINT('',(-0.0625028088889623,-0.0390752048997439,-0.000861614294651269));
#6386=CARTESIAN_POINT('',(-0.0622209420183086,-0.0394121722078914,-0.00114333336019873));
#6387=CARTESIAN_POINT('',(-0.0619926918642931,-0.0396302325857324,-0.00137166922794839));
#6388=CARTESIAN_POINT('',(-0.0618622708068998,-0.0397427044972325,-0.00150220354642465));
#6389=CARTESIAN_POINT('',(-0.0617401027873971,-0.03983908939168,-0.0016244876127854));
#6390=CARTESIAN_POINT('',(-0.0616932262887606,-0.0398734196207367,-0.00167112653166556));
#6391=CARTESIAN_POINT('',(-0.0615956385490176,-0.0399432389144145,-0.00176776871753463));
#6392=CARTESIAN_POINT('',(-0.0614194101858545,-0.0400591223167819,-0.00194146706922027));
#6393=CARTESIAN_POINT('',(-0.0611095186817896,-0.0402363091282515,-0.0022482282375701));
#6394=CARTESIAN_POINT('',(-0.0607273266343008,-0.0404049059391103,-0.00263271036943596));
#6395=CARTESIAN_POINT('',(-0.0603894213013718,-0.0405219253107646,-0.00297416989343048));
#6396=CARTESIAN_POINT('',(-0.060086690943449,-0.0406045688773369,-0.00327794602488749));
#6397=CARTESIAN_POINT('',(-0.0598711506865031,-0.0406507905935878,-0.00349389901982996));
#6398=CARTESIAN_POINT('',(-0.0595609540002057,-0.0407053636501123,-0.00380639615653057));
#6399=CARTESIAN_POINT('',(-0.059047466581677,-0.040760389450382,-0.00432270539847015));
#6400=CARTESIAN_POINT('',(-0.0586298477924943,-0.0407618297040463,-0.00473468367037258));
#6401=CARTESIAN_POINT('',(-0.0583645314624134,-0.0407618297040463,-0.005));
#6402=CARTESIAN_POINT('',(-0.0633645314624133,-0.0357618297040462,-0.0699170000000374));
#6403=CARTESIAN_POINT('',(-0.0633645314624133,-0.0357618297040462,0.000417000000000223));
#6404=CARTESIAN_POINT('',(-0.0633645314624133,-0.0365118297040462,-0.0699170000000374));
#6405=CARTESIAN_POINT('',(-0.0633645314624133,-0.0365118297040462,0.000417000000000223));
#6406=CARTESIAN_POINT('',(-0.0633645314624133,-0.0372618297040463,-0.0699170000000374));
#6407=CARTESIAN_POINT('',(-0.0633645314624133,-0.0372618297040463,0.000417000000000223));
#6408=CARTESIAN_POINT('',(-0.0628645314626026,-0.0390951630372851,-0.0699170000000374));
#6409=CARTESIAN_POINT('',(-0.0628645314626026,-0.0390951630372851,0.000417000000000223));
#6410=CARTESIAN_POINT('',(-0.0616978647958414,-0.0402618297041408,-0.0699170000000374));
#6411=CARTESIAN_POINT('',(-0.0616978647958414,-0.0402618297041408,0.000417000000000223));
#6412=CARTESIAN_POINT('',(-0.0598645314622242,-0.0407618297041408,-0.0699170000000374));
#6413=CARTESIAN_POINT('',(-0.0598645314622242,-0.0407618297041408,0.000417000000000223));
#6414=CARTESIAN_POINT('',(-0.0591145314623188,-0.0407618297041408,-0.0699170000000374));
#6415=CARTESIAN_POINT('',(-0.0591145314623188,-0.0407618297041408,0.000417000000000223));
#6416=CARTESIAN_POINT('',(-0.0583645314624135,-0.0407618297040462,-0.0699170000000374));
#6417=CARTESIAN_POINT('',(-0.0583645314624135,-0.0407618297040462,0.000417000000000223));
#6418=CARTESIAN_POINT('',(-0.0285046161463261,-0.0674397647380829,-0.0735));
#6419=CARTESIAN_POINT('',(-0.0244566161463261,-0.0674397647380829,-0.0735));
#6420=CARTESIAN_POINT('',(-0.0285046161463261,-0.0674397647380829,-0.073575));
#6421=CARTESIAN_POINT('',(-0.0244566161463261,-0.0674397647380829,-0.073575));
#6422=CARTESIAN_POINT('',(-0.0285046161463261,-0.0674397647380829,-0.07365));
#6423=CARTESIAN_POINT('',(-0.0244566161463261,-0.0674397647380829,-0.07365));
#6424=CARTESIAN_POINT('',(-0.0285046161463261,-0.0673897647380829,-0.0738333333333334));
#6425=CARTESIAN_POINT('',(-0.0244566161463261,-0.0673897647380829,-0.0738333333333334));
#6426=CARTESIAN_POINT('',(-0.0285046161463261,-0.0672730980714163,-0.07395));
#6427=CARTESIAN_POINT('',(-0.0244566161463261,-0.0672730980714163,-0.07395));
#6428=CARTESIAN_POINT('',(-0.0285046161463261,-0.0670897647380829,-0.074));
#6429=CARTESIAN_POINT('',(-0.0244566161463261,-0.0670897647380829,-0.074));
#6430=CARTESIAN_POINT('',(-0.0285046161463261,-0.0670147647380829,-0.074));
#6431=CARTESIAN_POINT('',(-0.0244566161463261,-0.0670147647380829,-0.074));
#6432=CARTESIAN_POINT('',(-0.0285046161463261,-0.0669397647380829,-0.074));
#6433=CARTESIAN_POINT('',(-0.0244566161463261,-0.0669397647380829,-0.074));
#6434=CARTESIAN_POINT('',(-0.0244806161463261,-0.0669397647380829,-0.074));
#6435=CARTESIAN_POINT('',(-0.0244806161463261,-0.0670322972172849,-0.074));
#6436=CARTESIAN_POINT('',(-0.0244981393404588,-0.0671494949713525,-0.0739824207716266));
#6437=CARTESIAN_POINT('',(-0.0245609639068643,-0.0672713226434296,-0.073919745629863));
#6438=CARTESIAN_POINT('',(-0.0246483326927819,-0.0673557456915469,-0.0738320179002229));
#6439=CARTESIAN_POINT('',(-0.0246965233705061,-0.0673844280880618,-0.0737850615987039));
#6440=CARTESIAN_POINT('',(-0.0248490769596546,-0.0674435658956309,-0.0736309578923359));
#6441=CARTESIAN_POINT('',(-0.0249275432407843,-0.0674397647380829,-0.0735530729085689));
#6442=CARTESIAN_POINT('',(-0.0249806161463261,-0.0674397647380829,-0.0735000000000074));
#6443=CARTESIAN_POINT('',(-0.027980616146326,-0.0674397647380829,-0.0735));
#6444=CARTESIAN_POINT('',(-0.0280336865969593,-0.0674397647380829,-0.073553070448092));
#6445=CARTESIAN_POINT('',(-0.0281121748437797,-0.0674435557773675,-0.0736309760592179));
#6446=CARTESIAN_POINT('',(-0.0282646772224534,-0.0673844449518404,-0.0737850321407005));
#6447=CARTESIAN_POINT('',(-0.0283129169856139,-0.0673557293424074,-0.0738320341548942));
#6448=CARTESIAN_POINT('',(-0.0284002305424752,-0.0672713711762321,-0.073919710069151));
#6449=CARTESIAN_POINT('',(-0.0284631156581783,-0.0671494606975069,-0.0739824421080512));
#6450=CARTESIAN_POINT('',(-0.0284806161463261,-0.0670323229881372,-0.074));
#6451=CARTESIAN_POINT('',(-0.0284806161463261,-0.0669397647380829,-0.074));
#6452=CARTESIAN_POINT('',(-0.0279806161463261,-0.0674397647380829,-0.0694729999999977));
#6453=CARTESIAN_POINT('',(-0.0279806161463261,-0.0674397647380829,-0.0740270000000019));
#6454=CARTESIAN_POINT('',(-0.028055616146326,-0.0674397647380829,-0.0694729999999977));
#6455=CARTESIAN_POINT('',(-0.028055616146326,-0.0674397647380829,-0.0740270000000019));
#6456=CARTESIAN_POINT('',(-0.0281306161463261,-0.0674397647380829,-0.0694729999999977));
#6457=CARTESIAN_POINT('',(-0.0281306161463261,-0.0674397647380829,-0.0740270000000019));
#6458=CARTESIAN_POINT('',(-0.0283139494796594,-0.0673897647380829,-0.0694729999999977));
#6459=CARTESIAN_POINT('',(-0.0283139494796594,-0.0673897647380829,-0.0740270000000019));
#6460=CARTESIAN_POINT('',(-0.0284306161463261,-0.0672730980714162,-0.0694729999999977));
#6461=CARTESIAN_POINT('',(-0.0284306161463261,-0.0672730980714162,-0.0740270000000019));
#6462=CARTESIAN_POINT('',(-0.028480616146326,-0.0670897647380829,-0.0694729999999977));
#6463=CARTESIAN_POINT('',(-0.028480616146326,-0.0670897647380829,-0.0740270000000019));
#6464=CARTESIAN_POINT('',(-0.028480616146326,-0.0670147647380829,-0.0694729999999977));
#6465=CARTESIAN_POINT('',(-0.028480616146326,-0.0670147647380829,-0.0740270000000019));
#6466=CARTESIAN_POINT('',(-0.028480616146326,-0.0669397647380829,-0.0694729999999977));
#6467=CARTESIAN_POINT('',(-0.028480616146326,-0.0669397647380829,-0.0740270000000019));
#6468=CARTESIAN_POINT('',(-0.027980616146326,-0.0674397647380829,-0.07));
#6469=CARTESIAN_POINT('',(-0.0280336976531586,-0.0674397647380829,-0.0699469185023858));
#6470=CARTESIAN_POINT('',(-0.0281101468528815,-0.0674437542598727,-0.0698698839059104));
#6471=CARTESIAN_POINT('',(-0.0282647857867449,-0.0673849092291346,-0.0697168060023985));
#6472=CARTESIAN_POINT('',(-0.0283113764648264,-0.067356613960014,-0.069668970932997));
#6473=CARTESIAN_POINT('',(-0.0283993784512835,-0.0672726421284578,-0.0695813370462362));
#6474=CARTESIAN_POINT('',(-0.0284623619720699,-0.0671517565066073,-0.0695181945635389));
#6475=CARTESIAN_POINT('',(-0.028480616146326,-0.0670329387117064,-0.0695));
#6476=CARTESIAN_POINT('',(-0.028480616146326,-0.0669397647380829,-0.0695));
#6477=CARTESIAN_POINT('',(-0.0249806161463261,-0.0674397647380829,-0.0740270000000019));
#6478=CARTESIAN_POINT('',(-0.0249806161463261,-0.0674397647380829,-0.0694729999999977));
#6479=CARTESIAN_POINT('',(-0.0249056161463261,-0.0674397647380829,-0.0740270000000019));
#6480=CARTESIAN_POINT('',(-0.0249056161463261,-0.0674397647380829,-0.0694729999999977));
#6481=CARTESIAN_POINT('',(-0.0248306161463261,-0.0674397647380829,-0.0740270000000019));
#6482=CARTESIAN_POINT('',(-0.0248306161463261,-0.0674397647380829,-0.0694729999999977));
#6483=CARTESIAN_POINT('',(-0.0246472828129927,-0.0673897647380829,-0.0740270000000019));
#6484=CARTESIAN_POINT('',(-0.0246472828129927,-0.0673897647380829,-0.0694729999999977));
#6485=CARTESIAN_POINT('',(-0.0245306161463261,-0.0672730980714163,-0.0740270000000019));
#6486=CARTESIAN_POINT('',(-0.0245306161463261,-0.0672730980714163,-0.0694729999999977));
#6487=CARTESIAN_POINT('',(-0.0244806161463261,-0.0670897647380829,-0.0740270000000019));
#6488=CARTESIAN_POINT('',(-0.0244806161463261,-0.0670897647380829,-0.0694729999999977));
#6489=CARTESIAN_POINT('',(-0.0244806161463261,-0.067014764738083,-0.0740270000000019));
#6490=CARTESIAN_POINT('',(-0.0244806161463261,-0.067014764738083,-0.0694729999999977));
#6491=CARTESIAN_POINT('',(-0.0244806161463261,-0.0669397647380829,-0.0740270000000019));
#6492=CARTESIAN_POINT('',(-0.0244806161463261,-0.0669397647380829,-0.0694729999999977));
#6493=CARTESIAN_POINT('',(-0.0244806161463261,-0.0669397647380829,-0.0695));
#6494=CARTESIAN_POINT('',(-0.0244806161463261,-0.0670322972172644,-0.0695));
#6495=CARTESIAN_POINT('',(-0.0244981953747194,-0.0671494949713736,-0.0695175231941562));
#6496=CARTESIAN_POINT('',(-0.0245608705164314,-0.0672713226434049,-0.0695803477605005));
#6497=CARTESIAN_POINT('',(-0.0246485982461713,-0.0673557456915646,-0.0696677165465262));
#6498=CARTESIAN_POINT('',(-0.0246955545473912,-0.0673844280880232,-0.0697159072239464));
#6499=CARTESIAN_POINT('',(-0.0248496582548677,-0.0674435658956553,-0.0698684608142631));
#6500=CARTESIAN_POINT('',(-0.024927543234088,-0.0674397647380829,-0.0699469270905105));
#6501=CARTESIAN_POINT('',(-0.024980616146326,-0.0674397647380829,-0.07));
#6502=CARTESIAN_POINT('',(-0.024456616146326,-0.0674397647380829,-0.07));
#6503=CARTESIAN_POINT('',(-0.028504616146326,-0.0674397647380829,-0.07));
#6504=CARTESIAN_POINT('',(-0.024456616146326,-0.0674397647380829,-0.069925));
#6505=CARTESIAN_POINT('',(-0.028504616146326,-0.0674397647380829,-0.069925));
#6506=CARTESIAN_POINT('',(-0.024456616146326,-0.0674397647380829,-0.06985));
#6507=CARTESIAN_POINT('',(-0.028504616146326,-0.0674397647380829,-0.06985));
#6508=CARTESIAN_POINT('',(-0.024456616146326,-0.0673897647380829,-0.0696666666666667));
#6509=CARTESIAN_POINT('',(-0.028504616146326,-0.0673897647380829,-0.0696666666666667));
#6510=CARTESIAN_POINT('',(-0.024456616146326,-0.0672730980714162,-0.06955));
#6511=CARTESIAN_POINT('',(-0.028504616146326,-0.0672730980714162,-0.06955));
#6512=CARTESIAN_POINT('',(-0.024456616146326,-0.0670897647380829,-0.0695));
#6513=CARTESIAN_POINT('',(-0.028504616146326,-0.0670897647380829,-0.0695));
#6514=CARTESIAN_POINT('',(-0.024456616146326,-0.0670147647380829,-0.0695));
#6515=CARTESIAN_POINT('',(-0.028504616146326,-0.0670147647380829,-0.0695));
#6516=CARTESIAN_POINT('',(-0.024456616146326,-0.0669397647380829,-0.0695));
#6517=CARTESIAN_POINT('',(-0.028504616146326,-0.0669397647380829,-0.0695));
#6518=CARTESIAN_POINT('',(-0.024456616146326,0.0525602352619171,-0.0735));
#6519=CARTESIAN_POINT('',(-0.0285046161463261,0.0525602352619171,-0.0735));
#6520=CARTESIAN_POINT('',(-0.024456616146326,0.0525602352619171,-0.073575));
#6521=CARTESIAN_POINT('',(-0.0285046161463261,0.0525602352619171,-0.073575));
#6522=CARTESIAN_POINT('',(-0.024456616146326,0.0525602352619171,-0.07365));
#6523=CARTESIAN_POINT('',(-0.0285046161463261,0.0525602352619171,-0.07365));
#6524=CARTESIAN_POINT('',(-0.024456616146326,0.0525102352619171,-0.0738333333333333));
#6525=CARTESIAN_POINT('',(-0.0285046161463261,0.0525102352619171,-0.0738333333333333));
#6526=CARTESIAN_POINT('',(-0.024456616146326,0.0523935685952505,-0.07395));
#6527=CARTESIAN_POINT('',(-0.0285046161463261,0.0523935685952505,-0.07395));
#6528=CARTESIAN_POINT('',(-0.024456616146326,0.0522102352619171,-0.074));
#6529=CARTESIAN_POINT('',(-0.0285046161463261,0.0522102352619171,-0.074));
#6530=CARTESIAN_POINT('',(-0.024456616146326,0.0521352352619171,-0.074));
#6531=CARTESIAN_POINT('',(-0.0285046161463261,0.0521352352619171,-0.074));
#6532=CARTESIAN_POINT('',(-0.024456616146326,0.0520602352619171,-0.074));
#6533=CARTESIAN_POINT('',(-0.0285046161463261,0.0520602352619171,-0.074));
#6534=CARTESIAN_POINT('',(-0.0249806161463261,0.0525602352619171,-0.0735000000000029));
#6535=CARTESIAN_POINT('',(-0.0249275344628704,0.0525602352619171,-0.0735530816800523));
#6536=CARTESIAN_POINT('',(-0.0248505000943079,0.0525642247838051,-0.0736295306673044));
#6537=CARTESIAN_POINT('',(-0.0246974221405501,0.0525053797528044,-0.0737841696481007));
#6538=CARTESIAN_POINT('',(-0.0246495870815219,0.0524770844839026,-0.0738307603164379));
#6539=CARTESIAN_POINT('',(-0.0245619531919377,0.0523931126522362,-0.0739187623055291));
#6540=CARTESIAN_POINT('',(-0.0244988107102394,0.0522722270304849,-0.0739817458254011));
#6541=CARTESIAN_POINT('',(-0.0244806161463261,0.0521534092354879,-0.074));
#6542=CARTESIAN_POINT('',(-0.0244806161463261,0.0520602352619171,-0.074));
#6543=CARTESIAN_POINT('',(-0.0284806161463261,0.0520602352619171,-0.074));
#6544=CARTESIAN_POINT('',(-0.0284806161463261,0.0521533834543133,-0.074));
#6545=CARTESIAN_POINT('',(-0.0284623988177843,0.0522722610992658,-0.073981724475952));
#6546=CARTESIAN_POINT('',(-0.0283993170417613,0.0523930644646597,-0.0739187978879443));
#6547=CARTESIAN_POINT('',(-0.0283116279977111,0.0524771006107845,-0.073830744262263));
#6548=CARTESIAN_POINT('',(-0.028263841064728,0.0525053634328559,-0.0737841982823813));
#6549=CARTESIAN_POINT('',(-0.0281107129423721,0.0525642345757747,-0.0736295127774283));
#6550=CARTESIAN_POINT('',(-0.0280337013717557,0.0525602352619171,-0.0735530852265814));
#6551=CARTESIAN_POINT('',(-0.0279806161463261,0.0525602352619171,-0.0735));
#6552=CARTESIAN_POINT('',(-0.0279806161463261,0.0525602352619172,-0.0740270000000019));
#6553=CARTESIAN_POINT('',(-0.0279806161463261,0.0525602352619172,-0.0694729999999977));
#6554=CARTESIAN_POINT('',(-0.0280556161463261,0.0525602352619172,-0.0740270000000019));
#6555=CARTESIAN_POINT('',(-0.0280556161463261,0.0525602352619172,-0.0694729999999977));
#6556=CARTESIAN_POINT('',(-0.0281306161463261,0.0525602352619172,-0.0740270000000019));
#6557=CARTESIAN_POINT('',(-0.0281306161463261,0.0525602352619172,-0.0694729999999977));
#6558=CARTESIAN_POINT('',(-0.0283139494796595,0.0525102352619171,-0.0740270000000019));
#6559=CARTESIAN_POINT('',(-0.0283139494796595,0.0525102352619171,-0.0694729999999977));
#6560=CARTESIAN_POINT('',(-0.0284306161463261,0.0523935685952504,-0.0740270000000019));
#6561=CARTESIAN_POINT('',(-0.0284306161463261,0.0523935685952504,-0.0694729999999977));
#6562=CARTESIAN_POINT('',(-0.0284806161463261,0.0522102352619171,-0.0740270000000019));
#6563=CARTESIAN_POINT('',(-0.0284806161463261,0.0522102352619171,-0.0694729999999977));
#6564=CARTESIAN_POINT('',(-0.0284806161463261,0.0521352352619171,-0.0740270000000019));
#6565=CARTESIAN_POINT('',(-0.0284806161463261,0.0521352352619171,-0.0694729999999977));
#6566=CARTESIAN_POINT('',(-0.0284806161463261,0.0520602352619172,-0.0740270000000019));
#6567=CARTESIAN_POINT('',(-0.0284806161463261,0.0520602352619172,-0.0694729999999977));
#6568=CARTESIAN_POINT('',(-0.0284806161463261,0.0520602352619171,-0.0695));
#6569=CARTESIAN_POINT('',(-0.0284806161463261,0.0521527677411297,-0.0695));
#6570=CARTESIAN_POINT('',(-0.028463036917969,0.0522699654951458,-0.0695175231941246));
#6571=CARTESIAN_POINT('',(-0.0284003617761575,0.0523917931673393,-0.0695803477605561));
#6572=CARTESIAN_POINT('',(-0.0283126340464639,0.0524762162153767,-0.0696677165465423));
#6573=CARTESIAN_POINT('',(-0.0282656777453708,0.0525048986118617,-0.0697159072238471));
#6574=CARTESIAN_POINT('',(-0.0281115740371946,0.0525640364194896,-0.0698684608148874));
#6575=CARTESIAN_POINT('',(-0.0280336890611308,0.0525602352619172,-0.0699469270877388));
#6576=CARTESIAN_POINT('',(-0.0279806161463105,0.0525602352619172,-0.07));
#6577=CARTESIAN_POINT('',(-0.0249806161463261,0.0525602352619172,-0.0694729999999977));
#6578=CARTESIAN_POINT('',(-0.0249806161463261,0.0525602352619172,-0.0740270000000019));
#6579=CARTESIAN_POINT('',(-0.0249056161463261,0.0525602352619172,-0.0694729999999977));
#6580=CARTESIAN_POINT('',(-0.0249056161463261,0.0525602352619172,-0.0740270000000019));
#6581=CARTESIAN_POINT('',(-0.0248306161463261,0.0525602352619172,-0.0694729999999977));
#6582=CARTESIAN_POINT('',(-0.0248306161463261,0.0525602352619172,-0.0740270000000019));
#6583=CARTESIAN_POINT('',(-0.0246472828129927,0.0525102352619171,-0.0694729999999977));
#6584=CARTESIAN_POINT('',(-0.0246472828129927,0.0525102352619171,-0.0740270000000019));
#6585=CARTESIAN_POINT('',(-0.0245306161463261,0.0523935685952505,-0.0694729999999977));
#6586=CARTESIAN_POINT('',(-0.0245306161463261,0.0523935685952505,-0.0740270000000019));
#6587=CARTESIAN_POINT('',(-0.0244806161463261,0.0522102352619171,-0.0694729999999977));
#6588=CARTESIAN_POINT('',(-0.0244806161463261,0.0522102352619171,-0.0740270000000019));
#6589=CARTESIAN_POINT('',(-0.0244806161463261,0.0521352352619171,-0.0694729999999977));
#6590=CARTESIAN_POINT('',(-0.0244806161463261,0.0521352352619171,-0.0740270000000019));
#6591=CARTESIAN_POINT('',(-0.0244806161463261,0.0520602352619171,-0.0694729999999977));
#6592=CARTESIAN_POINT('',(-0.0244806161463261,0.0520602352619171,-0.0740270000000019));
#6593=CARTESIAN_POINT('',(-0.0249806161463127,0.0525602352619172,-0.07));
#6594=CARTESIAN_POINT('',(-0.0249275344021456,0.0525602352619171,-0.0699469182477671));
#6595=CARTESIAN_POINT('',(-0.0248510854934284,0.0525642247837805,-0.0698698839634389));
#6596=CARTESIAN_POINT('',(-0.0246964464955788,0.0525053797528429,-0.069716805991376));
#6597=CARTESIAN_POINT('',(-0.0246498558305909,0.0524770844838869,-0.0696689709359543));
#6598=CARTESIAN_POINT('',(-0.0245618538406196,0.0523931126522505,-0.0695813370454124));
#6599=CARTESIAN_POINT('',(-0.0244988703210303,0.0522722270304751,-0.0695181945640318));
#6600=CARTESIAN_POINT('',(-0.0244806161463261,0.0521534092354803,-0.0695));
#6601=CARTESIAN_POINT('',(-0.0244806161463261,0.0520602352619171,-0.0695));
#6602=CARTESIAN_POINT('',(-0.0285046161463261,0.0525602352619171,-0.07));
#6603=CARTESIAN_POINT('',(-0.0244566161463223,0.0525602352619171,-0.07));
#6604=CARTESIAN_POINT('',(-0.0285046161463261,0.0525602352619171,-0.069925));
#6605=CARTESIAN_POINT('',(-0.0244566161463223,0.0525602352619171,-0.069925));
#6606=CARTESIAN_POINT('',(-0.0285046161463261,0.0525602352619171,-0.06985));
#6607=CARTESIAN_POINT('',(-0.0244566161463223,0.0525602352619171,-0.06985));
#6608=CARTESIAN_POINT('',(-0.0285046161463261,0.0525102352619172,-0.0696666666666668));
#6609=CARTESIAN_POINT('',(-0.0244566161463223,0.0525102352619172,-0.0696666666666668));
#6610=CARTESIAN_POINT('',(-0.0285046161463261,0.0523935685952505,-0.06955));
#6611=CARTESIAN_POINT('',(-0.0244566161463223,0.0523935685952505,-0.06955));
#6612=CARTESIAN_POINT('',(-0.0285046161463261,0.0522102352619171,-0.0695));
#6613=CARTESIAN_POINT('',(-0.0244566161463223,0.0522102352619171,-0.0695));
#6614=CARTESIAN_POINT('',(-0.0285046161463261,0.0521352352619171,-0.0695));
#6615=CARTESIAN_POINT('',(-0.0244566161463223,0.0521352352619171,-0.0695));
#6616=CARTESIAN_POINT('',(-0.0285046161463261,0.0520602352619171,-0.0695));
#6617=CARTESIAN_POINT('',(-0.0244566161463223,0.0520602352619171,-0.0695));
#6618=CARTESIAN_POINT('',(-0.0673885314624151,-0.0674794720858335,-0.0735));
#6619=CARTESIAN_POINT('',(-0.0633405314624115,-0.0674794720858335,-0.0735));
#6620=CARTESIAN_POINT('',(-0.0673885314624151,-0.0674794720858335,-0.073575));
#6621=CARTESIAN_POINT('',(-0.0633405314624115,-0.0674794720858335,-0.073575));
#6622=CARTESIAN_POINT('',(-0.0673885314624151,-0.0674794720858335,-0.07365));
#6623=CARTESIAN_POINT('',(-0.0633405314624115,-0.0674794720858335,-0.07365));
#6624=CARTESIAN_POINT('',(-0.0673885314624151,-0.0674294720858335,-0.0738333333333334));
#6625=CARTESIAN_POINT('',(-0.0633405314624115,-0.0674294720858335,-0.0738333333333334));
#6626=CARTESIAN_POINT('',(-0.0673885314624151,-0.0673128054191669,-0.07395));
#6627=CARTESIAN_POINT('',(-0.0633405314624115,-0.0673128054191669,-0.07395));
#6628=CARTESIAN_POINT('',(-0.0673885314624151,-0.0671294720858335,-0.074));
#6629=CARTESIAN_POINT('',(-0.0633405314624115,-0.0671294720858335,-0.074));
#6630=CARTESIAN_POINT('',(-0.0673885314624151,-0.0670544720858336,-0.074));
#6631=CARTESIAN_POINT('',(-0.0633405314624115,-0.0670544720858336,-0.074));
#6632=CARTESIAN_POINT('',(-0.0673885314624151,-0.0669794720858336,-0.074));
#6633=CARTESIAN_POINT('',(-0.0633405314624115,-0.0669794720858336,-0.074));
#6634=CARTESIAN_POINT('',(-0.0633645314624134,-0.0669794720858336,-0.074));
#6635=CARTESIAN_POINT('',(-0.0633645314624134,-0.0670720045649954,-0.074));
#6636=CARTESIAN_POINT('',(-0.0633820546566163,-0.0671892023191104,-0.0739824207715743));
#6637=CARTESIAN_POINT('',(-0.0634448792228346,-0.0673110299911816,-0.07391974562995));
#6638=CARTESIAN_POINT('',(-0.0635322480092195,-0.0673954530392538,-0.0738320178999157));
#6639=CARTESIAN_POINT('',(-0.0635804386853096,-0.0674241354359858,-0.0737850615998459));
#6640=CARTESIAN_POINT('',(-0.063732992284029,-0.0674832732432775,-0.0736309578846362));
#6641=CARTESIAN_POINT('',(-0.0638114585192883,-0.0674794720858335,-0.0735530729436414));
#6642=CARTESIAN_POINT('',(-0.0638645314624134,-0.0674794720858335,-0.0735000000000074));
#6643=CARTESIAN_POINT('',(-0.066864531462421,-0.0674794720858335,-0.0735));
#6644=CARTESIAN_POINT('',(-0.0669176019074608,-0.0674794720858335,-0.0735530704428903));
#6645=CARTESIAN_POINT('',(-0.066996090161119,-0.0674832631251242,-0.0736309760603919));
#6646=CARTESIAN_POINT('',(-0.0671485925383419,-0.0674241522995748,-0.0737850321405031));
#6647=CARTESIAN_POINT('',(-0.0671968323017475,-0.0673954366901798,-0.0738320341549382));
#6648=CARTESIAN_POINT('',(-0.067284145858607,-0.0673110785238883,-0.0739197100692032));
#6649=CARTESIAN_POINT('',(-0.0673470309742415,-0.0671891680453137,-0.0739824421080224));
#6650=CARTESIAN_POINT('',(-0.0673645314624134,-0.0670720303358587,-0.074));
#6651=CARTESIAN_POINT('',(-0.0673645314624134,-0.0669794720858336,-0.074));
#6652=CARTESIAN_POINT('',(-0.0668645314624133,-0.0674794720858336,-0.0694729999999977));
#6653=CARTESIAN_POINT('',(-0.0668645314624133,-0.0674794720858336,-0.0740270000000018));
#6654=CARTESIAN_POINT('',(-0.0669395314624133,-0.0674794720858336,-0.0694729999999977));
#6655=CARTESIAN_POINT('',(-0.0669395314624133,-0.0674794720858336,-0.0740270000000018));
#6656=CARTESIAN_POINT('',(-0.0670145314624134,-0.0674794720858336,-0.0694729999999977));
#6657=CARTESIAN_POINT('',(-0.0670145314624134,-0.0674794720858336,-0.0740270000000018));
#6658=CARTESIAN_POINT('',(-0.0671978647957468,-0.0674294720858336,-0.0694729999999977));
#6659=CARTESIAN_POINT('',(-0.0671978647957468,-0.0674294720858336,-0.0740270000000018));
#6660=CARTESIAN_POINT('',(-0.0673145314624133,-0.067312805419167,-0.0694729999999977));
#6661=CARTESIAN_POINT('',(-0.0673145314624133,-0.067312805419167,-0.0740270000000018));
#6662=CARTESIAN_POINT('',(-0.0673645314624134,-0.0671294720858336,-0.0694729999999977));
#6663=CARTESIAN_POINT('',(-0.0673645314624134,-0.0671294720858336,-0.0740270000000018));
#6664=CARTESIAN_POINT('',(-0.0673645314624134,-0.0670544720858336,-0.0694729999999977));
#6665=CARTESIAN_POINT('',(-0.0673645314624134,-0.0670544720858336,-0.0740270000000018));
#6666=CARTESIAN_POINT('',(-0.0673645314624134,-0.0669794720858336,-0.0694729999999977));
#6667=CARTESIAN_POINT('',(-0.0673645314624134,-0.0669794720858336,-0.0740270000000018));
#6668=CARTESIAN_POINT('',(-0.0668645314624133,-0.0674794720858337,-0.07));
#6669=CARTESIAN_POINT('',(-0.0669176131277327,-0.0674794720858337,-0.0699469183323694));
#6670=CARTESIAN_POINT('',(-0.0669940621332206,-0.0674834616076289,-0.0698698839442437));
#6671=CARTESIAN_POINT('',(-0.0671487011095841,-0.0674246165768763,-0.0697168059951824));
#6672=CARTESIAN_POINT('',(-0.0671952917791147,-0.0673963213077571,-0.0696689709349286));
#6673=CARTESIAN_POINT('',(-0.0672832937678157,-0.0673123494762482,-0.0695813370457261));
#6674=CARTESIAN_POINT('',(-0.0673462772878904,-0.0671914638543419,-0.069518194563845));
#6675=CARTESIAN_POINT('',(-0.0673645314624134,-0.0670726460594184,-0.0695));
#6676=CARTESIAN_POINT('',(-0.0673645314624134,-0.0669794720858336,-0.0695));
#6677=CARTESIAN_POINT('',(-0.0638645314624135,-0.0674794720858336,-0.0740270000000019));
#6678=CARTESIAN_POINT('',(-0.0638645314624135,-0.0674794720858336,-0.0694729999999977));
#6679=CARTESIAN_POINT('',(-0.0637895314624135,-0.0674794720858336,-0.0740270000000019));
#6680=CARTESIAN_POINT('',(-0.0637895314624135,-0.0674794720858336,-0.0694729999999977));
#6681=CARTESIAN_POINT('',(-0.0637145314624134,-0.0674794720858336,-0.0740270000000019));
#6682=CARTESIAN_POINT('',(-0.0637145314624134,-0.0674794720858336,-0.0694729999999977));
#6683=CARTESIAN_POINT('',(-0.0635311981290801,-0.0674294720858336,-0.0740270000000019));
#6684=CARTESIAN_POINT('',(-0.0635311981290801,-0.0674294720858336,-0.0694729999999977));
#6685=CARTESIAN_POINT('',(-0.0634145314624134,-0.067312805419167,-0.0740270000000019));
#6686=CARTESIAN_POINT('',(-0.0634145314624134,-0.067312805419167,-0.0694729999999977));
#6687=CARTESIAN_POINT('',(-0.0633645314624134,-0.0671294720858335,-0.0740270000000019));
#6688=CARTESIAN_POINT('',(-0.0633645314624134,-0.0671294720858335,-0.0694729999999977));
#6689=CARTESIAN_POINT('',(-0.0633645314624134,-0.0670544720858336,-0.0740270000000019));
#6690=CARTESIAN_POINT('',(-0.0633645314624134,-0.0670544720858336,-0.0694729999999977));
#6691=CARTESIAN_POINT('',(-0.0633645314624134,-0.0669794720858336,-0.0740270000000019));
#6692=CARTESIAN_POINT('',(-0.0633645314624134,-0.0669794720858336,-0.0694729999999977));
#6693=CARTESIAN_POINT('',(-0.0633645314624134,-0.0669794720858337,-0.0695));
#6694=CARTESIAN_POINT('',(-0.0633645314624134,-0.0670720045650097,-0.0695));
#6695=CARTESIAN_POINT('',(-0.0633821106907334,-0.0671892023190842,-0.0695175231940919));
#6696=CARTESIAN_POINT('',(-0.063444785832641,-0.0673110299912241,-0.0695803477606078));
#6697=CARTESIAN_POINT('',(-0.0635325135619527,-0.067395453039273,-0.0696677165462088));
#6698=CARTESIAN_POINT('',(-0.0635794698645802,-0.0674241354358744,-0.0697159072251087));
#6699=CARTESIAN_POINT('',(-0.0637335735660247,-0.0674832732433457,-0.0698684608089843));
#6700=CARTESIAN_POINT('',(-0.063811458571522,-0.0674794720858336,-0.0699469271134183));
#6701=CARTESIAN_POINT('',(-0.0638645314624134,-0.0674794720858336,-0.07));
#6702=CARTESIAN_POINT('',(-0.0633405314624133,-0.0674794720858335,-0.07));
#6703=CARTESIAN_POINT('',(-0.0673885314624134,-0.0674794720858335,-0.07));
#6704=CARTESIAN_POINT('',(-0.0633405314624133,-0.0674794720858335,-0.069925));
#6705=CARTESIAN_POINT('',(-0.0673885314624134,-0.0674794720858335,-0.069925));
#6706=CARTESIAN_POINT('',(-0.0633405314624133,-0.0674794720858335,-0.06985));
#6707=CARTESIAN_POINT('',(-0.0673885314624134,-0.0674794720858335,-0.06985));
#6708=CARTESIAN_POINT('',(-0.0633405314624133,-0.0674294720858336,-0.0696666666666667));
#6709=CARTESIAN_POINT('',(-0.0673885314624134,-0.0674294720858336,-0.0696666666666667));
#6710=CARTESIAN_POINT('',(-0.0633405314624133,-0.0673128054191669,-0.06955));
#6711=CARTESIAN_POINT('',(-0.0673885314624134,-0.0673128054191669,-0.06955));
#6712=CARTESIAN_POINT('',(-0.0633405314624133,-0.0671294720858336,-0.0695));
#6713=CARTESIAN_POINT('',(-0.0673885314624134,-0.0671294720858336,-0.0695));
#6714=CARTESIAN_POINT('',(-0.0633405314624133,-0.0670544720858336,-0.0695));
#6715=CARTESIAN_POINT('',(-0.0673885314624134,-0.0670544720858336,-0.0695));
#6716=CARTESIAN_POINT('',(-0.0633405314624133,-0.0669794720858335,-0.0695));
#6717=CARTESIAN_POINT('',(-0.0673885314624134,-0.0669794720858335,-0.0695));
#6718=CARTESIAN_POINT('',(-0.0633405314624133,0.0525205279141664,-0.0735));
#6719=CARTESIAN_POINT('',(-0.0673885314624134,0.0525205279141664,-0.0735));
#6720=CARTESIAN_POINT('',(-0.0633405314624133,0.0525205279141664,-0.073575));
#6721=CARTESIAN_POINT('',(-0.0673885314624134,0.0525205279141664,-0.073575));
#6722=CARTESIAN_POINT('',(-0.0633405314624133,0.0525205279141664,-0.07365));
#6723=CARTESIAN_POINT('',(-0.0673885314624134,0.0525205279141664,-0.07365));
#6724=CARTESIAN_POINT('',(-0.0633405314624133,0.0524705279141664,-0.0738333333333334));
#6725=CARTESIAN_POINT('',(-0.0673885314624134,0.0524705279141664,-0.0738333333333334));
#6726=CARTESIAN_POINT('',(-0.0633405314624133,0.0523538612474998,-0.07395));
#6727=CARTESIAN_POINT('',(-0.0673885314624134,0.0523538612474998,-0.07395));
#6728=CARTESIAN_POINT('',(-0.0633405314624133,0.0521705279141665,-0.074));
#6729=CARTESIAN_POINT('',(-0.0673885314624134,0.0521705279141665,-0.074));
#6730=CARTESIAN_POINT('',(-0.0633405314624133,0.0520955279141665,-0.074));
#6731=CARTESIAN_POINT('',(-0.0673885314624134,0.0520955279141665,-0.074));
#6732=CARTESIAN_POINT('',(-0.0633405314624133,0.0520205279141664,-0.074));
#6733=CARTESIAN_POINT('',(-0.0673885314624134,0.0520205279141664,-0.074));
#6734=CARTESIAN_POINT('',(-0.0638645314624134,0.0525205279141664,-0.0735000000000028));
#6735=CARTESIAN_POINT('',(-0.0638114497450777,0.0525205279141664,-0.073553081711629));
#6736=CARTESIAN_POINT('',(-0.0637344154180021,0.0525245174360409,-0.0736295306602068));
#6737=CARTESIAN_POINT('',(-0.0635813374552521,0.0524656724050765,-0.0737841696494044));
#6738=CARTESIAN_POINT('',(-0.0635335023979665,0.0524373771361226,-0.0738307603161059));
#6739=CARTESIAN_POINT('',(-0.0634458685079811,0.0523534053045803,-0.0739187623055534));
#6740=CARTESIAN_POINT('',(-0.063382726026353,0.0522325196826736,-0.0739817458253866));
#6741=CARTESIAN_POINT('',(-0.0633645314624134,0.0521137018877562,-0.074));
#6742=CARTESIAN_POINT('',(-0.0633645314624134,0.0520205279141665,-0.074));
#6743=CARTESIAN_POINT('',(-0.0673645314624134,0.0520205279141664,-0.074));
#6744=CARTESIAN_POINT('',(-0.0673645314624134,0.0521136761065817,-0.074));
#6745=CARTESIAN_POINT('',(-0.0673463141337902,0.0522325537515686,-0.0739817244758545));
#6746=CARTESIAN_POINT('',(-0.0672832323579843,0.0523533571168136,-0.0739187978881067));
#6747=CARTESIAN_POINT('',(-0.0671955433134091,0.0524373932630483,-0.0738307442619024));
#6748=CARTESIAN_POINT('',(-0.067147756382237,0.052465656085143,-0.0737841982836615));
#6749=CARTESIAN_POINT('',(-0.0669946282507186,0.0525245272280014,-0.0736295127702325));
#6750=CARTESIAN_POINT('',(-0.0669176167222826,0.0525205279141664,-0.0735530852587189));
#6751=CARTESIAN_POINT('',(-0.0668645314624134,0.0525205279141664,-0.0735));
#6752=CARTESIAN_POINT('',(-0.0668645314624134,0.0525205279141665,-0.0740270000000019));
#6753=CARTESIAN_POINT('',(-0.0668645314624134,0.0525205279141665,-0.0694729999999977));
#6754=CARTESIAN_POINT('',(-0.0669395314624135,0.0525205279141665,-0.0740270000000019));
#6755=CARTESIAN_POINT('',(-0.0669395314624135,0.0525205279141665,-0.0694729999999977));
#6756=CARTESIAN_POINT('',(-0.0670145314624135,0.0525205279141665,-0.0740270000000019));
#6757=CARTESIAN_POINT('',(-0.0670145314624135,0.0525205279141665,-0.0694729999999977));
#6758=CARTESIAN_POINT('',(-0.0671978647957467,0.0524705279141665,-0.0740270000000019));
#6759=CARTESIAN_POINT('',(-0.0671978647957467,0.0524705279141665,-0.0694729999999977));
#6760=CARTESIAN_POINT('',(-0.0673145314624134,0.0523538612474998,-0.0740270000000019));
#6761=CARTESIAN_POINT('',(-0.0673145314624134,0.0523538612474998,-0.0694729999999977));
#6762=CARTESIAN_POINT('',(-0.0673645314624135,0.0521705279141665,-0.0740270000000019));
#6763=CARTESIAN_POINT('',(-0.0673645314624135,0.0521705279141665,-0.0694729999999977));
#6764=CARTESIAN_POINT('',(-0.0673645314624134,0.0520955279141665,-0.0740270000000019));
#6765=CARTESIAN_POINT('',(-0.0673645314624134,0.0520955279141665,-0.0694729999999977));
#6766=CARTESIAN_POINT('',(-0.0673645314624134,0.0520205279141665,-0.0740270000000019));
#6767=CARTESIAN_POINT('',(-0.0673645314624134,0.0520205279141665,-0.0694729999999977));
#6768=CARTESIAN_POINT('',(-0.0673645314624134,0.0520205279141665,-0.0695));
#6769=CARTESIAN_POINT('',(-0.0673645314624134,0.052113060393397,-0.0695));
#6770=CARTESIAN_POINT('',(-0.0673469522340418,0.0522302581474026,-0.0695175231941294));
#6771=CARTESIAN_POINT('',(-0.0672842770922734,0.0523520858195595,-0.0695803477605439));
#6772=CARTESIAN_POINT('',(-0.0671965493625148,0.0524365088676417,-0.0696677165465748));
#6773=CARTESIAN_POINT('',(-0.0671495930616065,0.0524651912640537,-0.0697159072236982));
#6774=CARTESIAN_POINT('',(-0.0669954893530365,0.0525243290717695,-0.0698684608151454));
#6775=CARTESIAN_POINT('',(-0.0669176043780794,0.0525205279141665,-0.0699469270868184));
#6776=CARTESIAN_POINT('',(-0.0668645314624211,0.0525205279141665,-0.07));
#6777=CARTESIAN_POINT('',(-0.0638645314624134,0.0525205279141665,-0.0694729999999977));
#6778=CARTESIAN_POINT('',(-0.0638645314624134,0.0525205279141665,-0.0740270000000019));
#6779=CARTESIAN_POINT('',(-0.0637895314624134,0.0525205279141665,-0.0694729999999977));
#6780=CARTESIAN_POINT('',(-0.0637895314624134,0.0525205279141665,-0.0740270000000019));
#6781=CARTESIAN_POINT('',(-0.0637145314624134,0.0525205279141665,-0.0694729999999977));
#6782=CARTESIAN_POINT('',(-0.0637145314624134,0.0525205279141665,-0.0740270000000019));
#6783=CARTESIAN_POINT('',(-0.0635311981290801,0.0524705279141664,-0.0694729999999977));
#6784=CARTESIAN_POINT('',(-0.0635311981290801,0.0524705279141664,-0.0740270000000019));
#6785=CARTESIAN_POINT('',(-0.0634145314624134,0.0523538612474998,-0.0694729999999977));
#6786=CARTESIAN_POINT('',(-0.0634145314624134,0.0523538612474998,-0.0740270000000019));
#6787=CARTESIAN_POINT('',(-0.0633645314624134,0.0521705279141665,-0.0694729999999977));
#6788=CARTESIAN_POINT('',(-0.0633645314624134,0.0521705279141665,-0.0740270000000019));
#6789=CARTESIAN_POINT('',(-0.0633645314624134,0.0520955279141665,-0.0694729999999977));
#6790=CARTESIAN_POINT('',(-0.0633645314624134,0.0520955279141665,-0.0740270000000019));
#6791=CARTESIAN_POINT('',(-0.0633645314624134,0.0520205279141665,-0.0694729999999977));
#6792=CARTESIAN_POINT('',(-0.0633645314624134,0.0520205279141665,-0.0740270000000019));
#6793=CARTESIAN_POINT('',(-0.0638645314624103,0.0525205279141665,-0.07));
#6794=CARTESIAN_POINT('',(-0.0638114498453772,0.0525205279141665,-0.0699469183841751));
#6795=CARTESIAN_POINT('',(-0.0637350007806489,0.0525245174359273,-0.0698698839325011));
#6796=CARTESIAN_POINT('',(-0.0635803618174076,0.0524656724052659,-0.0697168059974809));
#6797=CARTESIAN_POINT('',(-0.0635337711451328,0.0524373771360751,-0.0696689709343127));
#6798=CARTESIAN_POINT('',(-0.0634457691571605,0.0523534053045808,-0.0695813370458867));
#6799=CARTESIAN_POINT('',(-0.0633827856368466,0.052232519682674,-0.0695181945637483));
#6800=CARTESIAN_POINT('',(-0.0633645314624134,0.0521137018877526,-0.0695));
#6801=CARTESIAN_POINT('',(-0.0633645314624134,0.0520205279141665,-0.0695));
#6802=CARTESIAN_POINT('',(-0.0673885314624151,0.0525205279141665,-0.07));
#6803=CARTESIAN_POINT('',(-0.0633405314624116,0.0525205279141665,-0.07));
#6804=CARTESIAN_POINT('',(-0.0673885314624151,0.0525205279141665,-0.069925));
#6805=CARTESIAN_POINT('',(-0.0633405314624116,0.0525205279141665,-0.069925));
#6806=CARTESIAN_POINT('',(-0.0673885314624151,0.0525205279141664,-0.06985));
#6807=CARTESIAN_POINT('',(-0.0633405314624116,0.0525205279141664,-0.06985));
#6808=CARTESIAN_POINT('',(-0.0673885314624151,0.0524705279141664,-0.0696666666666667));
#6809=CARTESIAN_POINT('',(-0.0633405314624116,0.0524705279141664,-0.0696666666666667));
#6810=CARTESIAN_POINT('',(-0.0673885314624151,0.0523538612474998,-0.06955));
#6811=CARTESIAN_POINT('',(-0.0633405314624116,0.0523538612474998,-0.06955));
#6812=CARTESIAN_POINT('',(-0.0673885314624151,0.0521705279141664,-0.0695));
#6813=CARTESIAN_POINT('',(-0.0633405314624116,0.0521705279141664,-0.0695));
#6814=CARTESIAN_POINT('',(-0.0673885314624151,0.0520955279141664,-0.0695));
#6815=CARTESIAN_POINT('',(-0.0633405314624116,0.0520955279141664,-0.0695));
#6816=CARTESIAN_POINT('',(-0.0673885314624151,0.0520205279141665,-0.0695));
#6817=CARTESIAN_POINT('',(-0.0633405314624116,0.0520205279141665,-0.0695));
#6818=CARTESIAN_POINT('',(-0.0285046161463261,-0.0674397647380829,0.0005));
#6819=CARTESIAN_POINT('',(-0.0244566161463261,-0.0674397647380829,0.0005));
#6820=CARTESIAN_POINT('',(-0.0285046161463261,-0.0674397647380829,0.000425));
#6821=CARTESIAN_POINT('',(-0.0244566161463261,-0.0674397647380829,0.000425));
#6822=CARTESIAN_POINT('',(-0.0285046161463261,-0.0674397647380829,0.00035));
#6823=CARTESIAN_POINT('',(-0.0244566161463261,-0.0674397647380829,0.00035));
#6824=CARTESIAN_POINT('',(-0.0285046161463261,-0.0673897647380829,0.000166666666666645));
#6825=CARTESIAN_POINT('',(-0.0244566161463261,-0.0673897647380829,0.000166666666666645));
#6826=CARTESIAN_POINT('',(-0.0285046161463261,-0.0672730980714163,4.99999999999925E-5));
#6827=CARTESIAN_POINT('',(-0.0244566161463261,-0.0672730980714163,4.99999999999925E-5));
#6828=CARTESIAN_POINT('',(-0.0285046161463261,-0.0670897647380829,-4.51791382083436E-18));
#6829=CARTESIAN_POINT('',(-0.0244566161463261,-0.0670897647380829,-4.51791382083436E-18));
#6830=CARTESIAN_POINT('',(-0.0285046161463261,-0.0670147647380829,4.336808689942E-19));
#6831=CARTESIAN_POINT('',(-0.0244566161463261,-0.0670147647380829,4.336808689942E-19));
#6832=CARTESIAN_POINT('',(-0.0285046161463261,-0.0669397647380829,4.33680868994202E-19));
#6833=CARTESIAN_POINT('',(-0.0244566161463261,-0.0669397647380829,4.33680868994202E-19));
#6834=CARTESIAN_POINT('',(-0.0244806161463261,-0.0669397647380829,4.33680868994202E-19));
#6835=CARTESIAN_POINT('',(-0.0244806161463261,-0.0670322972173112,4.3368086900146E-19));
#6836=CARTESIAN_POINT('',(-0.0244981393404702,-0.0671494949713185,1.75792283838591E-5));
#6837=CARTESIAN_POINT('',(-0.0245609639068467,-0.067271322643481,8.02543701210578E-5));
#6838=CARTESIAN_POINT('',(-0.0246483326929885,-0.0673557456915433,0.00016798209997418));
#6839=CARTESIAN_POINT('',(-0.0246965233697076,-0.0673844280880325,0.000214938400533552));
#6840=CARTESIAN_POINT('',(-0.024849076963673,-0.0674435658956498,0.000369042111418842));
#6841=CARTESIAN_POINT('',(-0.0249275432231126,-0.0674397647380829,0.000446927074970271));
#6842=CARTESIAN_POINT('',(-0.0249806161463261,-0.0674397647380829,0.0005));
#6843=CARTESIAN_POINT('',(-0.027980616146326,-0.0674397647380829,0.0005));
#6844=CARTESIAN_POINT('',(-0.0280336865318865,-0.0674397647380829,0.000446929612602981));
#6845=CARTESIAN_POINT('',(-0.0281121748583928,-0.0674435557774066,0.000369023927177684));
#6846=CARTESIAN_POINT('',(-0.0282646772197886,-0.0673844449517753,0.000214967861741546));
#6847=CARTESIAN_POINT('',(-0.0283129169863326,-0.0673557293424099,0.00016796584444146));
#6848=CARTESIAN_POINT('',(-0.0284002305422652,-0.0672713711762874,8.02899310645918E-5));
#6849=CARTESIAN_POINT('',(-0.0284631156583043,-0.0671494606974758,1.7557891819466E-5));
#6850=CARTESIAN_POINT('',(-0.0284806161463261,-0.0670323229881276,4.33680868996482E-19));
#6851=CARTESIAN_POINT('',(-0.0284806161463261,-0.0669397647380829,4.33680868994202E-19));
#6852=CARTESIAN_POINT('',(-0.0279806161463261,-0.0674397647380829,0.00452700000000027));
#6853=CARTESIAN_POINT('',(-0.0279806161463261,-0.0674397647380829,-2.70000000000027E-5));
#6854=CARTESIAN_POINT('',(-0.0280556161463261,-0.0674397647380829,0.00452700000000027));
#6855=CARTESIAN_POINT('',(-0.0280556161463261,-0.0674397647380829,-2.70000000000027E-5));
#6856=CARTESIAN_POINT('',(-0.0281306161463261,-0.067439764738083,0.00452700000000027));
#6857=CARTESIAN_POINT('',(-0.0281306161463261,-0.067439764738083,-2.70000000000018E-5));
#6858=CARTESIAN_POINT('',(-0.0283139494796594,-0.067389764738083,0.00452700000000027));
#6859=CARTESIAN_POINT('',(-0.0283139494796594,-0.067389764738083,-2.70000000000018E-5));
#6860=CARTESIAN_POINT('',(-0.0284306161463261,-0.0672730980714162,0.00452700000000027));
#6861=CARTESIAN_POINT('',(-0.0284306161463261,-0.0672730980714162,-2.70000000000018E-5));
#6862=CARTESIAN_POINT('',(-0.0284806161463261,-0.067089764738083,0.00452700000000027));
#6863=CARTESIAN_POINT('',(-0.0284806161463261,-0.067089764738083,-2.70000000000018E-5));
#6864=CARTESIAN_POINT('',(-0.0284806161463261,-0.067014764738083,0.00452700000000027));
#6865=CARTESIAN_POINT('',(-0.0284806161463261,-0.067014764738083,-2.70000000000018E-5));
#6866=CARTESIAN_POINT('',(-0.0284806161463261,-0.0669397647380829,0.00452700000000027));
#6867=CARTESIAN_POINT('',(-0.0284806161463261,-0.0669397647380829,-2.70000000000018E-5));
#6868=CARTESIAN_POINT('',(-0.027980616146326,-0.067439764738083,0.004));
#6869=CARTESIAN_POINT('',(-0.0280336978115353,-0.067439764738083,0.00405308166751469));
#6870=CARTESIAN_POINT('',(-0.0281101468170348,-0.0674437542599431,0.00413011605565478));
#6871=CARTESIAN_POINT('',(-0.0282647857936972,-0.0673849092290175,0.00428319400502594));
#6872=CARTESIAN_POINT('',(-0.0283113764629493,-0.0673566139600686,0.00433102906499832));
#6873=CARTESIAN_POINT('',(-0.0283993784518394,-0.0672726421283566,0.00441866295435838));
#6874=CARTESIAN_POINT('',(-0.0284623619717363,-0.0671517565066787,0.00448180543610439));
#6875=CARTESIAN_POINT('',(-0.0284806161463261,-0.0670329387116536,0.0045));
#6876=CARTESIAN_POINT('',(-0.0284806161463261,-0.0669397647380829,0.0045));
#6877=CARTESIAN_POINT('',(-0.0249806161463261,-0.0674397647380829,-2.70000000000014E-5));
#6878=CARTESIAN_POINT('',(-0.0249806161463261,-0.0674397647380829,0.00452700000000027));
#6879=CARTESIAN_POINT('',(-0.0249056161463261,-0.0674397647380829,-2.70000000000014E-5));
#6880=CARTESIAN_POINT('',(-0.0249056161463261,-0.0674397647380829,0.00452700000000027));
#6881=CARTESIAN_POINT('',(-0.0248306161463261,-0.0674397647380829,-2.70000000000014E-5));
#6882=CARTESIAN_POINT('',(-0.0248306161463261,-0.0674397647380829,0.00452700000000027));
#6883=CARTESIAN_POINT('',(-0.0246472828129927,-0.067389764738083,-2.70000000000014E-5));
#6884=CARTESIAN_POINT('',(-0.0246472828129927,-0.067389764738083,0.00452700000000027));
#6885=CARTESIAN_POINT('',(-0.0245306161463261,-0.0672730980714163,-2.70000000000014E-5));
#6886=CARTESIAN_POINT('',(-0.0245306161463261,-0.0672730980714163,0.00452700000000027));
#6887=CARTESIAN_POINT('',(-0.0244806161463261,-0.067089764738083,-2.70000000000014E-5));
#6888=CARTESIAN_POINT('',(-0.0244806161463261,-0.067089764738083,0.00452700000000027));
#6889=CARTESIAN_POINT('',(-0.0244806161463261,-0.0670147647380829,-2.70000000000014E-5));
#6890=CARTESIAN_POINT('',(-0.0244806161463261,-0.0670147647380829,0.00452700000000027));
#6891=CARTESIAN_POINT('',(-0.0244806161463261,-0.0669397647380829,-2.70000000000014E-5));
#6892=CARTESIAN_POINT('',(-0.0244806161463261,-0.0669397647380829,0.00452700000000027));
#6893=CARTESIAN_POINT('',(-0.0244806161463261,-0.0669397647380829,0.0045));
#6894=CARTESIAN_POINT('',(-0.0244806161463261,-0.067032297217284,0.0045));
#6895=CARTESIAN_POINT('',(-0.0244981953749864,-0.0671494949713362,0.00448247680555353));
#6896=CARTESIAN_POINT('',(-0.0245608705159863,-0.0672713226434606,0.00441965223998324));
#6897=CARTESIAN_POINT('',(-0.0246485982479853,-0.0673557456915255,0.00433228345151899));
#6898=CARTESIAN_POINT('',(-0.0246955545405803,-0.0673844280881238,0.00428409278338939));
#6899=CARTESIAN_POINT('',(-0.0248496582919576,-0.0674435658955949,0.00413153914593872));
#6900=CARTESIAN_POINT('',(-0.0249275430690703,-0.0674397647380829,0.00405307308647253));
#6901=CARTESIAN_POINT('',(-0.024980616146326,-0.0674397647380829,0.004));
#6902=CARTESIAN_POINT('',(-0.024456616146326,-0.0674397647380829,0.004));
#6903=CARTESIAN_POINT('',(-0.0285046161463261,-0.0674397647380829,0.004));
#6904=CARTESIAN_POINT('',(-0.024456616146326,-0.0674397647380829,0.004075));
#6905=CARTESIAN_POINT('',(-0.0285046161463261,-0.0674397647380829,0.004075));
#6906=CARTESIAN_POINT('',(-0.024456616146326,-0.0674397647380829,0.00415));
#6907=CARTESIAN_POINT('',(-0.0285046161463261,-0.0674397647380829,0.00415));
#6908=CARTESIAN_POINT('',(-0.024456616146326,-0.0673897647380829,0.00433333333333335));
#6909=CARTESIAN_POINT('',(-0.0285046161463261,-0.0673897647380829,0.00433333333333335));
#6910=CARTESIAN_POINT('',(-0.024456616146326,-0.0672730980714162,0.00445000000000001));
#6911=CARTESIAN_POINT('',(-0.0285046161463261,-0.0672730980714162,0.00445000000000001));
#6912=CARTESIAN_POINT('',(-0.024456616146326,-0.0670897647380829,0.0045));
#6913=CARTESIAN_POINT('',(-0.0285046161463261,-0.0670897647380829,0.0045));
#6914=CARTESIAN_POINT('',(-0.024456616146326,-0.0670147647380829,0.0045));
#6915=CARTESIAN_POINT('',(-0.0285046161463261,-0.0670147647380829,0.0045));
#6916=CARTESIAN_POINT('',(-0.024456616146326,-0.0669397647380829,0.0045));
#6917=CARTESIAN_POINT('',(-0.0285046161463261,-0.0669397647380829,0.0045));
#6918=CARTESIAN_POINT('',(-0.024456616146326,0.0525602352619171,0.0005));
#6919=CARTESIAN_POINT('',(-0.0285046161463261,0.0525602352619171,0.0005));
#6920=CARTESIAN_POINT('',(-0.024456616146326,0.0525602352619171,0.000425));
#6921=CARTESIAN_POINT('',(-0.0285046161463261,0.0525602352619171,0.000425));
#6922=CARTESIAN_POINT('',(-0.024456616146326,0.0525602352619171,0.00035));
#6923=CARTESIAN_POINT('',(-0.0285046161463261,0.0525602352619171,0.00035));
#6924=CARTESIAN_POINT('',(-0.024456616146326,0.0525102352619171,0.000166666666666671));
#6925=CARTESIAN_POINT('',(-0.0285046161463261,0.0525102352619171,0.000166666666666671));
#6926=CARTESIAN_POINT('',(-0.024456616146326,0.0523935685952504,5.00000000000012E-5));
#6927=CARTESIAN_POINT('',(-0.0285046161463261,0.0523935685952504,5.00000000000012E-5));
#6928=CARTESIAN_POINT('',(-0.024456616146326,0.0522102352619171,9.21485110438865E-19));
#6929=CARTESIAN_POINT('',(-0.0285046161463261,0.0522102352619171,9.21485110438865E-19));
#6930=CARTESIAN_POINT('',(-0.024456616146326,0.0521352352619171,3.4259643080129E-33));
#6931=CARTESIAN_POINT('',(-0.0285046161463261,0.0521352352619171,3.4259643080129E-33));
#6932=CARTESIAN_POINT('',(-0.024456616146326,0.0520602352619171,1.26279003949157E-46));
#6933=CARTESIAN_POINT('',(-0.0285046161463261,0.0520602352619171,1.26279003949157E-46));
#6934=CARTESIAN_POINT('',(-0.0249806161463261,0.0525602352619171,0.0005));
#6935=CARTESIAN_POINT('',(-0.0249275345127696,0.0525602352619171,0.000446918366443413));
#6936=CARTESIAN_POINT('',(-0.0248505000829898,0.052564224783763,0.000370469322125542));
#6937=CARTESIAN_POINT('',(-0.024697422142783,0.0525053797528756,0.000215830354021066));
#6938=CARTESIAN_POINT('',(-0.0246495870809301,0.0524770844838962,0.000169239683004031));
#6939=CARTESIAN_POINT('',(-0.0245619531920754,0.0523931126521933,8.12376945851527E-5));
#6940=CARTESIAN_POINT('',(-0.0244988107101571,0.0522722270305103,1.82541745306407E-5));
#6941=CARTESIAN_POINT('',(-0.0244806161463261,0.0521534092354932,3.12704178053807E-30));
#6942=CARTESIAN_POINT('',(-0.0244806161463261,0.0520602352619171,5.44550886946839E-43));
#6943=CARTESIAN_POINT('',(-0.0284806161463261,0.0520602352619171,5.44550886946839E-43));
#6944=CARTESIAN_POINT('',(-0.0284806161463261,0.0521533834543346,3.12617653075981E-30));
#6945=CARTESIAN_POINT('',(-0.028462398817648,0.0522722610992972,1.82755241917533E-5));
#6946=CARTESIAN_POINT('',(-0.0283993170419885,0.0523930644646003,8.12021118161975E-5));
#6947=CARTESIAN_POINT('',(-0.0283116279968979,0.0524771006108163,0.000169255738503088));
#6948=CARTESIAN_POINT('',(-0.0282638410677538,0.0525053634327884,0.000215801714793931));
#6949=CARTESIAN_POINT('',(-0.0281107129269461,0.0525642345758152,0.000370487236955204));
#6950=CARTESIAN_POINT('',(-0.0280337014398083,0.0525602352619171,0.000446914709975218));
#6951=CARTESIAN_POINT('',(-0.0279806161463261,0.0525602352619171,0.0005));
#6952=CARTESIAN_POINT('',(-0.0279806161463261,0.0525602352619172,-2.70000000000014E-5));
#6953=CARTESIAN_POINT('',(-0.0279806161463261,0.0525602352619172,0.00452700000000028));
#6954=CARTESIAN_POINT('',(-0.0280556161463261,0.0525602352619172,-2.70000000000014E-5));
#6955=CARTESIAN_POINT('',(-0.0280556161463261,0.0525602352619172,0.00452700000000028));
#6956=CARTESIAN_POINT('',(-0.0281306161463261,0.0525602352619172,-2.70000000000014E-5));
#6957=CARTESIAN_POINT('',(-0.0281306161463261,0.0525602352619172,0.00452700000000028));
#6958=CARTESIAN_POINT('',(-0.0283139494796595,0.0525102352619171,-2.70000000000014E-5));
#6959=CARTESIAN_POINT('',(-0.0283139494796595,0.0525102352619171,0.00452700000000028));
#6960=CARTESIAN_POINT('',(-0.0284306161463261,0.0523935685952504,-2.70000000000014E-5));
#6961=CARTESIAN_POINT('',(-0.0284306161463261,0.0523935685952504,0.00452700000000028));
#6962=CARTESIAN_POINT('',(-0.0284806161463261,0.0522102352619171,-2.70000000000014E-5));
#6963=CARTESIAN_POINT('',(-0.0284806161463261,0.0522102352619171,0.00452700000000028));
#6964=CARTESIAN_POINT('',(-0.0284806161463261,0.0521352352619172,-2.70000000000014E-5));
#6965=CARTESIAN_POINT('',(-0.0284806161463261,0.0521352352619172,0.00452700000000028));
#6966=CARTESIAN_POINT('',(-0.0284806161463261,0.0520602352619172,-2.70000000000014E-5));
#6967=CARTESIAN_POINT('',(-0.0284806161463261,0.0520602352619172,0.00452700000000028));
#6968=CARTESIAN_POINT('',(-0.0284806161463261,0.0520602352619171,0.0045));
#6969=CARTESIAN_POINT('',(-0.0284806161463261,0.0521527677411205,0.0045));
#6970=CARTESIAN_POINT('',(-0.0284630369177621,0.0522699654952083,0.00448247680566849));
#6971=CARTESIAN_POINT('',(-0.0284003617765022,0.0523917931672384,0.00441965223978874));
#6972=CARTESIAN_POINT('',(-0.028312634045406,0.0524762162154106,0.00433228345232597));
#6973=CARTESIAN_POINT('',(-0.0282656777492577,0.0525048986118273,0.00428409278033501));
#6974=CARTESIAN_POINT('',(-0.028111574016838,0.0525640364195103,0.00413153916327175));
#6975=CARTESIAN_POINT('',(-0.0280336891512533,0.0525602352619173,0.00405307300891892));
#6976=CARTESIAN_POINT('',(-0.0279806161463105,0.0525602352619172,0.004));
#6977=CARTESIAN_POINT('',(-0.0249806161463261,0.0525602352619171,0.00452700000000027));
#6978=CARTESIAN_POINT('',(-0.0249806161463261,0.0525602352619171,-2.7000000000001E-5));
#6979=CARTESIAN_POINT('',(-0.0249056161463261,0.0525602352619171,0.00452700000000027));
#6980=CARTESIAN_POINT('',(-0.0249056161463261,0.0525602352619171,-2.7000000000001E-5));
#6981=CARTESIAN_POINT('',(-0.0248306161463261,0.0525602352619171,0.00452700000000027));
#6982=CARTESIAN_POINT('',(-0.0248306161463261,0.0525602352619171,-2.7000000000001E-5));
#6983=CARTESIAN_POINT('',(-0.0246472828129927,0.0525102352619171,0.00452700000000027));
#6984=CARTESIAN_POINT('',(-0.0246472828129927,0.0525102352619171,-2.7000000000001E-5));
#6985=CARTESIAN_POINT('',(-0.0245306161463261,0.0523935685952505,0.00452700000000027));
#6986=CARTESIAN_POINT('',(-0.0245306161463261,0.0523935685952505,-2.7000000000001E-5));
#6987=CARTESIAN_POINT('',(-0.0244806161463261,0.0522102352619171,0.00452700000000027));
#6988=CARTESIAN_POINT('',(-0.0244806161463261,0.0522102352619171,-2.7000000000001E-5));
#6989=CARTESIAN_POINT('',(-0.0244806161463261,0.0521352352619171,0.00452700000000027));
#6990=CARTESIAN_POINT('',(-0.0244806161463261,0.0521352352619171,-2.7000000000001E-5));
#6991=CARTESIAN_POINT('',(-0.0244806161463261,0.0520602352619171,0.00452700000000027));
#6992=CARTESIAN_POINT('',(-0.0244806161463261,0.0520602352619171,-2.7000000000001E-5));
#6993=CARTESIAN_POINT('',(-0.0249806161463127,0.0525602352619171,0.004));
#6994=CARTESIAN_POINT('',(-0.0249275344494939,0.0525602352619171,0.00405308170142802));
#6995=CARTESIAN_POINT('',(-0.0248510854828358,0.0525642247838264,0.00413011604791345));
#6996=CARTESIAN_POINT('',(-0.0246964464974505,0.0525053797527663,0.00428319400663846));
#6997=CARTESIAN_POINT('',(-0.0246498558301207,0.0524770844839493,0.00433102906455889));
#6998=CARTESIAN_POINT('',(-0.0245618538406285,0.0523931126520773,0.00441866295452058));
#6999=CARTESIAN_POINT('',(-0.024498870321025,0.052272227030577,0.00448180543600846));
#7000=CARTESIAN_POINT('',(-0.0244806161463261,0.0521534092354904,0.0045));
#7001=CARTESIAN_POINT('',(-0.0244806161463261,0.0520602352619171,0.0045));
#7002=CARTESIAN_POINT('',(-0.0285046161463261,0.0525602352619171,0.004));
#7003=CARTESIAN_POINT('',(-0.0244566161463223,0.0525602352619171,0.004));
#7004=CARTESIAN_POINT('',(-0.0285046161463261,0.0525602352619171,0.004075));
#7005=CARTESIAN_POINT('',(-0.0244566161463223,0.0525602352619171,0.004075));
#7006=CARTESIAN_POINT('',(-0.0285046161463261,0.0525602352619171,0.00415));
#7007=CARTESIAN_POINT('',(-0.0244566161463223,0.0525602352619171,0.00415));
#7008=CARTESIAN_POINT('',(-0.0285046161463261,0.0525102352619171,0.00433333333333334));
#7009=CARTESIAN_POINT('',(-0.0244566161463223,0.0525102352619171,0.00433333333333334));
#7010=CARTESIAN_POINT('',(-0.0285046161463261,0.0523935685952505,0.00445000000000001));
#7011=CARTESIAN_POINT('',(-0.0244566161463223,0.0523935685952505,0.00445000000000001));
#7012=CARTESIAN_POINT('',(-0.0285046161463261,0.0522102352619171,0.0045));
#7013=CARTESIAN_POINT('',(-0.0244566161463223,0.0522102352619171,0.0045));
#7014=CARTESIAN_POINT('',(-0.0285046161463261,0.0521352352619171,0.0045));
#7015=CARTESIAN_POINT('',(-0.0244566161463223,0.0521352352619171,0.0045));
#7016=CARTESIAN_POINT('',(-0.0285046161463261,0.0520602352619171,0.0045));
#7017=CARTESIAN_POINT('',(-0.0244566161463223,0.0520602352619171,0.0045));
#7018=CARTESIAN_POINT('',(-0.0673885314624151,-0.0674794720858335,0.0005));
#7019=CARTESIAN_POINT('',(-0.0633405314624116,-0.0674794720858335,0.0005));
#7020=CARTESIAN_POINT('',(-0.0673885314624151,-0.0674794720858335,0.000425));
#7021=CARTESIAN_POINT('',(-0.0633405314624116,-0.0674794720858335,0.000425));
#7022=CARTESIAN_POINT('',(-0.0673885314624151,-0.0674794720858335,0.00035));
#7023=CARTESIAN_POINT('',(-0.0633405314624116,-0.0674794720858335,0.00035));
#7024=CARTESIAN_POINT('',(-0.0673885314624151,-0.0674294720858336,0.000166666666666643));
#7025=CARTESIAN_POINT('',(-0.0633405314624116,-0.0674294720858336,0.000166666666666643));
#7026=CARTESIAN_POINT('',(-0.0673885314624151,-0.0673128054191668,4.99999999999911E-5));
#7027=CARTESIAN_POINT('',(-0.0633405314624116,-0.0673128054191668,4.99999999999911E-5));
#7028=CARTESIAN_POINT('',(-0.0673885314624151,-0.0671294720858335,-5.11743425413199E-18));
#7029=CARTESIAN_POINT('',(-0.0633405314624116,-0.0671294720858335,-5.11743425413199E-18));
#7030=CARTESIAN_POINT('',(-0.0673885314624151,-0.0670544720858336,4.33680868994202E-19));
#7031=CARTESIAN_POINT('',(-0.0633405314624116,-0.0670544720858336,4.33680868994202E-19));
#7032=CARTESIAN_POINT('',(-0.0673885314624151,-0.0669794720858336,4.33680868994202E-19));
#7033=CARTESIAN_POINT('',(-0.0633405314624116,-0.0669794720858336,4.33680868994202E-19));
#7034=CARTESIAN_POINT('',(-0.0633645314624134,-0.0669794720858336,4.33680868994202E-19));
#7035=CARTESIAN_POINT('',(-0.0633645314624134,-0.0670720045650406,4.33680868995034E-19));
#7036=CARTESIAN_POINT('',(-0.0633820546567366,-0.0671892023190995,1.75792285515708E-5));
#7037=CARTESIAN_POINT('',(-0.0634448792226356,-0.0673110299911882,8.0254369841638E-5));
#7038=CARTESIAN_POINT('',(-0.0635322480101031,-0.0673954530393157,0.000167982100934868));
#7039=CARTESIAN_POINT('',(-0.0635804386819842,-0.0674241354357392,0.000214938396970505));
#7040=CARTESIAN_POINT('',(-0.0637329922996245,-0.0674832732434267,0.000369042129943185));
#7041=CARTESIAN_POINT('',(-0.0638114584513105,-0.0674794720858335,0.000446926993038122));
#7042=CARTESIAN_POINT('',(-0.0638645314624134,-0.0674794720858335,0.0005));
#7043=CARTESIAN_POINT('',(-0.0668645314624134,-0.0674794720858335,0.0005));
#7044=CARTESIAN_POINT('',(-0.0669176018344489,-0.0674794720858335,0.00044692962519121));
#7045=CARTESIAN_POINT('',(-0.06699609017761,-0.067483263125113,0.000369023924244153));
#7046=CARTESIAN_POINT('',(-0.0671485925351885,-0.0674241522995947,0.000214967862415029));
#7047=CARTESIAN_POINT('',(-0.0671968323026109,-0.0673954366901406,0.000167965844257457));
#7048=CARTESIAN_POINT('',(-0.0672841458583002,-0.067311078524031,8.02899311032988E-5));
#7049=CARTESIAN_POINT('',(-0.0673470309744251,-0.0671891680452222,1.75578917942793E-5));
#7050=CARTESIAN_POINT('',(-0.0673645314624134,-0.0670720303358956,4.33680868994202E-19));
#7051=CARTESIAN_POINT('',(-0.0673645314624134,-0.0669794720858336,4.33680868994202E-19));
#7052=CARTESIAN_POINT('',(-0.0668645314624134,-0.0674794720858335,0.00452700000000027));
#7053=CARTESIAN_POINT('',(-0.0668645314624134,-0.0674794720858335,-2.70000000000018E-5));
#7054=CARTESIAN_POINT('',(-0.0669395314624134,-0.0674794720858335,0.00452700000000027));
#7055=CARTESIAN_POINT('',(-0.0669395314624134,-0.0674794720858335,-2.70000000000018E-5));
#7056=CARTESIAN_POINT('',(-0.0670145314624133,-0.0674794720858335,0.00452700000000027));
#7057=CARTESIAN_POINT('',(-0.0670145314624133,-0.0674794720858335,-2.70000000000018E-5));
#7058=CARTESIAN_POINT('',(-0.0671978647957468,-0.0674294720858336,0.00452700000000027));
#7059=CARTESIAN_POINT('',(-0.0671978647957468,-0.0674294720858336,-2.70000000000018E-5));
#7060=CARTESIAN_POINT('',(-0.0673145314624134,-0.067312805419167,0.00452700000000027));
#7061=CARTESIAN_POINT('',(-0.0673145314624134,-0.067312805419167,-2.70000000000018E-5));
#7062=CARTESIAN_POINT('',(-0.0673645314624134,-0.0671294720858336,0.00452700000000027));
#7063=CARTESIAN_POINT('',(-0.0673645314624134,-0.0671294720858336,-2.70000000000018E-5));
#7064=CARTESIAN_POINT('',(-0.0673645314624134,-0.0670544720858336,0.00452700000000027));
#7065=CARTESIAN_POINT('',(-0.0673645314624134,-0.0670544720858336,-2.70000000000018E-5));
#7066=CARTESIAN_POINT('',(-0.0673645314624134,-0.0669794720858336,0.00452700000000027));
#7067=CARTESIAN_POINT('',(-0.0673645314624134,-0.0669794720858336,-2.70000000000018E-5));
#7068=CARTESIAN_POINT('',(-0.0668645314624133,-0.0674794720858335,0.004));
#7069=CARTESIAN_POINT('',(-0.0669176130958994,-0.0674794720858335,0.00405308163349269));
#7070=CARTESIAN_POINT('',(-0.0669940621402752,-0.0674834616076936,0.00413011606333062));
#7071=CARTESIAN_POINT('',(-0.0671487011084373,-0.0674246165767683,0.00428319400357309));
#7072=CARTESIAN_POINT('',(-0.0671952917793977,-0.0673963213078188,0.00433102906538378));
#7073=CARTESIAN_POINT('',(-0.0672832937678299,-0.067312349476109,0.00441866295426896));
#7074=CARTESIAN_POINT('',(-0.0673462772878818,-0.0671914638544334,0.00448180543615802));
#7075=CARTESIAN_POINT('',(-0.0673645314624134,-0.0670726460593788,0.0045));
#7076=CARTESIAN_POINT('',(-0.0673645314624134,-0.0669794720858336,0.0045));
#7077=CARTESIAN_POINT('',(-0.0638645314624135,-0.0674794720858336,-2.70000000000014E-5));
#7078=CARTESIAN_POINT('',(-0.0638645314624135,-0.0674794720858336,0.00452700000000027));
#7079=CARTESIAN_POINT('',(-0.0637895314624135,-0.0674794720858336,-2.70000000000014E-5));
#7080=CARTESIAN_POINT('',(-0.0637895314624135,-0.0674794720858336,0.00452700000000027));
#7081=CARTESIAN_POINT('',(-0.0637145314624134,-0.0674794720858336,-2.70000000000014E-5));
#7082=CARTESIAN_POINT('',(-0.0637145314624134,-0.0674794720858336,0.00452700000000028));
#7083=CARTESIAN_POINT('',(-0.0635311981290801,-0.0674294720858336,-2.70000000000014E-5));
#7084=CARTESIAN_POINT('',(-0.0635311981290801,-0.0674294720858336,0.00452700000000028));
#7085=CARTESIAN_POINT('',(-0.0634145314624134,-0.0673128054191669,-2.70000000000014E-5));
#7086=CARTESIAN_POINT('',(-0.0634145314624134,-0.0673128054191669,0.00452700000000028));
#7087=CARTESIAN_POINT('',(-0.0633645314624134,-0.0671294720858336,-2.70000000000014E-5));
#7088=CARTESIAN_POINT('',(-0.0633645314624134,-0.0671294720858336,0.00452700000000028));
#7089=CARTESIAN_POINT('',(-0.0633645314624134,-0.0670544720858336,-2.70000000000014E-5));
#7090=CARTESIAN_POINT('',(-0.0633645314624134,-0.0670544720858336,0.00452700000000028));
#7091=CARTESIAN_POINT('',(-0.0633645314624134,-0.0669794720858335,-2.70000000000014E-5));
#7092=CARTESIAN_POINT('',(-0.0633645314624134,-0.0669794720858335,0.00452700000000028));
#7093=CARTESIAN_POINT('',(-0.0633645314624134,-0.0669794720858336,0.0045));
#7094=CARTESIAN_POINT('',(-0.0633645314624134,-0.0670720045650268,0.0045));
#7095=CARTESIAN_POINT('',(-0.0633821106908478,-0.0671892023191004,0.00448247680579718));
#7096=CARTESIAN_POINT('',(-0.0634447858324503,-0.0673110299911914,0.00441965223957715));
#7097=CARTESIAN_POINT('',(-0.0635325135626081,-0.0673954530393041,0.00433228345309882));
#7098=CARTESIAN_POINT('',(-0.0635794698621491,-0.0674241354357828,0.00428409277747597));
#7099=CARTESIAN_POINT('',(-0.0637335735780829,-0.0674832732434007,0.00413153917809294));
#7100=CARTESIAN_POINT('',(-0.0638114585185244,-0.0674794720858336,0.00405307294344178));
#7101=CARTESIAN_POINT('',(-0.0638645314624135,-0.0674794720858336,0.004));
#7102=CARTESIAN_POINT('',(-0.0633405314624133,-0.0674794720858335,0.004));
#7103=CARTESIAN_POINT('',(-0.0673885314624134,-0.0674794720858335,0.004));
#7104=CARTESIAN_POINT('',(-0.0633405314624133,-0.0674794720858335,0.004075));
#7105=CARTESIAN_POINT('',(-0.0673885314624134,-0.0674794720858335,0.004075));
#7106=CARTESIAN_POINT('',(-0.0633405314624133,-0.0674794720858335,0.00415));
#7107=CARTESIAN_POINT('',(-0.0673885314624134,-0.0674794720858335,0.00415));
#7108=CARTESIAN_POINT('',(-0.0633405314624133,-0.0674294720858336,0.00433333333333334));
#7109=CARTESIAN_POINT('',(-0.0673885314624134,-0.0674294720858336,0.00433333333333334));
#7110=CARTESIAN_POINT('',(-0.0633405314624133,-0.0673128054191669,0.00445));
#7111=CARTESIAN_POINT('',(-0.0673885314624134,-0.0673128054191669,0.00445));
#7112=CARTESIAN_POINT('',(-0.0633405314624133,-0.0671294720858336,0.0045));
#7113=CARTESIAN_POINT('',(-0.0673885314624134,-0.0671294720858336,0.0045));
#7114=CARTESIAN_POINT('',(-0.0633405314624133,-0.0670544720858336,0.0045));
#7115=CARTESIAN_POINT('',(-0.0673885314624134,-0.0670544720858336,0.0045));
#7116=CARTESIAN_POINT('',(-0.0633405314624133,-0.0669794720858335,0.0045));
#7117=CARTESIAN_POINT('',(-0.0673885314624134,-0.0669794720858335,0.0045));
#7118=CARTESIAN_POINT('',(-0.0633405314624133,0.0525205279141665,0.0005));
#7119=CARTESIAN_POINT('',(-0.0673885314624134,0.0525205279141665,0.0005));
#7120=CARTESIAN_POINT('',(-0.0633405314624133,0.0525205279141665,0.000425));
#7121=CARTESIAN_POINT('',(-0.0673885314624134,0.0525205279141665,0.000425));
#7122=CARTESIAN_POINT('',(-0.0633405314624133,0.0525205279141665,0.00035));
#7123=CARTESIAN_POINT('',(-0.0673885314624134,0.0525205279141665,0.00035));
#7124=CARTESIAN_POINT('',(-0.0633405314624133,0.0524705279141665,0.000166666666666672));
#7125=CARTESIAN_POINT('',(-0.0673885314624134,0.0524705279141665,0.000166666666666672));
#7126=CARTESIAN_POINT('',(-0.0633405314624133,0.0523538612474998,5.00000000000023E-5));
#7127=CARTESIAN_POINT('',(-0.0673885314624134,0.0523538612474998,5.00000000000023E-5));
#7128=CARTESIAN_POINT('',(-0.0633405314624133,0.0521705279141665,1.38777878078142E-18));
#7129=CARTESIAN_POINT('',(-0.0673885314624134,0.0521705279141665,1.38777878078142E-18));
#7130=CARTESIAN_POINT('',(-0.0633405314624133,0.0520955279141665,0.));
#7131=CARTESIAN_POINT('',(-0.0673885314624134,0.0520955279141665,0.));
#7132=CARTESIAN_POINT('',(-0.0633405314624133,0.0520205279141665,0.));
#7133=CARTESIAN_POINT('',(-0.0673885314624134,0.0520205279141665,0.));
#7134=CARTESIAN_POINT('',(-0.0638645314624134,0.0525205279141665,0.0005));
#7135=CARTESIAN_POINT('',(-0.0638114498121131,0.0525205279141665,0.000446918350852131));
#7136=CARTESIAN_POINT('',(-0.0637344154028326,0.0525245174360081,0.00037046932563908));
#7137=CARTESIAN_POINT('',(-0.0635813374581926,0.0524656724051318,0.000215830353361998));
#7138=CARTESIAN_POINT('',(-0.0635335023971838,0.0524373771361142,0.000169239683158905));
#7139=CARTESIAN_POINT('',(-0.063445868508175,0.0523534053045613,8.12376946247983E-5));
#7140=CARTESIAN_POINT('',(-0.0633827260262371,0.0522325196826867,1.82541745068493E-5));
#7141=CARTESIAN_POINT('',(-0.0633645314624134,0.0521137018877515,2.29691578579179E-30));
#7142=CARTESIAN_POINT('',(-0.0633645314624134,0.0520205279141665,3.42113882891769E-43));
#7143=CARTESIAN_POINT('',(-0.0673645314624134,0.0520205279141665,1.10444233435671E-43));
#7144=CARTESIAN_POINT('',(-0.0673645314624134,0.0521136761065752,1.08062029145853E-30));
#7145=CARTESIAN_POINT('',(-0.067346314133773,0.0522325537515291,1.82755241486578E-5));
#7146=CARTESIAN_POINT('',(-0.0672832323580131,0.0523533571168817,8.12021118880424E-5));
#7147=CARTESIAN_POINT('',(-0.0671955433131876,0.0524373932630566,0.000169255738313426));
#7148=CARTESIAN_POINT('',(-0.0671477563830941,0.0524656560850419,0.000215801715480962));
#7149=CARTESIAN_POINT('',(-0.0669946282469243,0.0525245272280621,0.000370487233332498));
#7150=CARTESIAN_POINT('',(-0.0669176167386832,0.0525205279141665,0.000446914726029007));
#7151=CARTESIAN_POINT('',(-0.0668645314624134,0.0525205279141665,0.0005));
#7152=CARTESIAN_POINT('',(-0.0668645314624133,0.0525205279141665,-2.70000000000014E-5));
#7153=CARTESIAN_POINT('',(-0.0668645314624133,0.0525205279141665,0.00452700000000027));
#7154=CARTESIAN_POINT('',(-0.0669395314624135,0.0525205279141665,-2.70000000000014E-5));
#7155=CARTESIAN_POINT('',(-0.0669395314624135,0.0525205279141665,0.00452700000000027));
#7156=CARTESIAN_POINT('',(-0.0670145314624135,0.0525205279141665,-2.70000000000014E-5));
#7157=CARTESIAN_POINT('',(-0.0670145314624135,0.0525205279141665,0.00452700000000027));
#7158=CARTESIAN_POINT('',(-0.0671978647957468,0.0524705279141664,-2.70000000000014E-5));
#7159=CARTESIAN_POINT('',(-0.0671978647957468,0.0524705279141664,0.00452700000000027));
#7160=CARTESIAN_POINT('',(-0.0673145314624134,0.0523538612474998,-2.70000000000014E-5));
#7161=CARTESIAN_POINT('',(-0.0673145314624134,0.0523538612474998,0.00452700000000027));
#7162=CARTESIAN_POINT('',(-0.0673645314624135,0.0521705279141665,-2.70000000000014E-5));
#7163=CARTESIAN_POINT('',(-0.0673645314624135,0.0521705279141665,0.00452700000000027));
#7164=CARTESIAN_POINT('',(-0.0673645314624135,0.0520955279141664,-2.70000000000014E-5));
#7165=CARTESIAN_POINT('',(-0.0673645314624135,0.0520955279141664,0.00452700000000027));
#7166=CARTESIAN_POINT('',(-0.0673645314624135,0.0520205279141665,-2.70000000000014E-5));
#7167=CARTESIAN_POINT('',(-0.0673645314624135,0.0520205279141665,0.00452700000000027));
#7168=CARTESIAN_POINT('',(-0.0673645314624135,0.0520205279141665,0.0045));
#7169=CARTESIAN_POINT('',(-0.0673645314624135,0.0521130603933507,0.0045));
#7170=CARTESIAN_POINT('',(-0.0673469522339741,0.0522302581474375,0.00448247680578922));
#7171=CARTESIAN_POINT('',(-0.0672842770923853,0.0523520858195192,0.00441965223959088));
#7172=CARTESIAN_POINT('',(-0.0671965493622231,0.0524365088676033,0.00433228345308877));
#7173=CARTESIAN_POINT('',(-0.0671495930626545,0.0524651912642528,0.00428409277750598));
#7174=CARTESIAN_POINT('',(-0.0669954893455726,0.0525243290716509,0.00413153917681051));
#7175=CARTESIAN_POINT('',(-0.0669176044122379,0.0525205279141665,0.00405307294977252));
#7176=CARTESIAN_POINT('',(-0.066864531462416,0.0525205279141665,0.004));
#7177=CARTESIAN_POINT('',(-0.0638645314624134,0.0525205279141665,0.00452700000000027));
#7178=CARTESIAN_POINT('',(-0.0638645314624134,0.0525205279141665,-2.70000000000018E-5));
#7179=CARTESIAN_POINT('',(-0.0637895314624135,0.0525205279141665,0.00452700000000027));
#7180=CARTESIAN_POINT('',(-0.0637895314624135,0.0525205279141665,-2.70000000000018E-5));
#7181=CARTESIAN_POINT('',(-0.0637145314624134,0.0525205279141665,0.00452700000000027));
#7182=CARTESIAN_POINT('',(-0.0637145314624134,0.0525205279141665,-2.70000000000018E-5));
#7183=CARTESIAN_POINT('',(-0.0635311981290801,0.0524705279141664,0.00452700000000027));
#7184=CARTESIAN_POINT('',(-0.0635311981290801,0.0524705279141664,-2.70000000000018E-5));
#7185=CARTESIAN_POINT('',(-0.0634145314624134,0.0523538612474998,0.00452700000000027));
#7186=CARTESIAN_POINT('',(-0.0634145314624134,0.0523538612474998,-2.70000000000018E-5));
#7187=CARTESIAN_POINT('',(-0.0633645314624134,0.0521705279141665,0.00452700000000027));
#7188=CARTESIAN_POINT('',(-0.0633645314624134,0.0521705279141665,-2.70000000000018E-5));
#7189=CARTESIAN_POINT('',(-0.0633645314624134,0.0520955279141665,0.00452700000000027));
#7190=CARTESIAN_POINT('',(-0.0633645314624134,0.0520955279141665,-2.70000000000018E-5));
#7191=CARTESIAN_POINT('',(-0.0633645314624134,0.0520205279141665,0.00452700000000027));
#7192=CARTESIAN_POINT('',(-0.0633645314624134,0.0520205279141665,-2.70000000000018E-5));
#7193=CARTESIAN_POINT('',(-0.0638645314624103,0.0525205279141665,0.004));
#7194=CARTESIAN_POINT('',(-0.0638114498452361,0.0525205279141665,0.00405308161596623));
#7195=CARTESIAN_POINT('',(-0.0637350007807145,0.0525245174359472,0.00413011606742228));
#7196=CARTESIAN_POINT('',(-0.063580361817345,0.0524656724052327,0.00428319400259964));
#7197=CARTESIAN_POINT('',(-0.0635337711451695,0.0524373771361115,0.00433102906565001));
#7198=CARTESIAN_POINT('',(-0.0634457691570761,0.052353405304468,0.00441866295418198));
#7199=CARTESIAN_POINT('',(-0.0633827856368972,0.0522325196827459,0.00448180543621057));
#7200=CARTESIAN_POINT('',(-0.0633645314624134,0.0521137018877313,0.0045));
#7201=CARTESIAN_POINT('',(-0.0633645314624134,0.0520205279141665,0.0045));
#7202=CARTESIAN_POINT('',(-0.0673885314624151,0.0525205279141664,0.004));
#7203=CARTESIAN_POINT('',(-0.0633405314624116,0.0525205279141664,0.004));
#7204=CARTESIAN_POINT('',(-0.0673885314624151,0.0525205279141664,0.004075));
#7205=CARTESIAN_POINT('',(-0.0633405314624116,0.0525205279141664,0.004075));
#7206=CARTESIAN_POINT('',(-0.0673885314624151,0.0525205279141664,0.00415));
#7207=CARTESIAN_POINT('',(-0.0633405314624116,0.0525205279141664,0.00415));
#7208=CARTESIAN_POINT('',(-0.0673885314624151,0.0524705279141665,0.00433333333333334));
#7209=CARTESIAN_POINT('',(-0.0633405314624116,0.0524705279141665,0.00433333333333334));
#7210=CARTESIAN_POINT('',(-0.0673885314624151,0.0523538612474997,0.00445));
#7211=CARTESIAN_POINT('',(-0.0633405314624116,0.0523538612474997,0.00445));
#7212=CARTESIAN_POINT('',(-0.0673885314624151,0.0521705279141664,0.0045));
#7213=CARTESIAN_POINT('',(-0.0633405314624116,0.0521705279141664,0.0045));
#7214=CARTESIAN_POINT('',(-0.0673885314624151,0.0520955279141664,0.0045));
#7215=CARTESIAN_POINT('',(-0.0633405314624116,0.0520955279141664,0.0045));
#7216=CARTESIAN_POINT('',(-0.0673885314624151,0.0520205279141665,0.0045));
#7217=CARTESIAN_POINT('',(-0.0633405314624116,0.0520205279141665,0.0045));
#7218=CARTESIAN_POINT('',(-0.046054306503791,-0.0504410574529193,-0.0733));
#7219=CARTESIAN_POINT('',(-0.0633645314624134,-0.0504410574529193,-0.0733));
#7220=CARTESIAN_POINT('',(-0.0287440815451686,-0.0504410574529193,-0.0733));
#7221=CARTESIAN_POINT('',(-0.0633645314624134,-0.0418617475678483,-0.0733));
#7222=CARTESIAN_POINT('',(-0.0633645314624134,-0.0332824376827773,-0.0733));
#7223=CARTESIAN_POINT('',(-0.046054306503791,-0.0332824376827773,-0.0733));
#7224=CARTESIAN_POINT('',(-0.0517802126705647,-0.0332824376827773,-0.074));
#7225=CARTESIAN_POINT('',(-0.0287440815451686,-0.0418617475678483,-0.0733));
#7226=CARTESIAN_POINT('',(-0.0468521788716316,-0.0332824376827773,-0.074));
#7227=CARTESIAN_POINT('',(-0.0502783358097076,-0.0420964136719704,-0.074));
#7228=CARTESIAN_POINT('',(-0.0491519272327423,-0.0391395948827266,-0.074));
#7229=CARTESIAN_POINT('',(-0.0491519272327423,-0.0391395948827266,-0.074));
#7230=CARTESIAN_POINT('',(-0.0502783358097076,-0.0420964136719704,-0.074));
#7231=CARTESIAN_POINT('',(-0.051404744386673,-0.0450532324612141,-0.074));
#7232=CARTESIAN_POINT('',(-0.051404744386673,-0.0450532324612141,-0.074));
#7233=CARTESIAN_POINT('',(-0.0473215150646877,-0.0357134326361086,-0.074));
#7234=CARTESIAN_POINT('',(-0.045678835362196,-0.039233461022377,-0.074));
#7235=CARTESIAN_POINT('',(-0.045678835362196,-0.039233461022377,-0.074));
#7236=CARTESIAN_POINT('',(-0.0473215150646877,-0.0357134326361086,-0.074));
#7237=CARTESIAN_POINT('',(-0.0449527455590483,-0.0421433467417956,-0.074));
#7238=CARTESIAN_POINT('',(-0.0442266557559007,-0.0450532324612141,-0.074));
#7239=CARTESIAN_POINT('',(-0.0442266557559007,-0.0450532324612141,-0.074));
#7240=CARTESIAN_POINT('',(-0.0449527455590483,-0.0421433467417956,-0.074));
#7241=CARTESIAN_POINT('',(-0.0462199552081343,-0.0468367114663124,-0.074));
#7242=CARTESIAN_POINT('',(-0.048213254660368,-0.0486201904714108,-0.074));
#7243=CARTESIAN_POINT('',(-0.048213254660368,-0.0486201904714108,-0.074));
#7244=CARTESIAN_POINT('',(-0.0462199552081343,-0.0468367114663124,-0.074));
#7245=CARTESIAN_POINT('',(-0.0498089995235205,-0.0468367114663124,-0.074));
#7246=CARTESIAN_POINT('',(-0.0498089995235205,-0.0468367114663124,-0.074));
#7247=CARTESIAN_POINT('',(-0.046054306503791,-0.0418617475678483,-0.074));
#7248=CARTESIAN_POINT('',(-0.043285220861435,-0.0420025456696749,-0.074));
#7249=CARTESIAN_POINT('',(-0.0442708283662796,-0.0389518588781357,-0.074));
#7250=CARTESIAN_POINT('',(-0.0442708283662796,-0.0389518588781357,-0.074));
#7251=CARTESIAN_POINT('',(-0.043285220861435,-0.0420025456696749,-0.074));
#7252=CARTESIAN_POINT('',(-0.0422996133565903,-0.0450532324612141,-0.074));
#7253=CARTESIAN_POINT('',(-0.0422996133565903,-0.0450532324612141,-0.074));
#7254=CARTESIAN_POINT('',(-0.0445993576199105,-0.0360889152623209,-0.074));
#7255=CARTESIAN_POINT('',(-0.0422996133565903,-0.0378254503011703,-0.074));
#7256=CARTESIAN_POINT('',(-0.0422996133565903,-0.0378254503011703,-0.074));
#7257=CARTESIAN_POINT('',(-0.0445993576199105,-0.0360889152623209,-0.074));
#7258=CARTESIAN_POINT('',(-0.0394835937768221,-0.0395150613039732,-0.074));
#7259=CARTESIAN_POINT('',(-0.0366675741970539,-0.0412046723067761,-0.074));
#7260=CARTESIAN_POINT('',(-0.0366675741970539,-0.0412046723067761,-0.074));
#7261=CARTESIAN_POINT('',(-0.0394835937768221,-0.0395150613039732,-0.074));
#7262=CARTESIAN_POINT('',(-0.0366675741970539,-0.0436921566724777,-0.074));
#7263=CARTESIAN_POINT('',(-0.0366675741970539,-0.0461796410381794,-0.074));
#7264=CARTESIAN_POINT('',(-0.0366675741970539,-0.0461796410381794,-0.074));
#7265=CARTESIAN_POINT('',(-0.0366675741970539,-0.0436921566724777,-0.074));
#7266=CARTESIAN_POINT('',(-0.0394835937768221,-0.0456164367496967,-0.074));
#7267=CARTESIAN_POINT('',(-0.0394835937768221,-0.0456164367496967,-0.074));
#7268=CARTESIAN_POINT('',(-0.046054306503791,-0.0418617475678483,-0.074));
#7269=CARTESIAN_POINT('',(-0.0384151635352081,-0.038109813802881,-0.074));
#7270=CARTESIAN_POINT('',(-0.0410793386399746,-0.0365113094449043,-0.074));
#7271=CARTESIAN_POINT('',(-0.0410793386399746,-0.0365113094449043,-0.074));
#7272=CARTESIAN_POINT('',(-0.0384151635352081,-0.038109813802881,-0.074));
#7273=CARTESIAN_POINT('',(-0.0357509884304417,-0.0397083181608575,-0.074));
#7274=CARTESIAN_POINT('',(-0.0357509884304417,-0.0397083181608575,-0.074));
#7275=CARTESIAN_POINT('',(-0.0439001091439579,-0.0342093298561362,-0.074));
#7276=CARTESIAN_POINT('',(-0.0403284020721913,-0.0349155627191067,-0.074));
#7277=CARTESIAN_POINT('',(-0.0403284020721913,-0.0349155627191067,-0.074));
#7278=CARTESIAN_POINT('',(-0.0439001091439579,-0.0342093298561362,-0.074));
#7279=CARTESIAN_POINT('',(-0.0366675760596991,-0.0349155627191067,-0.074));
#7280=CARTESIAN_POINT('',(-0.0330067500472069,-0.0349155627191067,-0.074));
#7281=CARTESIAN_POINT('',(-0.0330067500472069,-0.0349155627191067,-0.074));
#7282=CARTESIAN_POINT('',(-0.0366675760596991,-0.0349155627191067,-0.074));
#7283=CARTESIAN_POINT('',(-0.0321150105446577,-0.0369337107986212,-0.074));
#7284=CARTESIAN_POINT('',(-0.0312232710421085,-0.0389518588781357,-0.074));
#7285=CARTESIAN_POINT('',(-0.0312232710421085,-0.0389518588781357,-0.074));
#7286=CARTESIAN_POINT('',(-0.0321150105446577,-0.0369337107986212,-0.074));
#7287=CARTESIAN_POINT('',(-0.0334871297362751,-0.0393300885194966,-0.074));
#7288=CARTESIAN_POINT('',(-0.0334871297362751,-0.0393300885194966,-0.074));
#7289=CARTESIAN_POINT('',(-0.046054306503791,-0.0418617475678483,-0.074));
#7290=CARTESIAN_POINT('',(-0.0502126471320177,-0.0375425253024768,-0.074));
#7291=CARTESIAN_POINT('',(-0.0506538040935993,-0.0389518588781357,-0.074));
#7292=CARTESIAN_POINT('',(-0.0506538040935993,-0.0389518588781357,-0.074));
#7293=CARTESIAN_POINT('',(-0.0502126471320177,-0.0375425253024768,-0.074));
#7294=CARTESIAN_POINT('',(-0.051686342805624,-0.0376377180218697,-0.074));
#7295=CARTESIAN_POINT('',(-0.051686342805624,-0.0376377180218697,-0.074));
#7296=CARTESIAN_POINT('',(-0.0524842153613769,-0.0420025456696749,-0.074));
#7297=CARTESIAN_POINT('',(-0.0543146266291545,-0.0450532324612141,-0.074));
#7298=CARTESIAN_POINT('',(-0.0543146266291545,-0.0450532324612141,-0.074));
#7299=CARTESIAN_POINT('',(-0.0524842153613769,-0.0420025456696749,-0.074));
#7300=CARTESIAN_POINT('',(-0.0566613107298814,-0.0450532324612141,-0.074));
#7301=CARTESIAN_POINT('',(-0.0590079948306084,-0.0450532324612141,-0.074));
#7302=CARTESIAN_POINT('',(-0.0590079948306084,-0.0450532324612141,-0.074));
#7303=CARTESIAN_POINT('',(-0.0566613107298814,-0.0450532324612141,-0.074));
#7304=CARTESIAN_POINT('',(-0.0586325265467167,-0.0427534841001034,-0.074));
#7305=CARTESIAN_POINT('',(-0.058257058262825,-0.0404537357389927,-0.074));
#7306=CARTESIAN_POINT('',(-0.058257058262825,-0.0404537357389927,-0.074));
#7307=CARTESIAN_POINT('',(-0.0586325265467167,-0.0427534841001034,-0.074));
#7308=CARTESIAN_POINT('',(-0.0549717005342245,-0.0390457268804312,-0.074));
#7309=CARTESIAN_POINT('',(-0.0549717005342245,-0.0390457268804312,-0.074));
#7310=CARTESIAN_POINT('',(-0.046054306503791,-0.0418617475678483,-0.074));
#7311=CARTESIAN_POINT('',(-0.0489882745368558,-0.0335505081321018,-0.074));
#7312=CARTESIAN_POINT('',(-0.051686342805624,-0.0365113094449043,-0.074));
#7313=CARTESIAN_POINT('',(-0.051686342805624,-0.0365113094449043,-0.074));
#7314=CARTESIAN_POINT('',(-0.0489882745368558,-0.0335505081321018,-0.074));
#7315=CARTESIAN_POINT('',(-0.052718885242939,-0.0350094325840473,-0.074));
#7316=CARTESIAN_POINT('',(-0.052718885242939,-0.0350094325840473,-0.074));
#7317=CARTESIAN_POINT('',(-0.0551125016063452,-0.0378254521638155,-0.074));
#7318=CARTESIAN_POINT('',(-0.0585386604070664,-0.0391395948827266,-0.074));
#7319=CARTESIAN_POINT('',(-0.0585386604070664,-0.0391395948827266,-0.074));
#7320=CARTESIAN_POINT('',(-0.0551125016063452,-0.0378254521638155,-0.074));
#7321=CARTESIAN_POINT('',(-0.0604629386216402,-0.0383886564522982,-0.074));
#7322=CARTESIAN_POINT('',(-0.0623872168362141,-0.0376377180218697,-0.074));
#7323=CARTESIAN_POINT('',(-0.0623872168362141,-0.0376377180218697,-0.074));
#7324=CARTESIAN_POINT('',(-0.0604629386216402,-0.0383886564522982,-0.074));
#7325=CARTESIAN_POINT('',(-0.0604629386216402,-0.0359481051564217,-0.074));
#7326=CARTESIAN_POINT('',(-0.0585386604070664,-0.0342584922909736,-0.074));
#7327=CARTESIAN_POINT('',(-0.0585386604070664,-0.0342584922909736,-0.074));
#7328=CARTESIAN_POINT('',(-0.0604629386216402,-0.0359481051564217,-0.074));
#7329=CARTESIAN_POINT('',(-0.0556287728250027,-0.0346339624375105,-0.074));
#7330=CARTESIAN_POINT('',(-0.0556287728250027,-0.0346339624375105,-0.074));
#7331=CARTESIAN_POINT('',(-0.046054306503791,-0.0418617475678483,-0.074));
#7332=CARTESIAN_POINT('',(-0.0457898220047355,0.0177625790238381,-0.0733));
#7333=CARTESIAN_POINT('',(-0.0625161230564117,0.0177625790238381,-0.0733));
#7334=CARTESIAN_POINT('',(-0.0290635209530592,0.0177625790238381,-0.0733));
#7335=CARTESIAN_POINT('',(-0.0625161230564117,0.02745321393013,-0.0733));
#7336=CARTESIAN_POINT('',(-0.0290635209530592,0.02745321393013,-0.0733));
#7337=CARTESIAN_POINT('',(-0.0453079450799362,0.0371984806506818,-0.074));
#7338=CARTESIAN_POINT('',(-0.0487341020180123,0.0283845046614888,-0.074));
#7339=CARTESIAN_POINT('',(-0.0476076934410469,0.0313413234507325,-0.074));
#7340=CARTESIAN_POINT('',(-0.0476076934410469,0.0313413234507325,-0.074));
#7341=CARTESIAN_POINT('',(-0.0487341020180123,0.0283845046614888,-0.074));
#7342=CARTESIAN_POINT('',(-0.0498605105949776,0.025427685872245,-0.074));
#7343=CARTESIAN_POINT('',(-0.0498605105949776,0.025427685872245,-0.074));
#7344=CARTESIAN_POINT('',(-0.0457772812729922,0.0347674856973504,-0.074));
#7345=CARTESIAN_POINT('',(-0.0441346015705006,0.0312474573110821,-0.074));
#7346=CARTESIAN_POINT('',(-0.0441346015705006,0.0312474573110821,-0.074));
#7347=CARTESIAN_POINT('',(-0.0457772812729922,0.0347674856973504,-0.074));
#7348=CARTESIAN_POINT('',(-0.0434085117673529,0.0283375715916636,-0.074));
#7349=CARTESIAN_POINT('',(-0.0426824219642053,0.025427685872245,-0.074));
#7350=CARTESIAN_POINT('',(-0.0426824219642053,0.025427685872245,-0.074));
#7351=CARTESIAN_POINT('',(-0.0434085117673529,0.0283375715916636,-0.074));
#7352=CARTESIAN_POINT('',(-0.0446757214164389,0.0236442068671467,-0.074));
#7353=CARTESIAN_POINT('',(-0.0466690208686726,0.0218607278620483,-0.074));
#7354=CARTESIAN_POINT('',(-0.0466690208686726,0.0218607278620483,-0.074));
#7355=CARTESIAN_POINT('',(-0.0446757214164389,0.0236442068671467,-0.074));
#7356=CARTESIAN_POINT('',(-0.0482647657318251,0.0236442068671467,-0.074));
#7357=CARTESIAN_POINT('',(-0.0482647657318251,0.0236442068671467,-0.074));
#7358=CARTESIAN_POINT('',(-0.0457898220047355,0.0274805298372599,-0.074));
#7359=CARTESIAN_POINT('',(-0.0417409870697395,0.0284783726637842,-0.074));
#7360=CARTESIAN_POINT('',(-0.0427265945745842,0.0315290594553234,-0.074));
#7361=CARTESIAN_POINT('',(-0.0427265945745842,0.0315290594553234,-0.074));
#7362=CARTESIAN_POINT('',(-0.0417409870697395,0.0284783726637842,-0.074));
#7363=CARTESIAN_POINT('',(-0.0407553795648949,0.025427685872245,-0.074));
#7364=CARTESIAN_POINT('',(-0.0407553795648949,0.025427685872245,-0.074));
#7365=CARTESIAN_POINT('',(-0.0430551238282151,0.0343920030711383,-0.074));
#7366=CARTESIAN_POINT('',(-0.0407553795648949,0.0326554680322888,-0.074));
#7367=CARTESIAN_POINT('',(-0.0407553795648949,0.0326554680322888,-0.074));
#7368=CARTESIAN_POINT('',(-0.0430551238282151,0.0343920030711383,-0.074));
#7369=CARTESIAN_POINT('',(-0.0379393599851267,0.0309658570294859,-0.074));
#7370=CARTESIAN_POINT('',(-0.0351233404053585,0.0292762460266831,-0.074));
#7371=CARTESIAN_POINT('',(-0.0351233404053585,0.0292762460266831,-0.074));
#7372=CARTESIAN_POINT('',(-0.0379393599851267,0.0309658570294859,-0.074));
#7373=CARTESIAN_POINT('',(-0.0351233404053585,0.0267887616609814,-0.074));
#7374=CARTESIAN_POINT('',(-0.0351233404053585,0.0243012772952797,-0.074));
#7375=CARTESIAN_POINT('',(-0.0351233404053585,0.0243012772952797,-0.074));
#7376=CARTESIAN_POINT('',(-0.0351233404053585,0.0267887616609814,-0.074));
#7377=CARTESIAN_POINT('',(-0.0379393599851267,0.0248644815837624,-0.074));
#7378=CARTESIAN_POINT('',(-0.0379393599851267,0.0248644815837624,-0.074));
#7379=CARTESIAN_POINT('',(-0.0457898220047355,0.0274805298372599,-0.074));
#7380=CARTESIAN_POINT('',(-0.0368709297435127,0.0323711045305782,-0.074));
#7381=CARTESIAN_POINT('',(-0.0395351048482792,0.0339696088885548,-0.074));
#7382=CARTESIAN_POINT('',(-0.0395351048482792,0.0339696088885548,-0.074));
#7383=CARTESIAN_POINT('',(-0.0368709297435127,0.0323711045305782,-0.074));
#7384=CARTESIAN_POINT('',(-0.0342067546387462,0.0307726001726016,-0.074));
#7385=CARTESIAN_POINT('',(-0.0342067546387462,0.0307726001726016,-0.074));
#7386=CARTESIAN_POINT('',(-0.0423558753522624,0.0362715884773229,-0.074));
#7387=CARTESIAN_POINT('',(-0.0387841682804958,0.0355653556143525,-0.074));
#7388=CARTESIAN_POINT('',(-0.0387841682804958,0.0355653556143525,-0.074));
#7389=CARTESIAN_POINT('',(-0.0423558753522624,0.0362715884773229,-0.074));
#7390=CARTESIAN_POINT('',(-0.0351233422680036,0.0355653556143525,-0.074));
#7391=CARTESIAN_POINT('',(-0.0314625162555115,0.0355653556143525,-0.074));
#7392=CARTESIAN_POINT('',(-0.0314625162555115,0.0355653556143525,-0.074));
#7393=CARTESIAN_POINT('',(-0.0351233422680036,0.0355653556143525,-0.074));
#7394=CARTESIAN_POINT('',(-0.0305707767529623,0.033547207534838,-0.074));
#7395=CARTESIAN_POINT('',(-0.0296790372504132,0.0315290594553234,-0.074));
#7396=CARTESIAN_POINT('',(-0.0296790372504132,0.0315290594553234,-0.074));
#7397=CARTESIAN_POINT('',(-0.0305707767529623,0.033547207534838,-0.074));
#7398=CARTESIAN_POINT('',(-0.0319428959445797,0.0311508298139625,-0.074));
#7399=CARTESIAN_POINT('',(-0.0319428959445797,0.0311508298139625,-0.074));
#7400=CARTESIAN_POINT('',(-0.0457898220047355,0.0274805298372599,-0.074));
#7401=CARTESIAN_POINT('',(-0.0486684133403222,0.0329383930309824,-0.074));
#7402=CARTESIAN_POINT('',(-0.0491095703019039,0.0315290594553234,-0.074));
#7403=CARTESIAN_POINT('',(-0.0491095703019039,0.0315290594553234,-0.074));
#7404=CARTESIAN_POINT('',(-0.0486684133403222,0.0329383930309824,-0.074));
#7405=CARTESIAN_POINT('',(-0.0501421090139286,0.0328432003115895,-0.074));
#7406=CARTESIAN_POINT('',(-0.0501421090139286,0.0328432003115895,-0.074));
#7407=CARTESIAN_POINT('',(-0.0509399815696815,0.0284783726637842,-0.074));
#7408=CARTESIAN_POINT('',(-0.0527703928374591,0.025427685872245,-0.074));
#7409=CARTESIAN_POINT('',(-0.0527703928374591,0.025427685872245,-0.074));
#7410=CARTESIAN_POINT('',(-0.0509399815696815,0.0284783726637842,-0.074));
#7411=CARTESIAN_POINT('',(-0.055117076938186,0.025427685872245,-0.074));
#7412=CARTESIAN_POINT('',(-0.057463761038913,0.025427685872245,-0.074));
#7413=CARTESIAN_POINT('',(-0.057463761038913,0.025427685872245,-0.074));
#7414=CARTESIAN_POINT('',(-0.055117076938186,0.025427685872245,-0.074));
#7415=CARTESIAN_POINT('',(-0.0570882927550213,0.0277274342333558,-0.074));
#7416=CARTESIAN_POINT('',(-0.0567128244711296,0.0300271825944664,-0.074));
#7417=CARTESIAN_POINT('',(-0.0567128244711296,0.0300271825944664,-0.074));
#7418=CARTESIAN_POINT('',(-0.0570882927550213,0.0277274342333558,-0.074));
#7419=CARTESIAN_POINT('',(-0.0534274667425291,0.0314351914530279,-0.074));
#7420=CARTESIAN_POINT('',(-0.0534274667425291,0.0314351914530279,-0.074));
#7421=CARTESIAN_POINT('',(-0.0457898220047355,0.0274805298372599,-0.074));
#7422=CARTESIAN_POINT('',(-0.0474440407451605,0.0369304102013574,-0.074));
#7423=CARTESIAN_POINT('',(-0.0501421090139286,0.0339696088885548,-0.074));
#7424=CARTESIAN_POINT('',(-0.0501421090139286,0.0339696088885548,-0.074));
#7425=CARTESIAN_POINT('',(-0.0474440407451605,0.0369304102013574,-0.074));
#7426=CARTESIAN_POINT('',(-0.0511746514512436,0.0354714857494118,-0.074));
#7427=CARTESIAN_POINT('',(-0.0511746514512436,0.0354714857494118,-0.074));
#7428=CARTESIAN_POINT('',(-0.0535682678146498,0.0326554661696437,-0.074));
#7429=CARTESIAN_POINT('',(-0.056994426615371,0.0313413234507325,-0.074));
#7430=CARTESIAN_POINT('',(-0.056994426615371,0.0313413234507325,-0.074));
#7431=CARTESIAN_POINT('',(-0.0535682678146498,0.0326554661696437,-0.074));
#7432=CARTESIAN_POINT('',(-0.0589187048299448,0.032092261881161,-0.074));
#7433=CARTESIAN_POINT('',(-0.0608429830445187,0.0328432003115895,-0.074));
#7434=CARTESIAN_POINT('',(-0.0608429830445187,0.0328432003115895,-0.074));
#7435=CARTESIAN_POINT('',(-0.0589187048299448,0.032092261881161,-0.074));
#7436=CARTESIAN_POINT('',(-0.0589187048299448,0.0345328131770374,-0.074));
#7437=CARTESIAN_POINT('',(-0.056994426615371,0.0362224260424855,-0.074));
#7438=CARTESIAN_POINT('',(-0.056994426615371,0.0362224260424855,-0.074));
#7439=CARTESIAN_POINT('',(-0.0589187048299448,0.0345328131770374,-0.074));
#7440=CARTESIAN_POINT('',(-0.0540845390333073,0.0358469558959486,-0.074));
#7441=CARTESIAN_POINT('',(-0.0540845390333073,0.0358469558959486,-0.074));
#7442=CARTESIAN_POINT('',(-0.0457898220047355,0.0274805298372599,-0.074));
#7443=CARTESIAN_POINT('',(-0.0458112152243765,0.0176809225231409,0.0038));
#7444=CARTESIAN_POINT('',(-0.0282578989863396,0.0176809225231409,0.0038));
#7445=CARTESIAN_POINT('',(-0.0633645314624134,0.0176809225231409,0.0038));
#7446=CARTESIAN_POINT('',(-0.0282578989863396,0.0271528447046876,0.0038));
#7447=CARTESIAN_POINT('',(-0.0282578989863396,0.0366247668862343,0.0038));
#7448=CARTESIAN_POINT('',(-0.0458112152243765,0.0366247668862343,0.0038));
#7449=CARTESIAN_POINT('',(-0.0633645314624134,0.0366247668862343,0.0038));
#7450=CARTESIAN_POINT('',(-0.0633645314624134,0.0271528447046876,0.0038));
#7451=CARTESIAN_POINT('',(-0.0458923115998507,-0.0508326478302479,0.0038));
#7452=CARTESIAN_POINT('',(-0.0284806161463261,-0.0508326478302479,0.0038));
#7453=CARTESIAN_POINT('',(-0.0633040070533752,-0.0508326478302479,0.0038));
#7454=CARTESIAN_POINT('',(-0.0284806161463261,-0.0418343227356672,0.0038));
#7455=CARTESIAN_POINT('',(-0.0284806161463261,-0.0328359976410866,0.0038));
#7456=CARTESIAN_POINT('',(-0.0458923115998507,-0.0328359976410866,0.0038));
#7457=CARTESIAN_POINT('',(-0.0633040070533752,-0.0328359976410866,0.0038));
#7458=CARTESIAN_POINT('',(-0.0633040070533752,-0.0418343227356672,0.0038));
#7459=CARTESIAN_POINT('',(-0.0464937846141372,-0.0336279047923823,0.0031));
#7460=CARTESIAN_POINT('',(-0.0514218184130702,-0.0336279047923823,0.0031));
#7461=CARTESIAN_POINT('',(-0.0514218184130702,-0.0336279047923823,0.0031));
#7462=CARTESIAN_POINT('',(-0.0464937846141372,-0.0336279047923823,0.0031));
#7463=CARTESIAN_POINT('',(-0.0415657508152042,-0.0336279047923823,0.0031));
#7464=CARTESIAN_POINT('',(-0.0415657508152042,-0.0336279047923823,0.0031));
#7465=CARTESIAN_POINT('',(-0.0464937846141372,-0.0336279047923823,0.0031));
#7466=CARTESIAN_POINT('',(-0.0464937846141372,-0.0336279047923823,0.0031));
#7467=CARTESIAN_POINT('',(-0.0458112152243765,-0.00617044534739068,0.0031));
#7468=CARTESIAN_POINT('',(-0.0431333163537512,-0.0378879924120816,0.0031));
#7469=CARTESIAN_POINT('',(-0.0426921593921695,-0.0392973259877406,0.0031));
#7470=CARTESIAN_POINT('',(-0.0426921593921695,-0.0392973259877406,0.0031));
#7471=CARTESIAN_POINT('',(-0.0431333163537512,-0.0378879924120816,0.0031));
#7472=CARTESIAN_POINT('',(-0.0416596206801448,-0.0379831851314745,0.0031));
#7473=CARTESIAN_POINT('',(-0.0416596206801448,-0.0379831851314745,0.0031));
#7474=CARTESIAN_POINT('',(-0.0408617481243919,-0.0423480127792797,0.0031));
#7475=CARTESIAN_POINT('',(-0.0390313368566143,-0.045398699570819,0.0031));
#7476=CARTESIAN_POINT('',(-0.0390313368566143,-0.045398699570819,0.0031));
#7477=CARTESIAN_POINT('',(-0.0408617481243919,-0.0423480127792797,0.0031));
#7478=CARTESIAN_POINT('',(-0.0366846527558874,-0.045398699570819,0.0031));
#7479=CARTESIAN_POINT('',(-0.0343379686551605,-0.045398699570819,0.0031));
#7480=CARTESIAN_POINT('',(-0.0343379686551605,-0.045398699570819,0.0031));
#7481=CARTESIAN_POINT('',(-0.0366846527558874,-0.045398699570819,0.0031));
#7482=CARTESIAN_POINT('',(-0.0347134369390521,-0.0430989512097082,0.0031));
#7483=CARTESIAN_POINT('',(-0.0350889052229438,-0.0407992028485976,0.0031));
#7484=CARTESIAN_POINT('',(-0.0350889052229438,-0.0407992028485976,0.0031));
#7485=CARTESIAN_POINT('',(-0.0347134369390521,-0.0430989512097082,0.0031));
#7486=CARTESIAN_POINT('',(-0.0383742629515443,-0.0393911939900361,0.0031));
#7487=CARTESIAN_POINT('',(-0.0383742629515443,-0.0393911939900361,0.0031));
#7488=CARTESIAN_POINT('',(-0.0458112152243765,-0.00617044534739068,0.0031));
#7489=CARTESIAN_POINT('',(-0.0549307999505607,-0.0384552809124859,0.0031));
#7490=CARTESIAN_POINT('',(-0.0522666248457942,-0.0368567765545092,0.0031));
#7491=CARTESIAN_POINT('',(-0.0522666248457942,-0.0368567765545092,0.0031));
#7492=CARTESIAN_POINT('',(-0.0549307999505607,-0.0384552809124859,0.0031));
#7493=CARTESIAN_POINT('',(-0.0575949750553272,-0.0400537852704624,0.0031));
#7494=CARTESIAN_POINT('',(-0.0575949750553272,-0.0400537852704624,0.0031));
#7495=CARTESIAN_POINT('',(-0.0494458543418113,-0.0345547969657412,0.0031));
#7496=CARTESIAN_POINT('',(-0.0530175614135776,-0.0352610298287116,0.0031));
#7497=CARTESIAN_POINT('',(-0.0530175614135776,-0.0352610298287116,0.0031));
#7498=CARTESIAN_POINT('',(-0.0494458543418113,-0.0345547969657412,0.0031));
#7499=CARTESIAN_POINT('',(-0.0566783874260698,-0.0352610298287116,0.0031));
#7500=CARTESIAN_POINT('',(-0.060339213438562,-0.0352610298287116,0.0031));
#7501=CARTESIAN_POINT('',(-0.060339213438562,-0.0352610298287116,0.0031));
#7502=CARTESIAN_POINT('',(-0.0566783874260698,-0.0352610298287116,0.0031));
#7503=CARTESIAN_POINT('',(-0.0612309529411111,-0.0372791779082261,0.0031));
#7504=CARTESIAN_POINT('',(-0.0621226924436603,-0.0392973259877406,0.0031));
#7505=CARTESIAN_POINT('',(-0.0621226924436603,-0.0392973259877406,0.0031));
#7506=CARTESIAN_POINT('',(-0.0612309529411111,-0.0372791779082261,0.0031));
#7507=CARTESIAN_POINT('',(-0.0598588337494938,-0.0396755556291015,0.0031));
#7508=CARTESIAN_POINT('',(-0.0598588337494938,-0.0396755556291015,0.0031));
#7509=CARTESIAN_POINT('',(-0.0458112152243765,-0.00617044534739068,0.0031));
#7510=CARTESIAN_POINT('',(-0.0430676276760612,-0.0424418807815752,0.0031));
#7511=CARTESIAN_POINT('',(-0.0441940362530265,-0.0394850619923316,0.0031));
#7512=CARTESIAN_POINT('',(-0.0441940362530265,-0.0394850619923316,0.0031));
#7513=CARTESIAN_POINT('',(-0.0430676276760612,-0.0424418807815752,0.0031));
#7514=CARTESIAN_POINT('',(-0.0419412190990959,-0.045398699570819,0.0031));
#7515=CARTESIAN_POINT('',(-0.0419412190990959,-0.045398699570819,0.0031));
#7516=CARTESIAN_POINT('',(-0.0460244484210812,-0.0360588997457135,0.0031));
#7517=CARTESIAN_POINT('',(-0.0476671281235729,-0.0395789281319819,0.0031));
#7518=CARTESIAN_POINT('',(-0.0476671281235729,-0.0395789281319819,0.0031));
#7519=CARTESIAN_POINT('',(-0.0460244484210812,-0.0360588997457135,0.0031));
#7520=CARTESIAN_POINT('',(-0.0483932179267205,-0.0424888138514005,0.0031));
#7521=CARTESIAN_POINT('',(-0.0491193077298682,-0.045398699570819,0.0031));
#7522=CARTESIAN_POINT('',(-0.0491193077298682,-0.045398699570819,0.0031));
#7523=CARTESIAN_POINT('',(-0.0483932179267205,-0.0424888138514005,0.0031));
#7524=CARTESIAN_POINT('',(-0.0471260082776345,-0.0471821785759173,0.0031));
#7525=CARTESIAN_POINT('',(-0.0451327088254009,-0.0489656575810157,0.0031));
#7526=CARTESIAN_POINT('',(-0.0451327088254009,-0.0489656575810157,0.0031));
#7527=CARTESIAN_POINT('',(-0.0471260082776345,-0.0471821785759173,0.0031));
#7528=CARTESIAN_POINT('',(-0.0435369639622484,-0.0471821785759173,0.0031));
#7529=CARTESIAN_POINT('',(-0.0435369639622484,-0.0471821785759173,0.0031));
#7530=CARTESIAN_POINT('',(-0.0458112152243765,-0.00617044534739068,0.0031));
#7531=CARTESIAN_POINT('',(-0.0500607426243339,-0.0423480127792797,0.0031));
#7532=CARTESIAN_POINT('',(-0.0490751351194892,-0.0392973259877406,0.0031));
#7533=CARTESIAN_POINT('',(-0.0490751351194892,-0.0392973259877406,0.0031));
#7534=CARTESIAN_POINT('',(-0.0500607426243339,-0.0423480127792797,0.0031));
#7535=CARTESIAN_POINT('',(-0.0510463501291786,-0.045398699570819,0.0031));
#7536=CARTESIAN_POINT('',(-0.0510463501291786,-0.045398699570819,0.0031));
#7537=CARTESIAN_POINT('',(-0.0487466058658584,-0.0364343823719257,0.0031));
#7538=CARTESIAN_POINT('',(-0.0510463501291786,-0.0381709174107752,0.0031));
#7539=CARTESIAN_POINT('',(-0.0510463501291786,-0.0381709174107752,0.0031));
#7540=CARTESIAN_POINT('',(-0.0487466058658584,-0.0364343823719257,0.0031));
#7541=CARTESIAN_POINT('',(-0.0538623697089467,-0.0398605284135781,0.0031));
#7542=CARTESIAN_POINT('',(-0.0566783892887149,-0.041550139416381,0.0031));
#7543=CARTESIAN_POINT('',(-0.0566783892887149,-0.041550139416381,0.0031));
#7544=CARTESIAN_POINT('',(-0.0538623697089467,-0.0398605284135781,0.0031));
#7545=CARTESIAN_POINT('',(-0.0566783892887149,-0.0440376237820826,0.0031));
#7546=CARTESIAN_POINT('',(-0.0566783892887149,-0.0465251081477843,0.0031));
#7547=CARTESIAN_POINT('',(-0.0566783892887149,-0.0465251081477843,0.0031));
#7548=CARTESIAN_POINT('',(-0.0566783892887149,-0.0440376237820826,0.0031));
#7549=CARTESIAN_POINT('',(-0.0538623697089467,-0.0459619038593016,0.0031));
#7550=CARTESIAN_POINT('',(-0.0538623697089467,-0.0459619038593016,0.0031));
#7551=CARTESIAN_POINT('',(-0.0458112152243765,-0.00617044534739068,0.0031));
#7552=CARTESIAN_POINT('',(-0.0443576889489129,-0.0338959752417068,0.0031));
#7553=CARTESIAN_POINT('',(-0.0416596206801448,-0.0368567765545092,0.0031));
#7554=CARTESIAN_POINT('',(-0.0416596206801448,-0.0368567765545092,0.0031));
#7555=CARTESIAN_POINT('',(-0.0443576889489129,-0.0338959752417068,0.0031));
#7556=CARTESIAN_POINT('',(-0.0406270782428299,-0.0353548996936522,0.0031));
#7557=CARTESIAN_POINT('',(-0.0406270782428299,-0.0353548996936522,0.0031));
#7558=CARTESIAN_POINT('',(-0.0382334618794236,-0.0381709192734204,0.0031));
#7559=CARTESIAN_POINT('',(-0.0348073030787025,-0.0394850619923316,0.0031));
#7560=CARTESIAN_POINT('',(-0.0348073030787025,-0.0394850619923316,0.0031));
#7561=CARTESIAN_POINT('',(-0.0382334618794236,-0.0381709192734204,0.0031));
#7562=CARTESIAN_POINT('',(-0.0328830248641286,-0.0387341235619031,0.0031));
#7563=CARTESIAN_POINT('',(-0.0309587466495547,-0.0379831851314745,0.0031));
#7564=CARTESIAN_POINT('',(-0.0309587466495547,-0.0379831851314745,0.0031));
#7565=CARTESIAN_POINT('',(-0.0328830248641286,-0.0387341235619031,0.0031));
#7566=CARTESIAN_POINT('',(-0.0328830248641286,-0.0362935722660266,0.0031));
#7567=CARTESIAN_POINT('',(-0.0348073030787025,-0.0346039594005786,0.0031));
#7568=CARTESIAN_POINT('',(-0.0348073030787025,-0.0346039594005786,0.0031));
#7569=CARTESIAN_POINT('',(-0.0328830248641286,-0.0362935722660266,0.0031));
#7570=CARTESIAN_POINT('',(-0.0377171906607661,-0.0349794295471154,0.0031));
#7571=CARTESIAN_POINT('',(-0.0377171906607661,-0.0349794295471154,0.0031));
#7572=CARTESIAN_POINT('',(-0.0458112152243765,-0.00617044534739068,0.0031));
#7573=CARTESIAN_POINT('',(-0.0540966353705438,0.0311913873428099,0.0031));
#7574=CARTESIAN_POINT('',(-0.0514324602657773,0.0327898917007864,0.0031));
#7575=CARTESIAN_POINT('',(-0.0514324602657773,0.0327898917007864,0.0031));
#7576=CARTESIAN_POINT('',(-0.0540966353705438,0.0311913873428099,0.0031));
#7577=CARTESIAN_POINT('',(-0.0567608104753103,0.0295928829848333,0.0031));
#7578=CARTESIAN_POINT('',(-0.0567608104753103,0.0295928829848333,0.0031));
#7579=CARTESIAN_POINT('',(-0.0486116897617942,0.0350918712895545,0.0031));
#7580=CARTESIAN_POINT('',(-0.0521833968335606,0.0343856384265841,0.0031));
#7581=CARTESIAN_POINT('',(-0.0521833968335606,0.0343856384265841,0.0031));
#7582=CARTESIAN_POINT('',(-0.0486116897617942,0.0350918712895545,0.0031));
#7583=CARTESIAN_POINT('',(-0.0558442228460528,0.0343856384265841,0.0031));
#7584=CARTESIAN_POINT('',(-0.059505048858545,0.0343856384265841,0.0031));
#7585=CARTESIAN_POINT('',(-0.059505048858545,0.0343856384265841,0.0031));
#7586=CARTESIAN_POINT('',(-0.0558442228460528,0.0343856384265841,0.0031));
#7587=CARTESIAN_POINT('',(-0.0603967883610942,0.0323674903470696,0.0031));
#7588=CARTESIAN_POINT('',(-0.0612885278636434,0.0303493422675551,0.0031));
#7589=CARTESIAN_POINT('',(-0.0612885278636434,0.0303493422675551,0.0031));
#7590=CARTESIAN_POINT('',(-0.0603967883610942,0.0323674903470696,0.0031));
#7591=CARTESIAN_POINT('',(-0.0590246691694768,0.0299711126261941,0.0031));
#7592=CARTESIAN_POINT('',(-0.0590246691694768,0.0299711126261941,0.0031));
#7593=CARTESIAN_POINT('',(-0.0458112152243765,-0.00617044534739068,0.0031));
#7594=CARTESIAN_POINT('',(-0.0422991517737343,0.031758675843214,0.0031));
#7595=CARTESIAN_POINT('',(-0.0418579948121525,0.0303493422675551,0.0031));
#7596=CARTESIAN_POINT('',(-0.0418579948121525,0.0303493422675551,0.0031));
#7597=CARTESIAN_POINT('',(-0.0422991517737343,0.031758675843214,0.0031));
#7598=CARTESIAN_POINT('',(-0.0408254561001279,0.0316634831238211,0.0031));
#7599=CARTESIAN_POINT('',(-0.0408254561001279,0.0316634831238211,0.0031));
#7600=CARTESIAN_POINT('',(-0.040027583544375,0.0272986554760159,0.0031));
#7601=CARTESIAN_POINT('',(-0.0381971722765974,0.0242479686844767,0.0031));
#7602=CARTESIAN_POINT('',(-0.0381971722765974,0.0242479686844767,0.0031));
#7603=CARTESIAN_POINT('',(-0.040027583544375,0.0272986554760159,0.0031));
#7604=CARTESIAN_POINT('',(-0.0358504881758704,0.0242479686844767,0.0031));
#7605=CARTESIAN_POINT('',(-0.0335038040751435,0.0242479686844767,0.0031));
#7606=CARTESIAN_POINT('',(-0.0335038040751435,0.0242479686844767,0.0031));
#7607=CARTESIAN_POINT('',(-0.0358504881758704,0.0242479686844767,0.0031));
#7608=CARTESIAN_POINT('',(-0.0338792723590352,0.0265477170455874,0.0031));
#7609=CARTESIAN_POINT('',(-0.0342547406429268,0.0288474654066981,0.0031));
#7610=CARTESIAN_POINT('',(-0.0342547406429268,0.0288474654066981,0.0031));
#7611=CARTESIAN_POINT('',(-0.0338792723590352,0.0265477170455874,0.0031));
#7612=CARTESIAN_POINT('',(-0.0375400983715273,0.0302554742652596,0.0031));
#7613=CARTESIAN_POINT('',(-0.0375400983715273,0.0302554742652596,0.0031));
#7614=CARTESIAN_POINT('',(-0.0458112152243765,-0.00617044534739068,0.0031));
#7615=CARTESIAN_POINT('',(-0.0435235243688959,0.0357506930135889,0.0031));
#7616=CARTESIAN_POINT('',(-0.0408254561001279,0.0327898917007864,0.0031));
#7617=CARTESIAN_POINT('',(-0.0408254561001279,0.0327898917007864,0.0031));
#7618=CARTESIAN_POINT('',(-0.0435235243688959,0.0357506930135889,0.0031));
#7619=CARTESIAN_POINT('',(-0.0397929136628129,0.0342917685616434,0.0031));
#7620=CARTESIAN_POINT('',(-0.0397929136628129,0.0342917685616434,0.0031));
#7621=CARTESIAN_POINT('',(-0.0373992972994067,0.0314757489818753,0.0031));
#7622=CARTESIAN_POINT('',(-0.0339731384986856,0.0301616062629641,0.0031));
#7623=CARTESIAN_POINT('',(-0.0339731384986856,0.0301616062629641,0.0031));
#7624=CARTESIAN_POINT('',(-0.0373992972994067,0.0314757489818753,0.0031));
#7625=CARTESIAN_POINT('',(-0.0320488602841117,0.0309125446933926,0.0031));
#7626=CARTESIAN_POINT('',(-0.0301245820695378,0.0316634831238211,0.0031));
#7627=CARTESIAN_POINT('',(-0.0301245820695378,0.0316634831238211,0.0031));
#7628=CARTESIAN_POINT('',(-0.0320488602841117,0.0309125446933926,0.0031));
#7629=CARTESIAN_POINT('',(-0.0320488602841117,0.0333530959892691,0.0031));
#7630=CARTESIAN_POINT('',(-0.0339731384986856,0.0350427088547171,0.0031));
#7631=CARTESIAN_POINT('',(-0.0339731384986856,0.0350427088547171,0.0031));
#7632=CARTESIAN_POINT('',(-0.0320488602841117,0.0333530959892691,0.0031));
#7633=CARTESIAN_POINT('',(-0.0368830260807492,0.0346672387081803,0.0031));
#7634=CARTESIAN_POINT('',(-0.0368830260807492,0.0346672387081803,0.0031));
#7635=CARTESIAN_POINT('',(-0.0458112152243765,-0.00617044534739068,0.0031));
#7636=CARTESIAN_POINT('',(-0.0422334630960442,0.0272047874737204,0.0031));
#7637=CARTESIAN_POINT('',(-0.0433598716730096,0.0301616062629641,0.0031));
#7638=CARTESIAN_POINT('',(-0.0433598716730096,0.0301616062629641,0.0031));
#7639=CARTESIAN_POINT('',(-0.0422334630960442,0.0272047874737204,0.0031));
#7640=CARTESIAN_POINT('',(-0.0411070545190789,0.0242479686844767,0.0031));
#7641=CARTESIAN_POINT('',(-0.0411070545190789,0.0242479686844767,0.0031));
#7642=CARTESIAN_POINT('',(-0.0451902838410643,0.0335877685095821,0.0031));
#7643=CARTESIAN_POINT('',(-0.0468329635435559,0.0300677401233138,0.0031));
#7644=CARTESIAN_POINT('',(-0.0468329635435559,0.0300677401233138,0.0031));
#7645=CARTESIAN_POINT('',(-0.0451902838410643,0.0335877685095821,0.0031));
#7646=CARTESIAN_POINT('',(-0.0475590533467036,0.0271578544038952,0.0031));
#7647=CARTESIAN_POINT('',(-0.0482851431498513,0.0242479686844767,0.0031));
#7648=CARTESIAN_POINT('',(-0.0482851431498513,0.0242479686844767,0.0031));
#7649=CARTESIAN_POINT('',(-0.0475590533467036,0.0271578544038952,0.0031));
#7650=CARTESIAN_POINT('',(-0.0462918436976176,0.0224644896793783,0.0031));
#7651=CARTESIAN_POINT('',(-0.0442985442453839,0.02068101067428,0.0031));
#7652=CARTESIAN_POINT('',(-0.0442985442453839,0.02068101067428,0.0031));
#7653=CARTESIAN_POINT('',(-0.0462918436976176,0.0224644896793783,0.0031));
#7654=CARTESIAN_POINT('',(-0.0427027993822314,0.0224644896793783,0.0031));
#7655=CARTESIAN_POINT('',(-0.0427027993822314,0.0224644896793783,0.0031));
#7656=CARTESIAN_POINT('',(-0.0458112152243765,-0.00617044534739068,0.0031));
#7657=CARTESIAN_POINT('',(-0.049226578044317,0.0272986554760159,0.0031));
#7658=CARTESIAN_POINT('',(-0.0482409705394723,0.0303493422675551,0.0031));
#7659=CARTESIAN_POINT('',(-0.0482409705394723,0.0303493422675551,0.0031));
#7660=CARTESIAN_POINT('',(-0.049226578044317,0.0272986554760159,0.0031));
#7661=CARTESIAN_POINT('',(-0.0502121855491616,0.0242479686844767,0.0031));
#7662=CARTESIAN_POINT('',(-0.0502121855491616,0.0242479686844767,0.0031));
#7663=CARTESIAN_POINT('',(-0.0479124412858414,0.0332122858833699,0.0031));
#7664=CARTESIAN_POINT('',(-0.0502121855491616,0.0314757508445205,0.0031));
#7665=CARTESIAN_POINT('',(-0.0502121855491616,0.0314757508445205,0.0031));
#7666=CARTESIAN_POINT('',(-0.0479124412858414,0.0332122858833699,0.0031));
#7667=CARTESIAN_POINT('',(-0.0530282051289298,0.0297861398417176,0.0031));
#7668=CARTESIAN_POINT('',(-0.055844224708698,0.0280965288389147,0.0031));
#7669=CARTESIAN_POINT('',(-0.055844224708698,0.0280965288389147,0.0031));
#7670=CARTESIAN_POINT('',(-0.0530282051289298,0.0297861398417176,0.0031));
#7671=CARTESIAN_POINT('',(-0.055844224708698,0.025609044473213,0.0031));
#7672=CARTESIAN_POINT('',(-0.055844224708698,0.0231215601075114,0.0031));
#7673=CARTESIAN_POINT('',(-0.055844224708698,0.0231215601075114,0.0031));
#7674=CARTESIAN_POINT('',(-0.055844224708698,0.025609044473213,0.0031));
#7675=CARTESIAN_POINT('',(-0.0530282051289298,0.0236847643959941,0.0031));
#7676=CARTESIAN_POINT('',(-0.0530282051289298,0.0236847643959941,0.0031));
#7677=CARTESIAN_POINT('',(-0.0458112152243765,-0.00617044534739068,0.0031));
#7678=CARTESIAN_POINT('',(-0.0456596200341203,0.0360187634629135,0.0031));
#7679=CARTESIAN_POINT('',(-0.0505876538330533,0.0360187634629135,0.0031));
#7680=CARTESIAN_POINT('',(-0.0505876538330533,0.0360187634629135,0.0031));
#7681=CARTESIAN_POINT('',(-0.0456596200341203,0.0360187634629135,0.0031));
#7682=CARTESIAN_POINT('',(-0.0407315862351873,0.0360187634629135,0.0031));
#7683=CARTESIAN_POINT('',(-0.0407315862351873,0.0360187634629135,0.0031));
#7684=CARTESIAN_POINT('',(-0.0456596200341203,0.0360187634629135,0.0031));
#7685=CARTESIAN_POINT('',(-0.0456596200341203,0.0360187634629135,0.0031));
#7686=CARTESIAN_POINT('',(-0.0458112152243765,-0.00617044534739068,0.0031));
#7687=MECHANICAL_DESIGN_GEOMETRIC_PRESENTATION_REPRESENTATION('',(#4039,
#76,#77,#78,#79,#80,#81,#82,#83,#84,#85),#7688);
#7688=(
GEOMETRIC_REPRESENTATION_CONTEXT(3)
GLOBAL_UNCERTAINTY_ASSIGNED_CONTEXT((#7689))
GLOBAL_UNIT_ASSIGNED_CONTEXT((#7692,#7691,#7690))
REPRESENTATION_CONTEXT('Part 1','TOP_LEVEL_ASSEMBLY_PART')
);
#7689=UNCERTAINTY_MEASURE_WITH_UNIT(LENGTH_MEASURE(2.E-5),#7692,
'DISTANCE_ACCURACY_VALUE','Maximum Tolerance applied to model');
#7690=(
NAMED_UNIT(*)
SI_UNIT($,.STERADIAN.)
SOLID_ANGLE_UNIT()
);
#7691=(
NAMED_UNIT(*)
PLANE_ANGLE_UNIT()
SI_UNIT($,.RADIAN.)
);
#7692=(
LENGTH_UNIT()
NAMED_UNIT(*)
SI_UNIT($,.METRE.)
);
#7693=PRODUCT_DEFINITION_SHAPE('','',#7694);
#7694=PRODUCT_DEFINITION('','',#7696,#7695);
#7695=PRODUCT_DEFINITION_CONTEXT('',#7702,'design');
#7696=PRODUCT_DEFINITION_FORMATION_WITH_SPECIFIED_SOURCE('','',#7698,
 .NOT_KNOWN.);
#7697=PRODUCT_RELATED_PRODUCT_CATEGORY('','',(#7698));
#7698=PRODUCT('Part 1','Part 1','Part 1',(#7700));
#7699=PRODUCT_CATEGORY('','');
#7700=PRODUCT_CONTEXT('',#7702,'mechanical');
#7701=APPLICATION_PROTOCOL_DEFINITION('international standard',
'ap242_managed_model_based_3d_engineering',2020,#7702);
#7702=APPLICATION_CONTEXT('managed model based 3d engineering');
ENDSEC;
END-ISO-10303-21;
